mu1,mu2,model_label,n_tot,n_p,n_s,global_coeff_1based,local_secondary_coeff_1based,abs_error_l2_time,ref_l2_time,rel_error_percent
4.56,0.019,ANN (n_s=131),151,20,131,21,1,234.46740231558417,285.15477504054377,82.22461022518287
4.56,0.019,ANN (n_s=131),151,20,131,22,2,231.51907831247865,261.07002235009236,88.6808359797104
4.56,0.019,ANN (n_s=131),151,20,131,23,3,226.55490819378485,248.7434360698395,91.07975340912121
4.56,0.019,ANN (n_s=131),151,20,131,24,4,215.50974529583473,232.03534030870765,92.8779835903933
4.56,0.019,ANN (n_s=131),151,20,131,25,5,214.3242710280103,217.23156713702488,98.66166038972563
4.56,0.019,ANN (n_s=131),151,20,131,26,6,213.45172302477798,206.57590628041444,103.32846984344341
4.56,0.019,ANN (n_s=131),151,20,131,27,7,196.34898092893718,191.8455867395503,102.3474056744921
4.56,0.019,ANN (n_s=131),151,20,131,28,8,187.4480676819575,183.51579708141912,102.14274229416543
4.56,0.019,ANN (n_s=131),151,20,131,29,9,168.85009545145385,167.8838396102995,100.57555023961643
4.56,0.019,ANN (n_s=131),151,20,131,30,10,152.69389285854692,154.7634027050166,98.66279119591714
4.56,0.019,ANN (n_s=131),151,20,131,31,11,148.0261152674843,146.08320317664348,101.33000375716806
4.56,0.019,ANN (n_s=131),151,20,131,32,12,154.73504874691974,152.31775516987844,101.58700709207888
4.56,0.019,ANN (n_s=131),151,20,131,33,13,144.21148203379192,143.05535235874785,100.8081694644635
4.56,0.019,ANN (n_s=131),151,20,131,34,14,127.08446231383861,124.87878019552873,101.76625853876563
4.56,0.019,ANN (n_s=131),151,20,131,35,15,118.14052996573476,122.6115262171799,96.3535269567351
4.56,0.019,ANN (n_s=131),151,20,131,36,16,102.71695957157417,104.02278528336822,98.7446733826278
4.56,0.019,ANN (n_s=131),151,20,131,37,17,112.25154571099579,106.84262675505808,105.06251027348655
4.56,0.019,ANN (n_s=131),151,20,131,38,18,112.3114624551466,122.19439223863257,91.9121249327173
4.56,0.019,ANN (n_s=131),151,20,131,39,19,109.9896297459678,110.77826605297325,99.28809473635529
4.56,0.019,ANN (n_s=131),151,20,131,40,20,92.74317829431267,106.27015411982703,87.27114311863917
4.56,0.019,ANN (n_s=131),151,20,131,41,21,97.74964659368422,107.5519443432549,90.8859874087572
4.56,0.019,ANN (n_s=131),151,20,131,42,22,90.56591506926992,106.12795411190513,85.33653157373972
4.56,0.019,ANN (n_s=131),151,20,131,43,23,77.67760912467854,92.1181977931698,84.32384804041186
4.56,0.019,ANN (n_s=131),151,20,131,44,24,106.67547172095408,99.73656689753918,106.95723247677388
4.56,0.019,ANN (n_s=131),151,20,131,45,25,96.07110872928033,94.70390580674804,101.4436605448166
4.56,0.019,ANN (n_s=131),151,20,131,46,26,88.65706303942838,86.97475950670842,101.93424338539297
4.56,0.019,ANN (n_s=131),151,20,131,47,27,90.99222629650357,86.82296561844338,104.80202518810823
4.56,0.019,ANN (n_s=131),151,20,131,48,28,76.1363935387157,85.78800427195256,88.74946350000083
4.56,0.019,ANN (n_s=131),151,20,131,49,29,90.866347985872,82.6164074553664,109.98583790388446
4.56,0.019,ANN (n_s=131),151,20,131,50,30,84.05999167344524,76.44357202821938,109.96345335931481
4.56,0.019,ANN (n_s=131),151,20,131,51,31,78.84038223501372,80.0419801270798,98.49879039704123
4.56,0.019,ANN (n_s=131),151,20,131,52,32,89.70443386215591,72.95290337468802,122.96211625935103
4.56,0.019,ANN (n_s=131),151,20,131,53,33,87.14355459200503,76.78509512378666,113.4901955275556
4.56,0.019,ANN (n_s=131),151,20,131,54,34,72.58573710859966,71.9428553152084,100.89360060922596
4.56,0.019,ANN (n_s=131),151,20,131,55,35,96.82926159686566,72.70191755692801,133.1866680422083
4.56,0.019,ANN (n_s=131),151,20,131,56,36,85.54695282654949,69.99467686602763,122.21922674246996
4.56,0.019,ANN (n_s=131),151,20,131,57,37,88.74480385355452,72.79905206979346,121.90379040715206
4.56,0.019,ANN (n_s=131),151,20,131,58,38,106.01747450551453,67.45129978632069,157.17632549909018
4.56,0.019,ANN (n_s=131),151,20,131,59,39,70.51264248848054,69.51842971275073,101.43014274033214
4.56,0.019,ANN (n_s=131),151,20,131,60,40,118.08111313969079,64.49922125872774,183.07370358167321
4.56,0.019,ANN (n_s=131),151,20,131,61,41,93.26032046960596,72.72548181037921,128.23609847339102
4.56,0.019,ANN (n_s=131),151,20,131,62,42,75.75959077046909,64.90745376226248,116.71940028329396
4.56,0.019,ANN (n_s=131),151,20,131,63,43,73.95162173001276,60.38031151006408,122.47638324569861
4.56,0.019,ANN (n_s=131),151,20,131,64,44,70.40647285545853,57.14428335568313,123.20825237623082
4.56,0.019,ANN (n_s=131),151,20,131,65,45,98.72482027214912,58.59187001623926,168.49576612725733
4.56,0.019,ANN (n_s=131),151,20,131,66,46,100.72373952297613,57.08094315847006,176.4577351907859
4.56,0.019,ANN (n_s=131),151,20,131,67,47,85.28103509978654,55.047099435236674,154.92375797224395
4.56,0.019,ANN (n_s=131),151,20,131,68,48,97.73904463743482,52.47381616463028,186.26250534321792
4.56,0.019,ANN (n_s=131),151,20,131,69,49,70.79774916232371,53.064898970320606,133.4172881435639
4.56,0.019,ANN (n_s=131),151,20,131,70,50,85.53773737322615,52.36574125290374,163.34675176298205
4.56,0.019,ANN (n_s=131),151,20,131,71,51,89.56906788083946,51.25996309204636,174.7349441512517
4.56,0.019,ANN (n_s=131),151,20,131,72,52,69.1537526883487,49.3101238564563,140.2425045405645
4.56,0.019,ANN (n_s=131),151,20,131,73,53,92.43788007943355,49.85744987335465,185.40434842584116
4.56,0.019,ANN (n_s=131),151,20,131,74,54,53.414509409012936,47.61811445363352,112.17266794766402
4.56,0.019,ANN (n_s=131),151,20,131,75,55,57.59805162309579,48.937388024041475,117.69743737610105
4.56,0.019,ANN (n_s=131),151,20,131,76,56,56.42776647495597,53.08534496928324,106.29631682266877
4.56,0.019,ANN (n_s=131),151,20,131,77,57,65.49100227776165,46.45745188454769,140.96985439604956
4.56,0.019,ANN (n_s=131),151,20,131,78,58,68.49285888597333,44.86899341820426,152.65075872681467
4.56,0.019,ANN (n_s=131),151,20,131,79,59,42.142249996246086,38.11450528648976,110.56748521194638
4.56,0.019,ANN (n_s=131),151,20,131,80,60,75.45315525690133,43.71260427504372,172.61189651877785
4.56,0.019,ANN (n_s=131),151,20,131,81,61,70.82762599990379,42.30656740299899,167.4152037087344
4.56,0.019,ANN (n_s=131),151,20,131,82,62,52.68109446411245,44.12734085716196,119.38424895041504
4.56,0.019,ANN (n_s=131),151,20,131,83,63,70.53032321716631,40.60859982988302,173.68321861041986
4.56,0.019,ANN (n_s=131),151,20,131,84,64,65.36007848117194,42.919189439208886,152.2863766421976
4.56,0.019,ANN (n_s=131),151,20,131,85,65,67.44390677265454,38.38730811000494,175.69324366111658
4.56,0.019,ANN (n_s=131),151,20,131,86,66,62.033823058040475,40.95189260220432,151.47974639565592
4.56,0.019,ANN (n_s=131),151,20,131,87,67,64.46677516457443,36.38449251974828,177.18200997192426
4.56,0.019,ANN (n_s=131),151,20,131,88,68,71.10258918668079,36.091072681941604,197.00879996913315
4.56,0.019,ANN (n_s=131),151,20,131,89,69,55.68903402627216,35.060728483570244,158.83592964238753
4.56,0.019,ANN (n_s=131),151,20,131,90,70,55.93166578422154,33.69457160661348,165.99607330589544
4.56,0.019,ANN (n_s=131),151,20,131,91,71,53.15982629535907,35.95122068644328,147.86654049664835
4.56,0.019,ANN (n_s=131),151,20,131,92,72,66.59643050156373,35.381411332147955,188.22434717592355
4.56,0.019,ANN (n_s=131),151,20,131,93,73,62.80668647470921,33.01805358305483,190.21922754084505
4.56,0.019,ANN (n_s=131),151,20,131,94,74,65.84275135511595,34.772571776805336,189.35254998606587
4.56,0.019,ANN (n_s=131),151,20,131,95,75,42.36273248649222,31.435906399745146,134.7590616532554
4.56,0.019,ANN (n_s=131),151,20,131,96,76,57.29533120208174,31.33279306754335,182.86059298502875
4.56,0.019,ANN (n_s=131),151,20,131,97,77,40.71794106024898,27.849895084166995,146.2050070105924
4.56,0.019,ANN (n_s=131),151,20,131,98,78,58.913843569268515,29.92972158716103,196.84060006271764
4.56,0.019,ANN (n_s=131),151,20,131,99,79,40.510624765970974,30.1478135489837,134.3733425316232
4.56,0.019,ANN (n_s=131),151,20,131,100,80,56.78906935768773,31.354532392893162,181.11917169129774
4.56,0.019,ANN (n_s=131),151,20,131,101,81,55.78456051512083,28.62045780564059,194.9114891660701
4.56,0.019,ANN (n_s=131),151,20,131,102,82,48.30393888643682,31.566989205861393,153.02041816983828
4.56,0.019,ANN (n_s=131),151,20,131,103,83,30.43431532782396,21.8865575711995,139.05482956292974
4.56,0.019,ANN (n_s=131),151,20,131,104,84,48.67806076504083,26.850312991560486,181.29420234446127
4.56,0.019,ANN (n_s=131),151,20,131,105,85,51.53469768494715,30.590366094950664,168.4670838033992
4.56,0.019,ANN (n_s=131),151,20,131,106,86,39.951439491451524,26.069442821531823,153.25007045587483
4.56,0.019,ANN (n_s=131),151,20,131,107,87,54.829754836606625,27.767327930083976,197.46140130827058
4.56,0.019,ANN (n_s=131),151,20,131,108,88,46.21239530211097,24.541593105325816,188.30234493653282
4.56,0.019,ANN (n_s=131),151,20,131,109,89,43.022436739506404,21.741589152495667,197.88082847921885
4.56,0.019,ANN (n_s=131),151,20,131,110,90,47.165267952486126,24.253844611081668,194.4651196904929
4.56,0.019,ANN (n_s=131),151,20,131,111,91,55.32129329554152,27.905179589247386,198.24740105545962
4.56,0.019,ANN (n_s=131),151,20,131,112,92,37.30211828157334,23.33779491032172,159.8356589596884
4.56,0.019,ANN (n_s=131),151,20,131,113,93,39.66421253802429,23.73418426398097,167.11849919450884
4.56,0.019,ANN (n_s=131),151,20,131,114,94,45.55145705855191,20.160269186301157,225.94667083862151
4.56,0.019,ANN (n_s=131),151,20,131,115,95,59.11336803487685,22.305282781307806,265.0195857835742
4.56,0.019,ANN (n_s=131),151,20,131,116,96,47.91628783889418,25.443310360427954,188.32568231144364
4.56,0.019,ANN (n_s=131),151,20,131,117,97,53.67260274949722,21.68879617974885,247.4669516218338
4.56,0.019,ANN (n_s=131),151,20,131,118,98,42.60910543901123,21.155517058638157,201.40895313930986
4.56,0.019,ANN (n_s=131),151,20,131,119,99,45.294900600803686,19.279051296957512,234.94361783223127
4.56,0.019,ANN (n_s=131),151,20,131,120,100,37.638182690932084,21.559895638698613,174.574976250692
4.56,0.019,ANN (n_s=131),151,20,131,121,101,46.30257752089042,21.383069251224597,216.538500515957
4.56,0.019,ANN (n_s=131),151,20,131,122,102,49.527260439120774,21.37762836234466,231.67799345955473
4.56,0.019,ANN (n_s=131),151,20,131,123,103,45.14552780677184,15.722715118468155,287.1356980432926
4.56,0.019,ANN (n_s=131),151,20,131,124,104,40.954819515223,18.69280617185489,219.09401477070497
4.56,0.019,ANN (n_s=131),151,20,131,125,105,50.34875987517366,21.903760762898887,229.86353996550034
4.56,0.019,ANN (n_s=131),151,20,131,126,106,43.37469599476205,18.909949214485394,229.37499991557976
4.56,0.019,ANN (n_s=131),151,20,131,127,107,35.692955667313875,17.615384112532222,202.6237715811182
4.56,0.019,ANN (n_s=131),151,20,131,128,108,30.387024140108988,19.60508863150677,154.99559686394318
4.56,0.019,ANN (n_s=131),151,20,131,129,109,29.714549439051854,17.859552316526198,166.37902738220222
4.56,0.019,ANN (n_s=131),151,20,131,130,110,36.60938542844846,19.466229585289682,188.06613406077153
4.56,0.019,ANN (n_s=131),151,20,131,131,111,34.48000711223727,17.57946171176351,196.13801422124632
4.56,0.019,ANN (n_s=131),151,20,131,132,112,54.67590885972377,15.257611947355771,358.35168077661984
4.56,0.019,ANN (n_s=131),151,20,131,133,113,31.155687429979174,16.75457928903099,185.9532662236193
4.56,0.019,ANN (n_s=131),151,20,131,134,114,38.116756041982654,16.78426546334784,227.0981481150845
4.56,0.019,ANN (n_s=131),151,20,131,135,115,45.65909243529284,17.11457030572802,266.78491846220265
4.56,0.019,ANN (n_s=131),151,20,131,136,116,39.592835244374335,17.035204645083283,232.4177259344029
4.56,0.019,ANN (n_s=131),151,20,131,137,117,31.773990920106353,17.9197516359933,177.31267467058902
4.56,0.019,ANN (n_s=131),151,20,131,138,118,35.51903047795407,16.235626633855883,218.7721563138612
4.56,0.019,ANN (n_s=131),151,20,131,139,119,30.84273206383331,17.22903728809098,179.01599229315246
4.56,0.019,ANN (n_s=131),151,20,131,140,120,30.187387121273826,15.824668453549034,190.7615771533187
4.56,0.019,ANN (n_s=131),151,20,131,141,121,53.17338689109294,16.948029538207624,313.74377045555
4.56,0.019,ANN (n_s=131),151,20,131,142,122,46.048774672991215,15.42511828795791,298.53109592644483
4.56,0.019,ANN (n_s=131),151,20,131,143,123,27.426916890862284,15.901846545412461,172.47630212338265
4.56,0.019,ANN (n_s=131),151,20,131,144,124,42.34484569441174,17.613641478811267,240.40937670584157
4.56,0.019,ANN (n_s=131),151,20,131,145,125,36.84396933135201,16.328543305556316,225.64149564287618
4.56,0.019,ANN (n_s=131),151,20,131,146,126,35.14424111443463,18.108926955065954,194.07136160877306
4.56,0.019,ANN (n_s=131),151,20,131,147,127,24.881060938656024,17.38036016948162,143.1561871907866
4.56,0.019,ANN (n_s=131),151,20,131,148,128,41.88634823920667,23.710264835378347,176.65913278500201
4.56,0.019,ANN (n_s=131),151,20,131,149,129,40.375178325957975,14.51822323832296,278.0999965573048
4.56,0.019,ANN (n_s=131),151,20,131,150,130,27.876303115785323,16.575135688990034,168.18144743335068
4.56,0.019,ANN (n_s=131),151,20,131,151,131,35.79555318223215,20.232553259908276,176.92059288020096
4.56,0.019,ANN (n_s=141),151,10,141,11,1,33.6329573247545,651.6938510107866,5.160852334664397
4.56,0.019,ANN (n_s=141),151,10,141,12,2,29.761231676666398,589.107343234116,5.051919997004527
4.56,0.019,ANN (n_s=141),151,10,141,13,3,29.591216570795943,517.4791495039825,5.718339878845343
4.56,0.019,ANN (n_s=141),151,10,141,14,4,30.809144141212915,469.151731222723,6.566989332196819
4.56,0.019,ANN (n_s=141),151,10,141,15,5,28.84515460736585,429.2145841940655,6.7204507184974345
4.56,0.019,ANN (n_s=141),151,10,141,16,6,27.308992931460498,390.7320219814855,6.989187318963714
4.56,0.019,ANN (n_s=141),151,10,141,17,7,26.05764455120376,371.30642379595724,7.017827562693375
4.56,0.019,ANN (n_s=141),151,10,141,18,8,24.707899314167857,337.1564944176357,7.328317776243748
4.56,0.019,ANN (n_s=141),151,10,141,19,9,25.48463629520475,325.7340343414989,7.823756073486233
4.56,0.019,ANN (n_s=141),151,10,141,20,10,24.37690081764066,295.249986416062,8.2563596745739
4.56,0.019,ANN (n_s=141),151,10,141,21,11,23.166876012006597,285.15477504054377,8.124316350204092
4.56,0.019,ANN (n_s=141),151,10,141,22,12,22.79595844183776,261.07002235009236,8.73174110019748
4.56,0.019,ANN (n_s=141),151,10,141,23,13,22.2331881118977,248.7434360698395,8.93820092830723
4.56,0.019,ANN (n_s=141),151,10,141,24,14,22.056995284320546,232.03534030870765,9.50587753355811
4.56,0.019,ANN (n_s=141),151,10,141,25,15,20.79861159363804,217.23156713702488,9.574396515087852
4.56,0.019,ANN (n_s=141),151,10,141,26,16,21.12115847708426,206.57590628041444,10.224405574391405
4.56,0.019,ANN (n_s=141),151,10,141,27,17,20.768859580167653,191.8455867395503,10.825820876642563
4.56,0.019,ANN (n_s=141),151,10,141,28,18,20.873457086307013,183.51579708141912,11.374201795307156
4.56,0.019,ANN (n_s=141),151,10,141,29,19,19.736333925496165,167.8838396102995,11.75594623717753
4.56,0.019,ANN (n_s=141),151,10,141,30,20,18.797527805779804,154.7634027050166,12.145977328767074
4.56,0.019,ANN (n_s=141),151,10,141,31,21,16.566464898787665,146.08320317664348,11.340431027347842
4.56,0.019,ANN (n_s=141),151,10,141,32,22,18.711663252049426,152.31775516987844,12.284623832054576
4.56,0.019,ANN (n_s=141),151,10,141,33,23,18.040448693396048,143.05535235874785,12.610816999111652
4.56,0.019,ANN (n_s=141),151,10,141,34,24,16.16689921906692,124.87878019552873,12.946073939666631
4.56,0.019,ANN (n_s=141),151,10,141,35,25,15.950904783254643,122.6115262171799,13.009302857058522
4.56,0.019,ANN (n_s=141),151,10,141,36,26,15.450307361093277,104.02278528336822,14.852810678934553
4.56,0.019,ANN (n_s=141),151,10,141,37,27,17.283095363280978,106.84262675505808,16.176217197376957
4.56,0.019,ANN (n_s=141),151,10,141,38,28,16.99381451936505,122.19439223863257,13.907196728126399
4.56,0.019,ANN (n_s=141),151,10,141,39,29,15.700820903118526,110.77826605297325,14.173196117377865
4.56,0.019,ANN (n_s=141),151,10,141,40,30,15.038253852126324,106.27015411982703,14.150966446486605
4.56,0.019,ANN (n_s=141),151,10,141,41,31,17.86927235016233,107.5519443432549,16.61455072642115
4.56,0.019,ANN (n_s=141),151,10,141,42,32,15.796074345236407,106.12795411190513,14.883990252540306
4.56,0.019,ANN (n_s=141),151,10,141,43,33,15.237890539422034,92.1181977931698,16.541672443087965
4.56,0.019,ANN (n_s=141),151,10,141,44,34,16.61977685873594,99.73656689753918,16.663674493437973
4.56,0.019,ANN (n_s=141),151,10,141,45,35,14.955090015557255,94.70390580674804,15.79141840894554
4.56,0.019,ANN (n_s=141),151,10,141,46,36,15.234647647506858,86.97475950670842,17.51617105228305
4.56,0.019,ANN (n_s=141),151,10,141,47,37,13.703511252450294,86.82296561844338,15.783279406364027
4.56,0.019,ANN (n_s=141),151,10,141,48,38,15.014231337002329,85.78800427195256,17.501551020357596
4.56,0.019,ANN (n_s=141),151,10,141,49,39,15.11290888684207,82.6164074553664,18.292866214264805
4.56,0.019,ANN (n_s=141),151,10,141,50,40,12.348405220605418,76.44357202821938,16.153621413775596
4.56,0.019,ANN (n_s=141),151,10,141,51,41,13.80214548936912,80.0419801270798,17.243633237778408
4.56,0.019,ANN (n_s=141),151,10,141,52,42,13.400974606343167,72.95290337468802,18.36935061722686
4.56,0.019,ANN (n_s=141),151,10,141,53,43,14.98469187150188,76.78509512378666,19.515104913713767
4.56,0.019,ANN (n_s=141),151,10,141,54,44,15.979484156803295,71.9428553152084,22.211356620183107
4.56,0.019,ANN (n_s=141),151,10,141,55,45,13.194378636249438,72.70191755692801,18.148597835700553
4.56,0.019,ANN (n_s=141),151,10,141,56,46,17.174129349446037,69.99467686602763,24.536336359289074
4.56,0.019,ANN (n_s=141),151,10,141,57,47,11.64058054367598,72.79905206979346,15.990016645431036
4.56,0.019,ANN (n_s=141),151,10,141,58,48,13.93673724902412,67.45129978632069,20.661925408664295
4.56,0.019,ANN (n_s=141),151,10,141,59,49,14.39806990989565,69.51842971275073,20.71115525679779
4.56,0.019,ANN (n_s=141),151,10,141,60,50,13.015901646414768,64.49922125872774,20.17993611768377
4.56,0.019,ANN (n_s=141),151,10,141,61,51,12.958369897435654,72.72548181037921,17.818197383996246
4.56,0.019,ANN (n_s=141),151,10,141,62,52,11.231463514767562,64.90745376226248,17.303811602139277
4.56,0.019,ANN (n_s=141),151,10,141,63,53,12.439772096922033,60.38031151006408,20.602364886521983
4.56,0.019,ANN (n_s=141),151,10,141,64,54,11.822255078517031,57.14428335568313,20.68843003058027
4.56,0.019,ANN (n_s=141),151,10,141,65,55,13.768324814716632,58.59187001623926,23.49869497406486
4.56,0.019,ANN (n_s=141),151,10,141,66,56,12.319881538816977,57.08094315847006,21.58317795242819
4.56,0.019,ANN (n_s=141),151,10,141,67,57,14.954102174046458,55.047099435236674,27.16601297338123
4.56,0.019,ANN (n_s=141),151,10,141,68,58,12.231998655887486,52.47381616463028,23.310671016399994
4.56,0.019,ANN (n_s=141),151,10,141,69,59,13.05812459700894,53.064898970320606,24.6078384212366
4.56,0.019,ANN (n_s=141),151,10,141,70,60,12.33817464369343,52.36574125290374,23.561539182851277
4.56,0.019,ANN (n_s=141),151,10,141,71,61,12.764767939334906,51.25996309204636,24.90202327382386
4.56,0.019,ANN (n_s=141),151,10,141,72,62,13.117749311679498,49.3101238564563,26.602547886242952
4.56,0.019,ANN (n_s=141),151,10,141,73,63,12.284493172761756,49.85744987335465,24.63923286081859
4.56,0.019,ANN (n_s=141),151,10,141,74,64,14.315643504570085,47.61811445363352,30.063440497018092
4.56,0.019,ANN (n_s=141),151,10,141,75,65,11.729815191568532,48.937388024041475,23.96902586179308
4.56,0.019,ANN (n_s=141),151,10,141,76,66,12.20127332867926,53.08534496928324,22.98425928236744
4.56,0.019,ANN (n_s=141),151,10,141,77,67,12.81129626113378,46.45745188454769,27.57640753300758
4.56,0.019,ANN (n_s=141),151,10,141,78,68,10.257252152298587,44.86899341820426,22.86044631466373
4.56,0.019,ANN (n_s=141),151,10,141,79,69,12.034370794608998,38.11450528648976,31.574254221987125
4.56,0.019,ANN (n_s=141),151,10,141,80,70,11.201896441893089,43.71260427504372,25.62623899370014
4.56,0.019,ANN (n_s=141),151,10,141,81,71,12.652483366415696,42.30656740299899,29.906664953202508
4.56,0.019,ANN (n_s=141),151,10,141,82,72,11.233153254675157,44.12734085716196,25.45622064795684
4.56,0.019,ANN (n_s=141),151,10,141,83,73,10.913918879370975,40.60859982988302,26.875880786561
4.56,0.019,ANN (n_s=141),151,10,141,84,74,11.583599516580003,42.919189439208886,26.989324980116677
4.56,0.019,ANN (n_s=141),151,10,141,85,75,12.20575676264247,38.38730811000494,31.79633416249176
4.56,0.019,ANN (n_s=141),151,10,141,86,76,13.105248896209574,40.95189260220432,32.001570778450805
4.56,0.019,ANN (n_s=141),151,10,141,87,77,10.801005841972053,36.38449251974828,29.68573997867259
4.56,0.019,ANN (n_s=141),151,10,141,88,78,10.050843670556137,36.091072681941604,27.848559002750672
4.56,0.019,ANN (n_s=141),151,10,141,89,79,8.345405008918734,35.060728483570244,23.80271423290438
4.56,0.019,ANN (n_s=141),151,10,141,90,80,11.244442166527975,33.69457160661348,33.371672736509716
4.56,0.019,ANN (n_s=141),151,10,141,91,81,10.981223462510302,35.95122068644328,30.544786109727767
4.56,0.019,ANN (n_s=141),151,10,141,92,82,11.085784978551345,35.381411332147955,31.33222944240971
4.56,0.019,ANN (n_s=141),151,10,141,93,83,10.786719354900466,33.01805358305483,32.66915576282276
4.56,0.019,ANN (n_s=141),151,10,141,94,84,12.241790115586495,34.772571776805336,35.205305475139596
4.56,0.019,ANN (n_s=141),151,10,141,95,85,12.467019513158807,31.435906399745146,39.65853363547322
4.56,0.019,ANN (n_s=141),151,10,141,96,86,9.88697241741499,31.33279306754335,31.554711372528715
4.56,0.019,ANN (n_s=141),151,10,141,97,87,8.998321522969174,27.849895084166995,32.31007332621813
4.56,0.019,ANN (n_s=141),151,10,141,98,88,10.162972952360567,29.92972158716103,33.95612258792338
4.56,0.019,ANN (n_s=141),151,10,141,99,89,9.681822044625898,30.1478135489837,32.11450816788098
4.56,0.019,ANN (n_s=141),151,10,141,100,90,13.066250549442007,31.354532392893162,41.67260536917977
4.56,0.019,ANN (n_s=141),151,10,141,101,91,11.13018499379659,28.62045780564059,38.88891320111248
4.56,0.019,ANN (n_s=141),151,10,141,102,92,9.694031055854943,31.566989205861393,30.70939389447678
4.56,0.019,ANN (n_s=141),151,10,141,103,93,6.115172478182659,21.8865575711995,27.940312030748995
4.56,0.019,ANN (n_s=141),151,10,141,104,94,10.638953503291152,26.850312991560486,39.62320106523584
4.56,0.019,ANN (n_s=141),151,10,141,105,95,14.612966786910693,30.590366094950664,47.76983296490444
4.56,0.019,ANN (n_s=141),151,10,141,106,96,10.852486517917797,26.069442821531823,41.62914640029929
4.56,0.019,ANN (n_s=141),151,10,141,107,97,11.42130315842548,27.767327930083976,41.13216506530068
4.56,0.019,ANN (n_s=141),151,10,141,108,98,10.904598878457083,24.541593105325816,44.433133707569525
4.56,0.019,ANN (n_s=141),151,10,141,109,99,10.184414158980475,21.741589152495667,46.843007139666376
4.56,0.019,ANN (n_s=141),151,10,141,110,100,11.627029247117042,24.253844611081668,47.938912092331165
4.56,0.019,ANN (n_s=141),151,10,141,111,101,11.517577550768621,27.905179589247386,41.27397752067022
4.56,0.019,ANN (n_s=141),151,10,141,112,102,10.408328562214722,23.33779491032172,44.59859469247191
4.56,0.019,ANN (n_s=141),151,10,141,113,103,8.967690239785169,23.73418426398097,37.783856988902485
4.56,0.019,ANN (n_s=141),151,10,141,114,104,6.469671178805139,20.160269186301157,32.09119441322372
4.56,0.019,ANN (n_s=141),151,10,141,115,105,11.811402347348922,22.305282781307806,52.95338536235493
4.56,0.019,ANN (n_s=141),151,10,141,116,106,13.9136570196704,25.443310360427954,54.68493219856464
4.56,0.019,ANN (n_s=141),151,10,141,117,107,12.034043406276997,21.68879617974885,55.485068449826464
4.56,0.019,ANN (n_s=141),151,10,141,118,108,8.23364965495812,21.155517058638157,38.91963326699302
4.56,0.019,ANN (n_s=141),151,10,141,119,109,11.240959688443251,19.279051296957512,58.30660189289098
4.56,0.019,ANN (n_s=141),151,10,141,120,110,10.320813304119817,21.559895638698613,47.870423294603654
4.56,0.019,ANN (n_s=141),151,10,141,121,111,10.561025586638484,21.383069251224597,49.38966180467128
4.56,0.019,ANN (n_s=141),151,10,141,122,112,11.496381716082833,21.37762836234466,53.77762921696676
4.56,0.019,ANN (n_s=141),151,10,141,123,113,8.656758821319746,15.722715118468155,55.058930700533885
4.56,0.019,ANN (n_s=141),151,10,141,124,114,11.495502991356528,18.69280617185489,61.49693569639056
4.56,0.019,ANN (n_s=141),151,10,141,125,115,9.527840785516965,21.903760762898887,43.498652531192036
4.56,0.019,ANN (n_s=141),151,10,141,126,116,10.10107634228136,18.909949214485394,53.41672908642048
4.56,0.019,ANN (n_s=141),151,10,141,127,117,8.034183922264702,17.615384112532222,45.60890566416257
4.56,0.019,ANN (n_s=141),151,10,141,128,118,10.531587207237092,19.60508863150677,53.718641140505135
4.56,0.019,ANN (n_s=141),151,10,141,129,119,10.342030241784737,17.859552316526198,57.90755590337402
4.56,0.019,ANN (n_s=141),151,10,141,130,120,10.039268367772895,19.466229585289682,51.572742034027016
4.56,0.019,ANN (n_s=141),151,10,141,131,121,10.593842680667555,17.57946171176351,60.26261130384076
4.56,0.019,ANN (n_s=141),151,10,141,132,122,8.077357801835527,15.257611947355771,52.939856051558436
4.56,0.019,ANN (n_s=141),151,10,141,133,123,11.640337085306166,16.75457928903099,69.47555581372877
4.56,0.019,ANN (n_s=141),151,10,141,134,124,9.676443667910963,16.78426546334784,57.651874543104796
4.56,0.019,ANN (n_s=141),151,10,141,135,125,9.527230177783428,17.11457030572802,55.66736416744738
4.56,0.019,ANN (n_s=141),151,10,141,136,126,11.13554790525222,17.035204645083283,65.36785519900504
4.56,0.019,ANN (n_s=141),151,10,141,137,127,9.603630995872313,17.9197516359933,53.592433594797306
4.56,0.019,ANN (n_s=141),151,10,141,138,128,10.96636871917233,16.235626633855883,67.54509059911703
4.56,0.019,ANN (n_s=141),151,10,141,139,129,14.187750389300362,17.22903728809098,82.34789995554303
4.56,0.019,ANN (n_s=141),151,10,141,140,130,9.811637517947506,15.824668453549034,62.00216798695096
4.56,0.019,ANN (n_s=141),151,10,141,141,131,10.993536221164986,16.948029538207624,64.86616155808065
4.56,0.019,ANN (n_s=141),151,10,141,142,132,12.474830933087093,15.42511828795791,80.87348635002658
4.56,0.019,ANN (n_s=141),151,10,141,143,133,12.385297479325896,15.901846545412461,77.88590742563129
4.56,0.019,ANN (n_s=141),151,10,141,144,134,10.780115194590662,17.613641478811267,61.203216879137955
4.56,0.019,ANN (n_s=141),151,10,141,145,135,11.098999969500941,16.328543305556316,67.9729952746253
4.56,0.019,ANN (n_s=141),151,10,141,146,136,11.590094351092787,18.108926955065954,64.00210448609971
4.56,0.019,ANN (n_s=141),151,10,141,147,137,12.65091512176976,17.38036016948162,72.78856708610476
4.56,0.019,ANN (n_s=141),151,10,141,148,138,14.12322780451475,23.710264835378347,59.56587959929206
4.56,0.019,ANN (n_s=141),151,10,141,149,139,10.28295806022122,14.51822323832296,70.82793735446813
4.56,0.019,ANN (n_s=141),151,10,141,150,140,12.492299256738871,16.575135688990034,75.36770432013313
4.56,0.019,ANN (n_s=141),151,10,141,151,141,13.767888302269979,20.232553259908276,68.0481999746007
4.56,0.019,ANN (n_s=151),151,0,151,1,1,80.71876693534654,6216.832778314467,1.2983905119164447
4.56,0.019,ANN (n_s=151),151,0,151,2,2,57.6679420029048,2828.8013958133733,2.038599885034466
4.56,0.019,ANN (n_s=151),151,0,151,3,3,25.90796844679511,2199.4593194423887,1.1779244206873238
4.56,0.019,ANN (n_s=151),151,0,151,4,4,41.89489558825465,1578.319598818821,2.6543987427899802
4.56,0.019,ANN (n_s=151),151,0,151,5,5,35.57591037187399,1423.3108371171943,2.499517986101352
4.56,0.019,ANN (n_s=151),151,0,151,6,6,44.522340778943516,1129.5147825159975,3.9417227174105567
4.56,0.019,ANN (n_s=151),151,0,151,7,7,31.560877741135233,1099.8310838942825,2.869611361536033
4.56,0.019,ANN (n_s=151),151,0,151,8,8,26.919245541304353,1007.3659612332015,2.6722409310267183
4.56,0.019,ANN (n_s=151),151,0,151,9,9,22.0429012292174,845.5183497907682,2.6070281306930987
4.56,0.019,ANN (n_s=151),151,0,151,10,10,30.819739050872997,766.3098839623528,4.02183760067319
4.56,0.019,ANN (n_s=151),151,0,151,11,11,19.734154218956615,651.6938510107866,3.0281326405563984
4.56,0.019,ANN (n_s=151),151,0,151,12,12,20.099021859621445,589.107343234116,3.4117758147913513
4.56,0.019,ANN (n_s=151),151,0,151,13,13,28.02578200742508,517.4791495039825,5.415828257870589
4.56,0.019,ANN (n_s=151),151,0,151,14,14,30.97584532870975,469.151731222723,6.602521799925835
4.56,0.019,ANN (n_s=151),151,0,151,15,15,21.34231250840066,429.2145841940655,4.972410839318295
4.56,0.019,ANN (n_s=151),151,0,151,16,16,20.98515716673963,390.7320219814855,5.370728782432373
4.56,0.019,ANN (n_s=151),151,0,151,17,17,28.149645086104062,371.30642379595724,7.581243760429267
4.56,0.019,ANN (n_s=151),151,0,151,18,18,30.13121123705464,337.1564944176357,8.936862180009237
4.56,0.019,ANN (n_s=151),151,0,151,19,19,24.724382824008707,325.7340343414989,7.590359071317588
4.56,0.019,ANN (n_s=151),151,0,151,20,20,19.828608185198483,295.249986416062,6.715870989831749
4.56,0.019,ANN (n_s=151),151,0,151,21,21,24.26829752535841,285.15477504054377,8.510570276057242
4.56,0.019,ANN (n_s=151),151,0,151,22,22,21.484705002796765,261.07002235009236,8.229479895622019
4.56,0.019,ANN (n_s=151),151,0,151,23,23,18.770779698896707,248.7434360698395,7.546241217648231
4.56,0.019,ANN (n_s=151),151,0,151,24,24,23.55438715273513,232.03534030870765,10.151206760744971
4.56,0.019,ANN (n_s=151),151,0,151,25,25,19.411558211289012,217.23156713702488,8.935882784956677
4.56,0.019,ANN (n_s=151),151,0,151,26,26,22.035358421752058,206.57590628041444,10.666954737616097
4.56,0.019,ANN (n_s=151),151,0,151,27,27,27.569570686123743,191.8455867395503,14.370708836556252
4.56,0.019,ANN (n_s=151),151,0,151,28,28,24.358306509102956,183.51579708141912,13.27313882319138
4.56,0.019,ANN (n_s=151),151,0,151,29,29,20.982100816358994,167.8838396102995,12.497987218462308
4.56,0.019,ANN (n_s=151),151,0,151,30,30,23.476894802536926,154.7634027050166,15.169539046181704
4.56,0.019,ANN (n_s=151),151,0,151,31,31,22.86831788833049,146.08320317664348,15.654310277327484
4.56,0.019,ANN (n_s=151),151,0,151,32,32,17.485567538513255,152.31775516987844,11.479664677969932
4.56,0.019,ANN (n_s=151),151,0,151,33,33,17.95885964486,143.05535235874785,12.553783796794663
4.56,0.019,ANN (n_s=151),151,0,151,34,34,16.816743132061436,124.87878019552873,13.466453712736984
4.56,0.019,ANN (n_s=151),151,0,151,35,35,19.387927274522333,122.6115262171799,15.8124834366557
4.56,0.019,ANN (n_s=151),151,0,151,36,36,22.080940108533007,104.02278528336822,21.227022568548197
4.56,0.019,ANN (n_s=151),151,0,151,37,37,20.13180272713114,106.84262675505808,18.842482011682733
4.56,0.019,ANN (n_s=151),151,0,151,38,38,20.404911665803287,122.19439223863257,16.698730025150972
4.56,0.019,ANN (n_s=151),151,0,151,39,39,15.360288032268876,110.77826605297325,13.865795683174635
4.56,0.019,ANN (n_s=151),151,0,151,40,40,25.717941516658417,106.27015411982703,24.200530929558678
4.56,0.019,ANN (n_s=151),151,0,151,41,41,19.067922764768642,107.5519443432549,17.7290358451474
4.56,0.019,ANN (n_s=151),151,0,151,42,42,19.980733754527364,106.12795411190513,18.827022457682506
4.56,0.019,ANN (n_s=151),151,0,151,43,43,26.304853995766674,92.1181977931698,28.555545620668966
4.56,0.019,ANN (n_s=151),151,0,151,44,44,20.144759506577717,99.73656689753918,20.19796763936413
4.56,0.019,ANN (n_s=151),151,0,151,45,45,23.629109260701412,94.70390580674804,24.95051187109301
4.56,0.019,ANN (n_s=151),151,0,151,46,46,22.347273357934792,86.97475950670842,25.693975452971653
4.56,0.019,ANN (n_s=151),151,0,151,47,47,20.13604177059075,86.82296561844338,23.192068627420106
4.56,0.019,ANN (n_s=151),151,0,151,48,48,18.46116880946078,85.78800427195256,21.519522415905477
4.56,0.019,ANN (n_s=151),151,0,151,49,49,16.62352689032973,82.6164074553664,20.12133836648684
4.56,0.019,ANN (n_s=151),151,0,151,50,50,15.458900955673094,76.44357202821938,20.222630295149465
4.56,0.019,ANN (n_s=151),151,0,151,51,51,26.282167110030052,80.0419801270798,32.8354784180786
4.56,0.019,ANN (n_s=151),151,0,151,52,52,24.13088394078744,72.95290337468802,33.07734555381654
4.56,0.019,ANN (n_s=151),151,0,151,53,53,21.43624721463789,76.78509512378666,27.917198227182144
4.56,0.019,ANN (n_s=151),151,0,151,54,54,21.746689077997168,71.9428553152084,30.22772585646877
4.56,0.019,ANN (n_s=151),151,0,151,55,55,19.761826339161406,72.70191755692801,27.181987770387543
4.56,0.019,ANN (n_s=151),151,0,151,56,56,21.400119906154274,69.99467686602763,30.573924853049732
4.56,0.019,ANN (n_s=151),151,0,151,57,57,25.562852446805014,72.79905206979346,35.114265529580734
4.56,0.019,ANN (n_s=151),151,0,151,58,58,21.205823236247795,67.45129978632069,31.438716975693325
4.56,0.019,ANN (n_s=151),151,0,151,59,59,25.932549501611476,69.51842971275073,37.30312898142901
4.56,0.019,ANN (n_s=151),151,0,151,60,60,18.08760118551056,64.49922125872774,28.043131114645867
4.56,0.019,ANN (n_s=151),151,0,151,61,61,36.589328306191106,72.72548181037921,50.311565348707205
4.56,0.019,ANN (n_s=151),151,0,151,62,62,27.067499282496176,64.90745376226248,41.70168095275577
4.56,0.019,ANN (n_s=151),151,0,151,63,63,18.915687812906032,60.38031151006408,31.327575727649567
4.56,0.019,ANN (n_s=151),151,0,151,64,64,22.669631969266828,57.14428335568313,39.670865812008266
4.56,0.019,ANN (n_s=151),151,0,151,65,65,21.2456836571269,58.59187001623926,36.260463527172746
4.56,0.019,ANN (n_s=151),151,0,151,66,66,34.40334509749034,57.08094315847006,60.271157401829534
4.56,0.019,ANN (n_s=151),151,0,151,67,67,23.24999190442527,55.047099435236674,42.236543147525985
4.56,0.019,ANN (n_s=151),151,0,151,68,68,29.334924793903095,52.47381616463028,55.903928736321184
4.56,0.019,ANN (n_s=151),151,0,151,69,69,26.38406476495466,53.064898970320606,49.72037123770153
4.56,0.019,ANN (n_s=151),151,0,151,70,70,23.617996417660066,52.36574125290374,45.10199961382275
4.56,0.019,ANN (n_s=151),151,0,151,71,71,35.508226547532374,51.25996309204636,69.27087809987503
4.56,0.019,ANN (n_s=151),151,0,151,72,72,22.270503748401513,49.3101238564563,45.16416104171999
4.56,0.019,ANN (n_s=151),151,0,151,73,73,31.571424269119987,49.85744987335465,63.32338366546245
4.56,0.019,ANN (n_s=151),151,0,151,74,74,14.303616135420528,47.61811445363352,30.038182526836874
4.56,0.019,ANN (n_s=151),151,0,151,75,75,27.46844432209781,48.937388024041475,56.12977200295894
4.56,0.019,ANN (n_s=151),151,0,151,76,76,15.374728707383973,53.08534496928324,28.96228463106013
4.56,0.019,ANN (n_s=151),151,0,151,77,77,31.301667432701603,46.45745188454769,67.37706473977518
4.56,0.019,ANN (n_s=151),151,0,151,78,78,30.20530267966405,44.86899341820426,67.31887742195069
4.56,0.019,ANN (n_s=151),151,0,151,79,79,19.667304565965104,38.11450528648976,51.60057678339187
4.56,0.019,ANN (n_s=151),151,0,151,80,80,21.452243998959048,43.71260427504372,49.07564844221946
4.56,0.019,ANN (n_s=151),151,0,151,81,81,33.2710289449268,42.30656740299899,78.64270487368424
4.56,0.019,ANN (n_s=151),151,0,151,82,82,18.373827243500894,44.12734085716196,41.63819275441063
4.56,0.019,ANN (n_s=151),151,0,151,83,83,34.68492416102693,40.60859982988302,85.41275568802799
4.56,0.019,ANN (n_s=151),151,0,151,84,84,22.485187766905717,42.919189439208886,52.38959090491198
4.56,0.019,ANN (n_s=151),151,0,151,85,85,28.41982626839088,38.38730811000494,74.03443395131887
4.56,0.019,ANN (n_s=151),151,0,151,86,86,33.28198487668259,40.95189260220432,81.27093221301114
4.56,0.019,ANN (n_s=151),151,0,151,87,87,23.05383292505531,36.38449251974828,63.36169980258064
4.56,0.019,ANN (n_s=151),151,0,151,88,88,27.831391376173684,36.091072681941604,77.11433689278871
4.56,0.019,ANN (n_s=151),151,0,151,89,89,15.288884828286013,35.060728483570244,43.60686582838835
4.56,0.019,ANN (n_s=151),151,0,151,90,90,22.388812020823995,33.69457160661348,66.44634715115232
4.56,0.019,ANN (n_s=151),151,0,151,91,91,32.00797714414908,35.95122068644328,89.03168385661758
4.56,0.019,ANN (n_s=151),151,0,151,92,92,18.148146404815616,35.381411332147955,51.292884374926004
4.56,0.019,ANN (n_s=151),151,0,151,93,93,23.987435636225825,33.01805358305483,72.64945395974644
4.56,0.019,ANN (n_s=151),151,0,151,94,94,29.819055408287635,34.772571776805336,85.75452974743189
4.56,0.019,ANN (n_s=151),151,0,151,95,95,20.487528449352304,31.435906399745146,65.17238023560981
4.56,0.019,ANN (n_s=151),151,0,151,96,96,23.39753777386709,31.33279306754335,74.67428046848418
4.56,0.019,ANN (n_s=151),151,0,151,97,97,17.847693239373314,27.849895084166995,64.08531588874799
4.56,0.019,ANN (n_s=151),151,0,151,98,98,19.007685154662717,29.92972158716103,63.50772458510424
4.56,0.019,ANN (n_s=151),151,0,151,99,99,19.754864582957296,30.1478135489837,65.52669085225666
4.56,0.019,ANN (n_s=151),151,0,151,100,100,25.787107943189067,31.354532392893162,82.24363744309575
4.56,0.019,ANN (n_s=151),151,0,151,101,101,18.9133465132163,28.62045780564059,66.08331229938891
4.56,0.019,ANN (n_s=151),151,0,151,102,102,20.15583957246995,31.566989205861393,63.85100410123178
4.56,0.019,ANN (n_s=151),151,0,151,103,103,14.43735194514051,21.8865575711995,65.96447110594774
4.56,0.019,ANN (n_s=151),151,0,151,104,104,22.973202677325368,26.850312991560486,85.56027888593417
4.56,0.019,ANN (n_s=151),151,0,151,105,105,25.715288431221996,30.590366094950664,84.06335625864457
4.56,0.019,ANN (n_s=151),151,0,151,106,106,21.332847481979453,26.069442821531823,81.8308531870876
4.56,0.019,ANN (n_s=151),151,0,151,107,107,21.089998053348108,27.767327930083976,75.95256593090672
4.56,0.019,ANN (n_s=151),151,0,151,108,108,16.937947407357814,24.541593105325816,69.01731006078036
4.56,0.019,ANN (n_s=151),151,0,151,109,109,27.833673726658084,21.741589152495667,128.02041990322093
4.56,0.019,ANN (n_s=151),151,0,151,110,110,20.078027513294483,24.253844611081668,82.78286529518195
4.56,0.019,ANN (n_s=151),151,0,151,111,111,23.22827464550423,27.905179589247386,83.24001130763088
4.56,0.019,ANN (n_s=151),151,0,151,112,112,20.952905997755746,23.33779491032172,89.78100149679868
4.56,0.019,ANN (n_s=151),151,0,151,113,113,17.36349422196871,23.73418426398097,73.15816726138581
4.56,0.019,ANN (n_s=151),151,0,151,114,114,21.33063314145535,20.160269186301157,105.80529924644782
4.56,0.019,ANN (n_s=151),151,0,151,115,115,22.332080839305405,22.305282781307806,100.12014220245644
4.56,0.019,ANN (n_s=151),151,0,151,116,116,22.734501036047615,25.443310360427954,89.35354996654304
4.56,0.019,ANN (n_s=151),151,0,151,117,117,17.559384356611833,21.68879617974885,80.96062230050043
4.56,0.019,ANN (n_s=151),151,0,151,118,118,16.885402752882168,21.155517058638157,79.81559943006721
4.56,0.019,ANN (n_s=151),151,0,151,119,119,15.386073289998524,19.279051296957512,79.80721173985698
4.56,0.019,ANN (n_s=151),151,0,151,120,120,16.5617694995518,21.559895638698613,76.81748454210744
4.56,0.019,ANN (n_s=151),151,0,151,121,121,19.290945459542925,21.383069251224597,90.21597990867538
4.56,0.019,ANN (n_s=151),151,0,151,122,122,20.167231770002413,21.37762836234466,94.33802210504192
4.56,0.019,ANN (n_s=151),151,0,151,123,123,23.077271598047002,15.722715118468155,146.77663128895634
4.56,0.019,ANN (n_s=151),151,0,151,124,124,20.624743989970206,18.69280617185489,110.33519419371163
4.56,0.019,ANN (n_s=151),151,0,151,125,125,20.028077561244885,21.903760762898887,91.43670704790075
4.56,0.019,ANN (n_s=151),151,0,151,126,126,17.069685859165965,18.909949214485394,90.26827975873277
4.56,0.019,ANN (n_s=151),151,0,151,127,127,13.770872340799496,17.615384112532222,78.1752600614732
4.56,0.019,ANN (n_s=151),151,0,151,128,128,17.065705148075896,19.60508863150677,87.04732464534793
4.56,0.019,ANN (n_s=151),151,0,151,129,129,15.435273043314929,17.859552316526198,86.42586762397184
4.56,0.019,ANN (n_s=151),151,0,151,130,130,16.82776283159146,19.466229585289682,86.44592810262513
4.56,0.019,ANN (n_s=151),151,0,151,131,131,17.471443981693263,17.57946171176351,99.38554586117976
4.56,0.019,ANN (n_s=151),151,0,151,132,132,20.19156696303702,15.257611947355771,132.33766222856605
4.56,0.019,ANN (n_s=151),151,0,151,133,133,14.1023469370178,16.75457928903099,84.17010474414256
4.56,0.019,ANN (n_s=151),151,0,151,134,134,25.163899639813764,16.78426546334784,149.9255340948027
4.56,0.019,ANN (n_s=151),151,0,151,135,135,13.96819412365054,17.11457030572802,81.61580381001778
4.56,0.019,ANN (n_s=151),151,0,151,136,136,14.721726631074592,17.035204645083283,86.41942928066668
4.56,0.019,ANN (n_s=151),151,0,151,137,137,19.826136083811434,17.9197516359933,110.638453515109
4.56,0.019,ANN (n_s=151),151,0,151,138,138,18.43405880940875,16.235626633855883,113.54079041808286
4.56,0.019,ANN (n_s=151),151,0,151,139,139,16.70852874250615,17.22903728809098,96.97888781084355
4.56,0.019,ANN (n_s=151),151,0,151,140,140,13.683082685910554,15.824668453549034,86.46678902673514
4.56,0.019,ANN (n_s=151),151,0,151,141,141,15.75162155016277,16.948029538207624,92.9407251424263
4.56,0.019,ANN (n_s=151),151,0,151,142,142,17.358645384198443,15.42511828795791,112.53492556844768
4.56,0.019,ANN (n_s=151),151,0,151,143,143,14.481196977058433,15.901846545412461,91.06613458822571
4.56,0.019,ANN (n_s=151),151,0,151,144,144,13.957672963576647,17.613641478811267,79.24353961880823
4.56,0.019,ANN (n_s=151),151,0,151,145,145,15.74241916175945,16.328543305556316,96.41043213207257
4.56,0.019,ANN (n_s=151),151,0,151,146,146,22.517006823688817,18.108926955065954,124.3420268885104
4.56,0.019,ANN (n_s=151),151,0,151,147,147,15.095005444107603,17.38036016948162,86.85093575110776
4.56,0.019,ANN (n_s=151),151,0,151,148,148,24.53831471351127,23.710264835378347,103.49236874358897
4.56,0.019,ANN (n_s=151),151,0,151,149,149,15.686436619691552,14.51822323832296,108.04653132957014
4.56,0.019,ANN (n_s=151),151,0,151,150,150,15.037142954633655,16.575135688990034,90.7210851047332
4.56,0.019,ANN (n_s=151),151,0,151,151,151,17.343865219436346,20.232553259908276,85.72257290830417
4.875,0.0225,ANN (n_s=131),151,20,131,21,1,5.730356419834857,296.2115263539851,1.9345487633006024
4.875,0.0225,ANN (n_s=131),151,20,131,22,2,5.584765076923795,280.92691073389426,1.9879779627854588
4.875,0.0225,ANN (n_s=131),151,20,131,23,3,5.971258434398355,261.2336485120674,2.285792227919107
4.875,0.0225,ANN (n_s=131),151,20,131,24,4,5.675047407416337,248.4413629559965,2.2842602938148797
4.875,0.0225,ANN (n_s=131),151,20,131,25,5,5.652269868861349,232.74443769607404,2.4285305912411466
4.875,0.0225,ANN (n_s=131),151,20,131,26,6,5.46064509701558,221.2122928206632,2.4685088822991066
4.875,0.0225,ANN (n_s=131),151,20,131,27,7,4.864860709062707,208.44153058927608,2.333921025867287
4.875,0.0225,ANN (n_s=131),151,20,131,28,8,5.0889453979286365,195.74013481212296,2.599847702574208
4.875,0.0225,ANN (n_s=131),151,20,131,29,9,5.047373118443794,180.76913376419415,2.792165351097983
4.875,0.0225,ANN (n_s=131),151,20,131,30,10,4.792234268523816,157.27692411326953,3.047004063401246
4.875,0.0225,ANN (n_s=131),151,20,131,31,11,5.108420838870218,151.44241407185515,3.3731771050918513
4.875,0.0225,ANN (n_s=131),151,20,131,32,12,5.32542979938912,164.99003416318777,3.2277281633397705
4.875,0.0225,ANN (n_s=131),151,20,131,33,13,5.156850633573635,154.355441125711,3.3408933277407202
4.875,0.0225,ANN (n_s=131),151,20,131,34,14,4.570486990664395,134.25995187496142,3.4042072314467737
4.875,0.0225,ANN (n_s=131),151,20,131,35,15,4.688358897744374,122.01657502223894,3.8423950982805954
4.875,0.0225,ANN (n_s=131),151,20,131,36,16,4.327420411129448,126.2467227487928,3.427748710546886
4.875,0.0225,ANN (n_s=131),151,20,131,37,17,4.626025647074414,127.55772567513564,3.626613458800597
4.875,0.0225,ANN (n_s=131),151,20,131,38,18,4.7666697275213945,130.06878483250725,3.6647299608891952
4.875,0.0225,ANN (n_s=131),151,20,131,39,19,4.891177772255677,122.90689618395554,3.9795796038450275
4.875,0.0225,ANN (n_s=131),151,20,131,40,20,4.617173590017754,105.44298400562161,4.3788343374003835
4.875,0.0225,ANN (n_s=131),151,20,131,41,21,4.594098842288357,117.42448967774298,3.9123856147012384
4.875,0.0225,ANN (n_s=131),151,20,131,42,22,4.900432895594749,111.12544395554187,4.409820758561174
4.875,0.0225,ANN (n_s=131),151,20,131,43,23,3.998707511505518,89.26016437130748,4.479834357991497
4.875,0.0225,ANN (n_s=131),151,20,131,44,24,5.0587508953227,102.7099487482832,4.925278375632777
4.875,0.0225,ANN (n_s=131),151,20,131,45,25,4.502840490793626,99.90647853457376,4.507055555196421
4.875,0.0225,ANN (n_s=131),151,20,131,46,26,4.686163908759348,83.53271431741287,5.609974423855745
4.875,0.0225,ANN (n_s=131),151,20,131,47,27,4.454732820710311,85.45488218354036,5.212964674320674
4.875,0.0225,ANN (n_s=131),151,20,131,48,28,5.210499148468678,91.1726269718879,5.71498192113657
4.875,0.0225,ANN (n_s=131),151,20,131,49,29,4.736830302524379,80.05917124925676,5.916661674871327
4.875,0.0225,ANN (n_s=131),151,20,131,50,30,4.544115755806043,74.11683327543669,6.13101714548296
4.875,0.0225,ANN (n_s=131),151,20,131,51,31,5.026715459243136,79.29513184187321,6.339248504267811
4.875,0.0225,ANN (n_s=131),151,20,131,52,32,4.688926599718673,67.58723787329518,6.9375916922495575
4.875,0.0225,ANN (n_s=131),151,20,131,53,33,5.245506679534419,72.23950274443519,7.261271853007731
4.875,0.0225,ANN (n_s=131),151,20,131,54,34,5.050694668649283,74.63069871242743,6.767583254326742
4.875,0.0225,ANN (n_s=131),151,20,131,55,35,4.321232263537024,56.13163114720919,7.698390684931791
4.875,0.0225,ANN (n_s=131),151,20,131,56,36,5.226833849435891,76.22636151967735,6.8569898198363
4.875,0.0225,ANN (n_s=131),151,20,131,57,37,4.373649623396317,55.867241397995485,7.828647905198418
4.875,0.0225,ANN (n_s=131),151,20,131,58,38,5.1816521678537315,64.306354657996,8.057760691632414
4.875,0.0225,ANN (n_s=131),151,20,131,59,39,5.550627213984326,70.63799788388253,7.85784900516102
4.875,0.0225,ANN (n_s=131),151,20,131,60,40,4.450338556963381,53.25060818982116,8.357347846806492
4.875,0.0225,ANN (n_s=131),151,20,131,61,41,4.275426615691139,54.79728571293551,7.802259838358887
4.875,0.0225,ANN (n_s=131),151,20,131,62,42,4.807300554787272,51.51429946758298,9.331973072471692
4.875,0.0225,ANN (n_s=131),151,20,131,63,43,5.475645190245699,64.26547202038356,8.520353182046104
4.875,0.0225,ANN (n_s=131),151,20,131,64,44,4.51000536696208,51.51489894684767,8.754759223376208
4.875,0.0225,ANN (n_s=131),151,20,131,65,45,5.133172136862784,56.812599188694456,9.03527071488796
4.875,0.0225,ANN (n_s=131),151,20,131,66,46,4.628007436121198,49.10038906712177,9.425602371082165
4.875,0.0225,ANN (n_s=131),151,20,131,67,47,5.06808739039964,57.82868401658932,8.763968049049426
4.875,0.0225,ANN (n_s=131),151,20,131,68,48,4.6081048027109714,46.345966480186654,9.942838940862266
4.875,0.0225,ANN (n_s=131),151,20,131,69,49,5.646996058095702,55.7836297223911,10.12303445687946
4.875,0.0225,ANN (n_s=131),151,20,131,70,50,5.548704022072331,45.92172031206824,12.082962015284368
4.875,0.0225,ANN (n_s=131),151,20,131,71,51,5.557518411656217,51.81175660669019,10.726365550282466
4.875,0.0225,ANN (n_s=131),151,20,131,72,52,5.868127071774764,51.24326965717849,11.451507897589277
4.875,0.0225,ANN (n_s=131),151,20,131,73,53,4.2493323330832595,43.71275727582824,9.721034768568591
4.875,0.0225,ANN (n_s=131),151,20,131,74,54,6.246137634364952,49.34496190945856,12.658106101745064
4.875,0.0225,ANN (n_s=131),151,20,131,75,55,4.178281750474381,38.5513098601376,10.838235498697705
4.875,0.0225,ANN (n_s=131),151,20,131,76,56,4.631408181990333,38.705595044605936,11.965733059142757
4.875,0.0225,ANN (n_s=131),151,20,131,77,57,5.667698916628793,46.764079732766234,12.119770022241239
4.875,0.0225,ANN (n_s=131),151,20,131,78,58,4.807291528522017,42.63027643370418,11.276707379549842
4.875,0.0225,ANN (n_s=131),151,20,131,79,59,4.019681768658988,27.388534107870054,14.676512999298998
4.875,0.0225,ANN (n_s=131),151,20,131,80,60,5.025552318092392,41.75394364815449,12.036114146344879
4.875,0.0225,ANN (n_s=131),151,20,131,81,61,4.884264452266271,42.24271204273275,11.562383701418948
4.875,0.0225,ANN (n_s=131),151,20,131,82,62,4.695258200490604,39.481404268187504,11.892328268257293
4.875,0.0225,ANN (n_s=131),151,20,131,83,63,5.3308507105043486,41.971188640141975,12.701214531260215
4.875,0.0225,ANN (n_s=131),151,20,131,84,64,5.145246456655926,36.19688036749214,14.214612984374176
4.875,0.0225,ANN (n_s=131),151,20,131,85,65,5.970392274905207,40.94691806548261,14.58080988014119
4.875,0.0225,ANN (n_s=131),151,20,131,86,66,5.4114797150532485,33.55005954240282,16.129568140449518
4.875,0.0225,ANN (n_s=131),151,20,131,87,67,5.710654300890484,39.2563977420356,14.547066540380849
4.875,0.0225,ANN (n_s=131),151,20,131,88,68,6.236518747615695,34.11757961179248,18.27948763827341
4.875,0.0225,ANN (n_s=131),151,20,131,89,69,4.565625722542366,23.738399706931084,19.23308133197077
4.875,0.0225,ANN (n_s=131),151,20,131,90,70,5.725458843830578,33.14179940100932,17.275642684797045
4.875,0.0225,ANN (n_s=131),151,20,131,91,71,4.965816188453821,34.351116236079264,14.456054802778672
4.875,0.0225,ANN (n_s=131),151,20,131,92,72,5.303936775927654,31.782427347023475,16.688268388110966
4.875,0.0225,ANN (n_s=131),151,20,131,93,73,5.566391694017481,34.68128387939676,16.050131573486322
4.875,0.0225,ANN (n_s=131),151,20,131,94,74,5.1879155704932725,29.30641801897214,17.702318881600487
4.875,0.0225,ANN (n_s=131),151,20,131,95,75,6.195599857107493,33.543267788475625,18.470471917575363
4.875,0.0225,ANN (n_s=131),151,20,131,96,76,5.280000012624889,25.926404969207415,20.365338036244914
4.875,0.0225,ANN (n_s=131),151,20,131,97,77,5.210147746038617,25.274416495542855,20.614314664623127
4.875,0.0225,ANN (n_s=131),151,20,131,98,78,5.347386362845353,29.14234832981456,18.349195138041164
4.875,0.0225,ANN (n_s=131),151,20,131,99,79,5.885549428136953,28.317501743532684,20.78414078134957
4.875,0.0225,ANN (n_s=131),151,20,131,100,80,5.4733203702448225,29.813145925472604,18.358748130529797
4.875,0.0225,ANN (n_s=131),151,20,131,101,81,6.167026848389607,28.978910041336498,21.281086278237353
4.875,0.0225,ANN (n_s=131),151,20,131,102,82,5.430335399877155,28.05523424982786,19.355872603025848
4.875,0.0225,ANN (n_s=131),151,20,131,103,83,4.161803402548887,15.985396028975316,26.035034696701622
4.875,0.0225,ANN (n_s=131),151,20,131,104,84,6.512954612365124,28.46962558697495,22.876853762856808
4.875,0.0225,ANN (n_s=131),151,20,131,105,85,5.525501816190436,26.16239906364236,21.120011978829474
4.875,0.0225,ANN (n_s=131),151,20,131,106,86,7.109122292351815,27.836785618272838,25.538589080792395
4.875,0.0225,ANN (n_s=131),151,20,131,107,87,4.892263649582203,23.91225045547337,20.459235565017234
4.875,0.0225,ANN (n_s=131),151,20,131,108,88,7.38238498954063,27.033802726530705,27.307978327058034
4.875,0.0225,ANN (n_s=131),151,20,131,109,89,4.420343857419461,19.59071474538877,22.56346394130369
4.875,0.0225,ANN (n_s=131),151,20,131,110,90,8.089683922069606,26.337615355520075,30.7153241205419
4.875,0.0225,ANN (n_s=131),151,20,131,111,91,5.008808339835116,23.90803053179458,20.950317648181226
4.875,0.0225,ANN (n_s=131),151,20,131,112,92,9.209076668825428,25.48318678540589,36.137853347680306
4.875,0.0225,ANN (n_s=131),151,20,131,113,93,6.071141641502193,21.135146111228305,28.725335559789787
4.875,0.0225,ANN (n_s=131),151,20,131,114,94,4.756453416278972,17.75505955413802,26.789284495361922
4.875,0.0225,ANN (n_s=131),151,20,131,115,95,9.203193462704288,24.790467782786628,37.12392014278394
4.875,0.0225,ANN (n_s=131),151,20,131,116,96,5.538881803236841,21.696716862544907,25.5286633379939
4.875,0.0225,ANN (n_s=131),151,20,131,117,97,10.114171024638122,23.797872521373684,42.50031600746764
4.875,0.0225,ANN (n_s=131),151,20,131,118,98,5.499137260804468,19.90070494128179,27.63287670979495
4.875,0.0225,ANN (n_s=131),151,20,131,119,99,7.3570455741032745,20.861025800236696,35.266940583620766
4.875,0.0225,ANN (n_s=131),151,20,131,120,100,6.554697769140775,21.314092565001456,30.75288215602402
4.875,0.0225,ANN (n_s=131),151,20,131,121,101,8.029116416594816,20.249297897612472,39.651332392820905
4.875,0.0225,ANN (n_s=131),151,20,131,122,102,7.563420575071807,21.07567313355866,35.88697038116719
4.875,0.0225,ANN (n_s=131),151,20,131,123,103,5.497221949600045,14.96745652614693,36.72782974179244
4.875,0.0225,ANN (n_s=131),151,20,131,124,104,9.434210115263818,19.40037693499889,48.6290042037493
4.875,0.0225,ANN (n_s=131),151,20,131,125,105,5.812696560037038,19.497718622081475,29.812188147253632
4.875,0.0225,ANN (n_s=131),151,20,131,126,106,9.017389346179698,19.75738132844846,45.640609938502564
4.875,0.0225,ANN (n_s=131),151,20,131,127,107,6.670598189014367,17.316125871437677,38.52246304132772
4.875,0.0225,ANN (n_s=131),151,20,131,128,108,7.616583360721194,18.61284469805931,40.921113802208566
4.875,0.0225,ANN (n_s=131),151,20,131,129,109,9.621849722478586,18.435577888012347,52.1917445763127
4.875,0.0225,ANN (n_s=131),151,20,131,130,110,5.721283771902823,16.954021267454017,33.74588058872942
4.875,0.0225,ANN (n_s=131),151,20,131,131,111,10.570035195636017,19.3341824071041,54.67019485526417
4.875,0.0225,ANN (n_s=131),151,20,131,132,112,5.704112735801576,15.291745519740614,37.30190728349456
4.875,0.0225,ANN (n_s=131),151,20,131,133,113,10.617471075636331,18.708535710175546,56.75201544427394
4.875,0.0225,ANN (n_s=131),151,20,131,134,114,6.012684109170575,15.069046661537245,39.900892499839145
4.875,0.0225,ANN (n_s=131),151,20,131,135,115,6.743336712976398,16.71545929250865,40.341916994159725
4.875,0.0225,ANN (n_s=131),151,20,131,136,116,11.714628205965203,18.309554557462796,63.98095687800572
4.875,0.0225,ANN (n_s=131),151,20,131,137,117,6.668262544578187,16.87594496648669,39.51341722090492
4.875,0.0225,ANN (n_s=131),151,20,131,138,118,10.53759221818294,17.584087345308568,59.926864620553474
4.875,0.0225,ANN (n_s=131),151,20,131,139,119,6.744252899152658,16.433063846846377,41.04075151175737
4.875,0.0225,ANN (n_s=131),151,20,131,140,120,12.94714050044411,17.844506636863173,72.55532900919724
4.875,0.0225,ANN (n_s=131),151,20,131,141,121,7.694901111268811,16.72038503651198,46.021076036619995
4.875,0.0225,ANN (n_s=131),151,20,131,142,122,5.723666777585395,14.392809786076207,39.767542701235065
4.875,0.0225,ANN (n_s=131),151,20,131,143,123,12.31994377776803,17.95467227349252,68.61692371827164
4.875,0.0225,ANN (n_s=131),151,20,131,144,124,8.97331206007596,15.917714833313205,56.37311733526139
4.875,0.0225,ANN (n_s=131),151,20,131,145,125,10.788723855553835,18.18363929591471,59.33203843290997
4.875,0.0225,ANN (n_s=131),151,20,131,146,126,10.089645227587638,17.129070131733805,58.903636624706635
4.875,0.0225,ANN (n_s=131),151,20,131,147,127,11.985608389484126,19.300116280646524,62.10122371906573
4.875,0.0225,ANN (n_s=131),151,20,131,148,128,11.746451708587195,22.058324429616857,53.25178594624209
4.875,0.0225,ANN (n_s=131),151,20,131,149,129,7.644123723340258,14.877017941136906,51.38209655715514
4.875,0.0225,ANN (n_s=131),151,20,131,150,130,12.864855715009849,18.770828047450895,68.53643154414232
4.875,0.0225,ANN (n_s=131),151,20,131,151,131,10.694698939136988,19.681207046022234,54.33964956584557
4.875,0.0225,ANN (n_s=141),151,10,141,11,1,6.365575285459818,682.2921807681937,0.932969109845698
4.875,0.0225,ANN (n_s=141),151,10,141,12,2,6.93664397608259,627.6924007351741,1.105102430419448
4.875,0.0225,ANN (n_s=141),151,10,141,13,3,5.74002973826033,545.0125734789101,1.0531921679569192
4.875,0.0225,ANN (n_s=141),151,10,141,14,4,5.733143630340672,509.9257646852055,1.1243094637275166
4.875,0.0225,ANN (n_s=141),151,10,141,15,5,5.18384374582656,453.66654999380637,1.1426550504764639
4.875,0.0225,ANN (n_s=141),151,10,141,16,6,4.994442638924977,430.4061515337876,1.1604022435847796
4.875,0.0225,ANN (n_s=141),151,10,141,17,7,5.273666425335963,390.2049350584137,1.3515119752512856
4.875,0.0225,ANN (n_s=141),151,10,141,18,8,4.966122824426484,370.8127263143857,1.3392536102485495
4.875,0.0225,ANN (n_s=141),151,10,141,19,9,4.8469716922154635,339.1857447400118,1.4290021816602878
4.875,0.0225,ANN (n_s=141),151,10,141,20,10,4.608701825415929,321.28136994909954,1.4344752782105243
4.875,0.0225,ANN (n_s=141),151,10,141,21,11,4.613393453657293,296.2115263539851,1.5574658793473473
4.875,0.0225,ANN (n_s=141),151,10,141,22,12,4.190521035555912,280.92691073389426,1.4916766160310464
4.875,0.0225,ANN (n_s=141),151,10,141,23,13,4.614426531002441,261.2336485120674,1.766398225222997
4.875,0.0225,ANN (n_s=141),151,10,141,24,14,4.724829533060862,248.4413629559965,1.9017886059084756
4.875,0.0225,ANN (n_s=141),151,10,141,25,15,4.919879903999249,232.74443769607404,2.113854987341868
4.875,0.0225,ANN (n_s=141),151,10,141,26,16,4.686939086970117,221.2122928206632,2.1187516422379917
4.875,0.0225,ANN (n_s=141),151,10,141,27,17,4.616034709312263,208.44153058927608,2.2145465427462896
4.875,0.0225,ANN (n_s=141),151,10,141,28,18,5.227829686201609,195.74013481212296,2.6708011063849684
4.875,0.0225,ANN (n_s=141),151,10,141,29,19,4.526851608228124,180.76913376419415,2.504217127097159
4.875,0.0225,ANN (n_s=141),151,10,141,30,20,5.3645281111486804,157.27692411326953,3.4108806116307258
4.875,0.0225,ANN (n_s=141),151,10,141,31,21,4.730006677538277,151.44241407185515,3.1233038026546662
4.875,0.0225,ANN (n_s=141),151,10,141,32,22,4.789367789738562,164.99003416318777,2.902822472902521
4.875,0.0225,ANN (n_s=141),151,10,141,33,23,5.187592293051678,154.355441125711,3.3608094766330723
4.875,0.0225,ANN (n_s=141),151,10,141,34,24,5.0925484445722615,134.25995187496142,3.7930509980482037
4.875,0.0225,ANN (n_s=141),151,10,141,35,25,4.926726428863295,122.01657502223894,4.037751779186837
4.875,0.0225,ANN (n_s=141),151,10,141,36,26,4.740346793129152,126.2467227487928,3.7548276025838305
4.875,0.0225,ANN (n_s=141),151,10,141,37,27,4.55232025498405,127.55772567513564,3.5688314689601093
4.875,0.0225,ANN (n_s=141),151,10,141,38,28,4.643221358727165,130.06878483250725,3.56981989545482
4.875,0.0225,ANN (n_s=141),151,10,141,39,29,4.969724855273565,122.90689618395554,4.04348739539834
4.875,0.0225,ANN (n_s=141),151,10,141,40,30,4.435467590116011,105.44298400562161,4.2065080308041525
4.875,0.0225,ANN (n_s=141),151,10,141,41,31,4.711361351402417,117.42448967774298,4.012247670253595
4.875,0.0225,ANN (n_s=141),151,10,141,42,32,4.886110988009326,111.12544395554187,4.396932704236592
4.875,0.0225,ANN (n_s=141),151,10,141,43,33,4.790928400304353,89.26016437130748,5.367375731434782
4.875,0.0225,ANN (n_s=141),151,10,141,44,34,4.408200351180399,102.7099487482832,4.291892270323115
4.875,0.0225,ANN (n_s=141),151,10,141,45,35,4.46797604582833,99.90647853457376,4.472158473969369
4.875,0.0225,ANN (n_s=141),151,10,141,46,36,4.934421914125007,83.53271431741287,5.907172961451821
4.875,0.0225,ANN (n_s=141),151,10,141,47,37,4.498937455468301,85.45488218354036,5.264693298395128
4.875,0.0225,ANN (n_s=141),151,10,141,48,38,5.223778681921447,91.1726269718879,5.729547184740156
4.875,0.0225,ANN (n_s=141),151,10,141,49,39,4.940735051029039,80.05917124925676,6.171354229544197
4.875,0.0225,ANN (n_s=141),151,10,141,50,40,4.037295060670668,74.11683327543669,5.44720393768993
4.875,0.0225,ANN (n_s=141),151,10,141,51,41,4.685953053455931,79.29513184187321,5.909509126992118
4.875,0.0225,ANN (n_s=141),151,10,141,52,42,4.698033041647243,67.58723787329518,6.951065303858959
4.875,0.0225,ANN (n_s=141),151,10,141,53,43,4.802550195311592,72.23950274443519,6.648094204498862
4.875,0.0225,ANN (n_s=141),151,10,141,54,44,4.860621016004767,74.63069871242743,6.5128976411356865
4.875,0.0225,ANN (n_s=141),151,10,141,55,45,4.670820819516186,56.13163114720919,8.321192033893736
4.875,0.0225,ANN (n_s=141),151,10,141,56,46,5.233239105344818,76.22636151967735,6.865392760474196
4.875,0.0225,ANN (n_s=141),151,10,141,57,47,4.404428631274234,55.867241397995485,7.883741027943908
4.875,0.0225,ANN (n_s=141),151,10,141,58,48,5.244625819681687,64.306354657996,8.155688263740757
4.875,0.0225,ANN (n_s=141),151,10,141,59,49,5.392777962108653,70.63799788388253,7.634386765850172
4.875,0.0225,ANN (n_s=141),151,10,141,60,50,4.357421066184273,53.25060818982116,8.18285689930804
4.875,0.0225,ANN (n_s=141),151,10,141,61,51,5.258623262184942,54.79728571293551,9.596503173046006
4.875,0.0225,ANN (n_s=141),151,10,141,62,52,4.541155874135757,51.51429946758298,8.81533073548525
4.875,0.0225,ANN (n_s=141),151,10,141,63,53,5.701616306009954,64.26547202038356,8.871974524985252
4.875,0.0225,ANN (n_s=141),151,10,141,64,54,4.897551797414396,51.51489894684767,9.507058923803031
4.875,0.0225,ANN (n_s=141),151,10,141,65,55,5.12070945300868,56.812599188694456,9.013334235951815
4.875,0.0225,ANN (n_s=141),151,10,141,66,56,5.131328933948297,49.10038906712177,10.45068894858167
4.875,0.0225,ANN (n_s=141),151,10,141,67,57,5.089778048980276,57.82868401658932,8.80147652594026
4.875,0.0225,ANN (n_s=141),151,10,141,68,58,4.779634964133616,46.345966480186654,10.312947009481302
4.875,0.0225,ANN (n_s=141),151,10,141,69,59,5.276324142442071,55.7836297223911,9.458552927982378
4.875,0.0225,ANN (n_s=141),151,10,141,70,60,5.535265171518408,45.92172031206824,12.053697322100843
4.875,0.0225,ANN (n_s=141),151,10,141,71,61,5.48655791702823,51.81175660669019,10.589407262674777
4.875,0.0225,ANN (n_s=141),151,10,141,72,62,5.100506706049779,51.24326965717849,9.953515340009664
4.875,0.0225,ANN (n_s=141),151,10,141,73,63,5.06977795710368,43.71275727582824,11.597936787911353
4.875,0.0225,ANN (n_s=141),151,10,141,74,64,5.565551395767942,49.34496190945856,11.278864508964437
4.875,0.0225,ANN (n_s=141),151,10,141,75,65,4.293563768366075,38.5513098601376,11.137270780014815
4.875,0.0225,ANN (n_s=141),151,10,141,76,66,4.55006179425602,38.705595044605936,11.755566059667446
4.875,0.0225,ANN (n_s=141),151,10,141,77,67,5.399911806570561,46.764079732766234,11.547135830381796
4.875,0.0225,ANN (n_s=141),151,10,141,78,68,5.826995180127576,42.63027643370418,13.668677915305892
4.875,0.0225,ANN (n_s=141),151,10,141,79,69,4.122422933888088,27.388534107870054,15.051637731511581
4.875,0.0225,ANN (n_s=141),151,10,141,80,70,5.6797948343837765,41.75394364815449,13.603014082323266
4.875,0.0225,ANN (n_s=141),151,10,141,81,71,6.003604068359047,42.24271204273275,14.21216531335819
4.875,0.0225,ANN (n_s=141),151,10,141,82,72,4.9346352278569885,39.481404268187504,12.498631493290413
4.875,0.0225,ANN (n_s=141),151,10,141,83,73,5.7472084630294225,41.971188640141975,13.693223016163742
4.875,0.0225,ANN (n_s=141),151,10,141,84,74,4.961958738290188,36.19688036749214,13.708249683159012
4.875,0.0225,ANN (n_s=141),151,10,141,85,75,6.545858648500647,40.94691806548261,15.986205941146686
4.875,0.0225,ANN (n_s=141),151,10,141,86,76,4.30574963384875,33.55005954240282,12.83380623634022
4.875,0.0225,ANN (n_s=141),151,10,141,87,77,5.928787411662226,39.2563977420356,15.102729115956818
4.875,0.0225,ANN (n_s=141),151,10,141,88,78,5.414867943760712,34.11757961179248,15.871196038446715
4.875,0.0225,ANN (n_s=141),151,10,141,89,79,4.232365188039558,23.738399706931084,17.829193375675622
4.875,0.0225,ANN (n_s=141),151,10,141,90,80,6.01667927412046,33.14179940100932,18.154353061280144
4.875,0.0225,ANN (n_s=141),151,10,141,91,81,5.47425496881454,34.351116236079264,15.936177826631685
4.875,0.0225,ANN (n_s=141),151,10,141,92,82,5.7540471864969485,31.782427347023475,18.1044925350418
4.875,0.0225,ANN (n_s=141),151,10,141,93,83,6.530848332147779,34.68128387939676,18.831045456271546
4.875,0.0225,ANN (n_s=141),151,10,141,94,84,5.337468537601677,29.30641801897214,18.212626784161586
4.875,0.0225,ANN (n_s=141),151,10,141,95,85,6.906607135833768,33.543267788475625,20.590143987720403
4.875,0.0225,ANN (n_s=141),151,10,141,96,86,5.044986126984066,25.926404969207415,19.4588726550247
4.875,0.0225,ANN (n_s=141),151,10,141,97,87,6.14169157520574,25.274416495542855,24.300033103786305
4.875,0.0225,ANN (n_s=141),151,10,141,98,88,5.9290977244429826,29.14234832981456,20.34529838618778
4.875,0.0225,ANN (n_s=141),151,10,141,99,89,6.346111232915259,28.317501743532684,22.41056181576689
4.875,0.0225,ANN (n_s=141),151,10,141,100,90,6.201031925391533,29.813145925472604,20.799656436435708
4.875,0.0225,ANN (n_s=141),151,10,141,101,91,7.30532773522747,28.978910041336498,25.20911837197087
4.875,0.0225,ANN (n_s=141),151,10,141,102,92,5.398733939222389,28.05523424982786,19.243232443355964
4.875,0.0225,ANN (n_s=141),151,10,141,103,93,4.0208086515515795,15.985396028975316,25.15301243874981
4.875,0.0225,ANN (n_s=141),151,10,141,104,94,6.453186778885982,28.46962558697495,22.6669183237814
4.875,0.0225,ANN (n_s=141),151,10,141,105,95,5.716908945384989,26.16239906364236,21.8516235131117
4.875,0.0225,ANN (n_s=141),151,10,141,106,96,9.658490352405167,27.836785618272838,34.69685934594786
4.875,0.0225,ANN (n_s=141),151,10,141,107,97,5.457441714181821,23.91225045547337,22.822785853401957
4.875,0.0225,ANN (n_s=141),151,10,141,108,98,7.918826064925875,27.033802726530705,29.2923128315737
4.875,0.0225,ANN (n_s=141),151,10,141,109,99,4.896373440039639,19.59071474538877,24.99333742375142
4.875,0.0225,ANN (n_s=141),151,10,141,110,100,8.989920087010317,26.337615355520075,34.13338666260888
4.875,0.0225,ANN (n_s=141),151,10,141,111,101,6.003359812980423,23.90803053179458,25.110223131916836
4.875,0.0225,ANN (n_s=141),151,10,141,112,102,10.062131504303077,25.48318678540589,39.48537358783406
4.875,0.0225,ANN (n_s=141),151,10,141,113,103,5.559043012132472,21.135146111228305,26.302363763547216
4.875,0.0225,ANN (n_s=141),151,10,141,114,104,5.3290497090962505,17.75505955413802,30.014259838707524
4.875,0.0225,ANN (n_s=141),151,10,141,115,105,10.075766606361602,24.790467782786628,40.643713118466266
4.875,0.0225,ANN (n_s=141),151,10,141,116,106,6.065701604233584,21.696716862544907,27.95677172109306
4.875,0.0225,ANN (n_s=141),151,10,141,117,107,10.85365660666278,23.797872521373684,45.607676051356016
4.875,0.0225,ANN (n_s=141),151,10,141,118,108,5.382264122254332,19.90070494128179,27.045595309990382
4.875,0.0225,ANN (n_s=141),151,10,141,119,109,9.780242821781519,20.861025800236696,46.88284706340064
4.875,0.0225,ANN (n_s=141),151,10,141,120,110,7.063468590036706,21.314092565001456,33.13989825508775
4.875,0.0225,ANN (n_s=141),151,10,141,121,111,7.880620683816095,20.249297897612472,38.91799470610422
4.875,0.0225,ANN (n_s=141),151,10,141,122,112,8.77522599143582,21.07567313355866,41.63675312207743
4.875,0.0225,ANN (n_s=141),151,10,141,123,113,5.018363955765088,14.96745652614693,33.52850196690677
4.875,0.0225,ANN (n_s=141),151,10,141,124,114,10.925917632391531,19.40037693499889,56.31806881381172
4.875,0.0225,ANN (n_s=141),151,10,141,125,115,7.267616742847404,19.497718622081475,37.274190297405944
4.875,0.0225,ANN (n_s=141),151,10,141,126,116,9.176601742348117,19.75738132844846,46.44644748104759
4.875,0.0225,ANN (n_s=141),151,10,141,127,117,7.690918233354626,17.316125871437677,44.41477435804806
4.875,0.0225,ANN (n_s=141),151,10,141,128,118,8.747201544347307,18.61284469805931,46.99551135920317
4.875,0.0225,ANN (n_s=141),151,10,141,129,119,9.612569867085536,18.435577888012347,52.14140790962711
4.875,0.0225,ANN (n_s=141),151,10,141,130,120,7.269724164631498,16.954021267454017,42.87905535772158
4.875,0.0225,ANN (n_s=141),151,10,141,131,121,11.425762839518583,19.3341824071041,59.09617794502824
4.875,0.0225,ANN (n_s=141),151,10,141,132,122,7.590044449633974,15.291745519740614,49.634912115400674
4.875,0.0225,ANN (n_s=141),151,10,141,133,123,11.710527915566528,18.708535710175546,62.59457232239287
4.875,0.0225,ANN (n_s=141),151,10,141,134,124,8.919268145533684,15.069046661537245,59.189332582661194
4.875,0.0225,ANN (n_s=141),151,10,141,135,125,8.549311427949911,16.71545929250865,51.14613531308378
4.875,0.0225,ANN (n_s=141),151,10,141,136,126,10.204282101566836,18.309554557462796,55.73200631146796
4.875,0.0225,ANN (n_s=141),151,10,141,137,127,8.87232508503477,16.87594496648669,52.573797216416565
4.875,0.0225,ANN (n_s=141),151,10,141,138,128,11.148657806882463,17.584087345308568,63.40197013328032
4.875,0.0225,ANN (n_s=141),151,10,141,139,129,7.56902890798616,16.433063846846377,46.05975476349598
4.875,0.0225,ANN (n_s=141),151,10,141,140,130,11.04751567583885,17.844506636863173,61.90989698206
4.875,0.0225,ANN (n_s=141),151,10,141,141,131,8.752682459593128,16.72038503651198,52.34737382231369
4.875,0.0225,ANN (n_s=141),151,10,141,142,132,8.266687113471564,14.392809786076207,57.436228480340695
4.875,0.0225,ANN (n_s=141),151,10,141,143,133,13.282851613978373,17.95467227349252,73.97991682414936
4.875,0.0225,ANN (n_s=141),151,10,141,144,134,10.277136636713497,15.917714833313205,64.5641459489217
4.875,0.0225,ANN (n_s=141),151,10,141,145,135,11.833041149064142,18.18363929591471,65.07520830399805
4.875,0.0225,ANN (n_s=141),151,10,141,146,136,9.92258114344347,17.129070131733805,57.92831173631902
4.875,0.0225,ANN (n_s=141),151,10,141,147,137,13.702187806501955,19.300116280646524,70.99536400328337
4.875,0.0225,ANN (n_s=141),151,10,141,148,138,10.609772196316944,22.058324429616857,48.098722231465665
4.875,0.0225,ANN (n_s=141),151,10,141,149,139,8.450410490461222,14.877017941136906,56.801776565011245
4.875,0.0225,ANN (n_s=141),151,10,141,150,140,13.64740504406132,18.770828047450895,72.70539695724642
4.875,0.0225,ANN (n_s=141),151,10,141,151,141,11.711172679128516,19.681207046022234,59.504341637905085
4.875,0.0225,ANN (n_s=151),151,0,151,1,1,4.864882921646792,6783.438246011936,0.07171706655554674
4.875,0.0225,ANN (n_s=151),151,0,151,2,2,4.802385955279673,3115.992693539784,0.15412057817838262
4.875,0.0225,ANN (n_s=151),151,0,151,3,3,4.456121746162426,2273.7278415488613,0.19598307522710895
4.875,0.0225,ANN (n_s=151),151,0,151,4,4,3.942795832487063,1649.441335576637,0.23903825782980517
4.875,0.0225,ANN (n_s=151),151,0,151,5,5,4.0200296630831485,1399.2720165105995,0.28729436561648675
4.875,0.0225,ANN (n_s=151),151,0,151,6,6,3.4068592324132525,1216.8969054669894,0.2799628478885691
4.875,0.0225,ANN (n_s=151),151,0,151,7,7,4.126346026516663,1171.8112602562005,0.35213401393791816
4.875,0.0225,ANN (n_s=151),151,0,151,8,8,3.362403369992068,1045.997849708899,0.32145413787684407
4.875,0.0225,ANN (n_s=151),151,0,151,9,9,3.602373308921372,885.0633130482933,0.40701871332958633
4.875,0.0225,ANN (n_s=151),151,0,151,10,10,3.385422403773413,801.0977548132034,0.4225979143535125
4.875,0.0225,ANN (n_s=151),151,0,151,11,11,4.021717590046777,682.2921807681937,0.5894421339430741
4.875,0.0225,ANN (n_s=151),151,0,151,12,12,3.6668174643068494,627.6924007351741,0.5841742643390538
4.875,0.0225,ANN (n_s=151),151,0,151,13,13,4.417697312097578,545.0125734789101,0.8105679624781218
4.875,0.0225,ANN (n_s=151),151,0,151,14,14,4.688780017231023,509.9257646852055,0.9195024730953861
4.875,0.0225,ANN (n_s=151),151,0,151,15,15,4.493555637461434,453.66654999380637,0.9904974562314064
4.875,0.0225,ANN (n_s=151),151,0,151,16,16,3.6347802765653356,430.4061515337876,0.844500075942804
4.875,0.0225,ANN (n_s=151),151,0,151,17,17,4.47510547667241,390.2049350584137,1.1468602968854011
4.875,0.0225,ANN (n_s=151),151,0,151,18,18,4.519451803314223,370.8127263143857,1.2187963040627958
4.875,0.0225,ANN (n_s=151),151,0,151,19,19,4.867433575305437,339.1857447400118,1.435034829967975
4.875,0.0225,ANN (n_s=151),151,0,151,20,20,4.665582093444788,321.28136994909954,1.4521794694114862
4.875,0.0225,ANN (n_s=151),151,0,151,21,21,4.447091179179654,296.2115263539851,1.50132279925704
4.875,0.0225,ANN (n_s=151),151,0,151,22,22,5.251088760619136,280.92691073389426,1.869201048379871
4.875,0.0225,ANN (n_s=151),151,0,151,23,23,5.053837593429764,261.2336485120674,1.9346043751313708
4.875,0.0225,ANN (n_s=151),151,0,151,24,24,5.633531076656883,248.4413629559965,2.267549577746715
4.875,0.0225,ANN (n_s=151),151,0,151,25,25,5.355129042052942,232.74443769607404,2.300862308488704
4.875,0.0225,ANN (n_s=151),151,0,151,26,26,6.018327186338914,221.2122928206632,2.720611549023621
4.875,0.0225,ANN (n_s=151),151,0,151,27,27,5.252185448161954,208.44153058927608,2.5197403959344027
4.875,0.0225,ANN (n_s=151),151,0,151,28,28,6.003150848718224,195.74013481212296,3.066898290675146
4.875,0.0225,ANN (n_s=151),151,0,151,29,29,5.187869644015508,180.76913376419415,2.8698868750363484
4.875,0.0225,ANN (n_s=151),151,0,151,30,30,5.73114868733196,157.27692411326953,3.6439857402122358
4.875,0.0225,ANN (n_s=151),151,0,151,31,31,5.44520924678539,151.44241407185515,3.5955642150565508
4.875,0.0225,ANN (n_s=151),151,0,151,32,32,5.3973630477130285,164.99003416318777,3.2713267047236463
4.875,0.0225,ANN (n_s=151),151,0,151,33,33,5.917106572879911,154.355441125711,3.833429213590773
4.875,0.0225,ANN (n_s=151),151,0,151,34,34,5.337421841047836,134.25995187496142,3.9754385179719627
4.875,0.0225,ANN (n_s=151),151,0,151,35,35,5.858914026273224,122.01657502223894,4.8017361782244485
4.875,0.0225,ANN (n_s=151),151,0,151,36,36,6.3383661065600485,126.2467227487928,5.020618332542543
4.875,0.0225,ANN (n_s=151),151,0,151,37,37,5.825366727480435,127.55772567513564,4.566847438403295
4.875,0.0225,ANN (n_s=151),151,0,151,38,38,5.964562041966474,130.06878483250725,4.585698290060283
4.875,0.0225,ANN (n_s=151),151,0,151,39,39,5.5690528475719665,122.90689618395554,4.531115031362219
4.875,0.0225,ANN (n_s=151),151,0,151,40,40,5.761961129635643,105.44298400562161,5.46452775779605
4.875,0.0225,ANN (n_s=151),151,0,151,41,41,5.994616307420735,117.42448967774298,5.105081847808936
4.875,0.0225,ANN (n_s=151),151,0,151,42,42,6.488925233806078,111.12544395554187,5.839279469067509
4.875,0.0225,ANN (n_s=151),151,0,151,43,43,5.8882693637780275,89.26016437130748,6.596749406917742
4.875,0.0225,ANN (n_s=151),151,0,151,44,44,6.6653831274121895,102.7099487482832,6.489520449228734
4.875,0.0225,ANN (n_s=151),151,0,151,45,45,6.439571385832928,99.90647853457376,6.44559940485185
4.875,0.0225,ANN (n_s=151),151,0,151,46,46,5.922982962062255,83.53271431741287,7.090614749516855
4.875,0.0225,ANN (n_s=151),151,0,151,47,47,5.896771814331791,85.45488218354036,6.900450464218859
4.875,0.0225,ANN (n_s=151),151,0,151,48,48,6.880120037620177,91.1726269718879,7.546256224186222
4.875,0.0225,ANN (n_s=151),151,0,151,49,49,6.195517815387136,80.05917124925676,7.738673432051862
4.875,0.0225,ANN (n_s=151),151,0,151,50,50,5.988516057947657,74.11683327543669,8.079832601175545
4.875,0.0225,ANN (n_s=151),151,0,151,51,51,5.79850162081572,79.29513184187321,7.3125568822797735
4.875,0.0225,ANN (n_s=151),151,0,151,52,52,6.416269162622255,67.58723787329518,9.49331466193476
4.875,0.0225,ANN (n_s=151),151,0,151,53,53,6.1722543687184075,72.23950274443519,8.544154007474635
4.875,0.0225,ANN (n_s=151),151,0,151,54,54,6.269505541801975,74.63069871242743,8.40070594268466
4.875,0.0225,ANN (n_s=151),151,0,151,55,55,6.537189331735074,56.13163114720919,11.646177383641017
4.875,0.0225,ANN (n_s=151),151,0,151,56,56,6.292718017100394,76.22636151967735,8.255304190894602
4.875,0.0225,ANN (n_s=151),151,0,151,57,57,5.923670233278985,55.867241397995485,10.60311926103358
4.875,0.0225,ANN (n_s=151),151,0,151,58,58,7.207908759157868,64.306354657996,11.208703708198177
4.875,0.0225,ANN (n_s=151),151,0,151,59,59,5.886159130867833,70.63799788388253,8.332851025228274
4.875,0.0225,ANN (n_s=151),151,0,151,60,60,6.854624440620705,53.25060818982116,12.872387140042028
4.875,0.0225,ANN (n_s=151),151,0,151,61,61,6.561786865330453,54.79728571293551,11.974656737024238
4.875,0.0225,ANN (n_s=151),151,0,151,62,62,6.755121933710116,51.51429946758298,13.113100641038502
4.875,0.0225,ANN (n_s=151),151,0,151,63,63,7.0789116985897085,64.26547202038356,11.015108854011745
4.875,0.0225,ANN (n_s=151),151,0,151,64,64,5.610107424959535,51.51489894684767,10.890261923541699
4.875,0.0225,ANN (n_s=151),151,0,151,65,65,6.992567374573283,56.812599188694456,12.308127905481895
4.875,0.0225,ANN (n_s=151),151,0,151,66,66,6.875313288612477,49.10038906712177,14.002563766274253
4.875,0.0225,ANN (n_s=151),151,0,151,67,67,7.92537859434129,57.82868401658932,13.70492642036906
4.875,0.0225,ANN (n_s=151),151,0,151,68,68,7.10151573314931,46.345966480186654,15.322834482662643
4.875,0.0225,ANN (n_s=151),151,0,151,69,69,7.229885229919061,55.7836297223911,12.96058586703447
4.875,0.0225,ANN (n_s=151),151,0,151,70,70,5.989107674908817,45.92172031206824,13.041993275097052
4.875,0.0225,ANN (n_s=151),151,0,151,71,71,7.991809115755072,51.81175660669019,15.42470211234477
4.875,0.0225,ANN (n_s=151),151,0,151,72,72,7.745145904160389,51.24326965717849,15.114464701366687
4.875,0.0225,ANN (n_s=151),151,0,151,73,73,7.83857813158616,43.71275727582824,17.932014862674066
4.875,0.0225,ANN (n_s=151),151,0,151,74,74,7.75089525417845,49.34496190945856,15.707571663344904
4.875,0.0225,ANN (n_s=151),151,0,151,75,75,5.6090741574967575,38.5513098601376,14.549633145660223
4.875,0.0225,ANN (n_s=151),151,0,151,76,76,5.246339522437577,38.705595044605936,13.554473239311983
4.875,0.0225,ANN (n_s=151),151,0,151,77,77,8.685575148987807,46.764079732766234,18.573176674536537
4.875,0.0225,ANN (n_s=151),151,0,151,78,78,7.933981899244471,42.63027643370418,18.611143447739263
4.875,0.0225,ANN (n_s=151),151,0,151,79,79,5.241008110446673,27.388534107870054,19.135774444170334
4.875,0.0225,ANN (n_s=151),151,0,151,80,80,7.184839850458727,41.75394364815449,17.207571842800757
4.875,0.0225,ANN (n_s=151),151,0,151,81,81,7.919958122384658,42.24271204273275,18.748697087376456
4.875,0.0225,ANN (n_s=151),151,0,151,82,82,7.250495584593036,39.481404268187504,18.36433054747039
4.875,0.0225,ANN (n_s=151),151,0,151,83,83,8.557468845546257,41.971188640141975,20.38891230581386
4.875,0.0225,ANN (n_s=151),151,0,151,84,84,7.584722474988751,36.19688036749214,20.9540778044521
4.875,0.0225,ANN (n_s=151),151,0,151,85,85,11.198246275014071,40.94691806548261,27.348203000542686
4.875,0.0225,ANN (n_s=151),151,0,151,86,86,6.913147966030815,33.55005954240282,20.605471526193607
4.875,0.0225,ANN (n_s=151),151,0,151,87,87,10.80255588898578,39.2563977420356,27.51794996569042
4.875,0.0225,ANN (n_s=151),151,0,151,88,88,10.106602049043435,34.11757961179248,29.622857670566308
4.875,0.0225,ANN (n_s=151),151,0,151,89,89,6.194282519654687,23.738399706931084,26.093934705489414
4.875,0.0225,ANN (n_s=151),151,0,151,90,90,10.395899479096453,33.14179940100932,31.36793917948779
4.875,0.0225,ANN (n_s=151),151,0,151,91,91,10.11776686052752,34.351116236079264,29.453968223311318
4.875,0.0225,ANN (n_s=151),151,0,151,92,92,9.520549443631614,31.782427347023475,29.955388050382012
4.875,0.0225,ANN (n_s=151),151,0,151,93,93,12.91827058648533,34.68128387939676,37.24853621742572
4.875,0.0225,ANN (n_s=151),151,0,151,94,94,8.100575325982868,29.30641801897214,27.640960149885213
4.875,0.0225,ANN (n_s=151),151,0,151,95,95,14.06590631989188,33.543267788475625,41.93361961211325
4.875,0.0225,ANN (n_s=151),151,0,151,96,96,7.582829738859705,25.926404969207415,29.247517146576133
4.875,0.0225,ANN (n_s=151),151,0,151,97,97,11.186422339369614,25.274416495542855,44.25986388782641
4.875,0.0225,ANN (n_s=151),151,0,151,98,98,9.927283180492886,29.14234832981456,34.064801738494815
4.875,0.0225,ANN (n_s=151),151,0,151,99,99,11.50711790081931,28.317501743532684,40.63606318466061
4.875,0.0225,ANN (n_s=151),151,0,151,100,100,10.260565130403211,29.813145925472604,34.416244283822785
4.875,0.0225,ANN (n_s=151),151,0,151,101,101,12.799193213203383,28.978910041336498,44.167269213873745
4.875,0.0225,ANN (n_s=151),151,0,151,102,102,11.692046922427448,28.05523424982786,41.675099977107436
4.875,0.0225,ANN (n_s=151),151,0,151,103,103,6.158453259647361,15.985396028975316,38.52549695036943
4.875,0.0225,ANN (n_s=151),151,0,151,104,104,13.834060779251331,28.46962558697495,48.59235235457578
4.875,0.0225,ANN (n_s=151),151,0,151,105,105,10.116905138047281,26.16239906364236,38.66963848933353
4.875,0.0225,ANN (n_s=151),151,0,151,106,106,14.78299725855623,27.836785618272838,53.105978043859565
4.875,0.0225,ANN (n_s=151),151,0,151,107,107,8.66138351734042,23.91225045547337,36.221532278898835
4.875,0.0225,ANN (n_s=151),151,0,151,108,108,15.674306849347518,27.033802726530705,57.980399605287154
4.875,0.0225,ANN (n_s=151),151,0,151,109,109,6.7465450202886705,19.59071474538877,34.43746237934816
4.875,0.0225,ANN (n_s=151),151,0,151,110,110,14.591929034471685,26.337615355520075,55.40337968149943
4.875,0.0225,ANN (n_s=151),151,0,151,111,111,9.584670865034335,23.90803053179458,40.089754997961734
4.875,0.0225,ANN (n_s=151),151,0,151,112,112,15.418873522965528,25.48318678540589,60.506064852908615
4.875,0.0225,ANN (n_s=151),151,0,151,113,113,9.196002348747717,21.135146111228305,43.51047445024393
4.875,0.0225,ANN (n_s=151),151,0,151,114,114,8.853250513206664,17.75505955413802,49.86325439355292
4.875,0.0225,ANN (n_s=151),151,0,151,115,115,15.443135023284169,24.790467782786628,62.29464953463758
4.875,0.0225,ANN (n_s=151),151,0,151,116,116,12.041432749915959,21.696716862544907,55.49887029545522
4.875,0.0225,ANN (n_s=151),151,0,151,117,117,16.25647543566511,23.797872521373684,68.31062491432633
4.875,0.0225,ANN (n_s=151),151,0,151,118,118,11.214886114628019,19.90070494128179,56.3542153291464
4.875,0.0225,ANN (n_s=151),151,0,151,119,119,11.95760000422901,20.861025800236696,57.320287692148554
4.875,0.0225,ANN (n_s=151),151,0,151,120,120,13.118347223007042,21.314092565001456,61.54776321347062
4.875,0.0225,ANN (n_s=151),151,0,151,121,121,13.038895645649749,20.249297897612472,64.39184070271949
4.875,0.0225,ANN (n_s=151),151,0,151,122,122,14.143164179371116,21.07567313355866,67.10658345166232
4.875,0.0225,ANN (n_s=151),151,0,151,123,123,7.438233770458878,14.96745652614693,49.696043930141954
4.875,0.0225,ANN (n_s=151),151,0,151,124,124,13.665386640993843,19.40037693499889,70.4387687248543
4.875,0.0225,ANN (n_s=151),151,0,151,125,125,14.921606050420213,19.497718622081475,76.5300102008922
4.875,0.0225,ANN (n_s=151),151,0,151,126,126,13.499160994509559,19.75738132844846,68.32464672366397
4.875,0.0225,ANN (n_s=151),151,0,151,127,127,11.071556734541682,17.316125871437677,63.93783931083461
4.875,0.0225,ANN (n_s=151),151,0,151,128,128,13.133361223704359,18.61284469805931,70.56074144901518
4.875,0.0225,ANN (n_s=151),151,0,151,129,129,12.767570680851266,18.435577888012347,69.2550608307935
4.875,0.0225,ANN (n_s=151),151,0,151,130,130,13.089937317217569,16.954021267454017,77.20845167480012
4.875,0.0225,ANN (n_s=151),151,0,151,131,131,15.638688743828316,19.3341824071041,80.88621703538949
4.875,0.0225,ANN (n_s=151),151,0,151,132,132,11.12091355852871,15.291745519740614,72.72494525999245
4.875,0.0225,ANN (n_s=151),151,0,151,133,133,14.375735068429593,18.708535710175546,76.84051435736177
4.875,0.0225,ANN (n_s=151),151,0,151,134,134,9.7283872049836,15.069046661537245,64.55874365174455
4.875,0.0225,ANN (n_s=151),151,0,151,135,135,12.208704992006687,16.71545929250865,73.03840581561674
4.875,0.0225,ANN (n_s=151),151,0,151,136,136,15.593358333135715,18.309554557462796,85.16514306340683
4.875,0.0225,ANN (n_s=151),151,0,151,137,137,12.97007712473858,16.87594496648669,76.85541254427751
4.875,0.0225,ANN (n_s=151),151,0,151,138,138,13.602738353429237,17.584087345308568,77.35822784717027
4.875,0.0225,ANN (n_s=151),151,0,151,139,139,12.004265885412462,16.433063846846377,73.0494690295758
4.875,0.0225,ANN (n_s=151),151,0,151,140,140,14.577291866123424,17.844506636863173,81.69064106266553
4.875,0.0225,ANN (n_s=151),151,0,151,141,141,12.625026811671797,16.72038503651198,75.50679475444358
4.875,0.0225,ANN (n_s=151),151,0,151,142,142,10.712072287890978,14.392809786076207,74.4265535854853
4.875,0.0225,ANN (n_s=151),151,0,151,143,143,14.7345738517554,17.95467227349252,82.06540129116625
4.875,0.0225,ANN (n_s=151),151,0,151,144,144,12.818627575152794,15.917714833313205,80.53057684087591
4.875,0.0225,ANN (n_s=151),151,0,151,145,145,14.971341408730195,18.18363929591471,82.334131056448
4.875,0.0225,ANN (n_s=151),151,0,151,146,146,13.853252790235263,17.129070131733805,80.87568492448595
4.875,0.0225,ANN (n_s=151),151,0,151,147,147,15.758160199821152,19.300116280646524,81.64800652327095
4.875,0.0225,ANN (n_s=151),151,0,151,148,148,18.58340522779996,22.058324429616857,84.24667651931324
4.875,0.0225,ANN (n_s=151),151,0,151,149,149,13.213830795342389,14.877017941136906,88.8204265641464
4.875,0.0225,ANN (n_s=151),151,0,151,150,150,15.57418794654675,18.770828047450895,82.97017002753775
4.875,0.0225,ANN (n_s=151),151,0,151,151,151,15.941826592028626,19.681207046022234,81.00024838288883
5.19,0.026,ANN (n_s=131),151,20,131,21,1,137.2952709390158,321.4080617432044,42.71680996250514
5.19,0.026,ANN (n_s=131),151,20,131,22,2,140.50988007768638,303.53892341882516,46.290564154044205
5.19,0.026,ANN (n_s=131),151,20,131,23,3,145.5501963988685,285.73849425036923,50.93825274775011
5.19,0.026,ANN (n_s=131),151,20,131,24,4,146.27224066947102,270.516841811625,54.071398915461245
5.19,0.026,ANN (n_s=131),151,20,131,25,5,133.3142753509086,256.05593171223825,52.064513584762544
5.19,0.026,ANN (n_s=131),151,20,131,26,6,145.50782386423302,241.9483977189372,60.14002375550519
5.19,0.026,ANN (n_s=131),151,20,131,27,7,149.0657061268478,229.98422541891742,64.81562196508212
5.19,0.026,ANN (n_s=131),151,20,131,28,8,120.0113190440607,214.2335052809222,56.01893078614901
5.19,0.026,ANN (n_s=131),151,20,131,29,9,124.15948906173003,200.51781233085399,61.91943130561744
5.19,0.026,ANN (n_s=131),151,20,131,30,10,117.42215323217819,171.79774971117428,68.34906361089587
5.19,0.026,ANN (n_s=131),151,20,131,31,11,100.76377207769474,167.94716316568724,59.9973052109769
5.19,0.026,ANN (n_s=131),151,20,131,32,12,131.98650143767836,180.3554540022621,73.18131972655672
5.19,0.026,ANN (n_s=131),151,20,131,33,13,121.48021414355594,171.94730620018265,70.64967566408254
5.19,0.026,ANN (n_s=131),151,20,131,34,14,117.0002085262922,145.71103543943406,80.29605182163725
5.19,0.026,ANN (n_s=131),151,20,131,35,15,105.68628410613056,140.5225612870602,75.20947749467366
5.19,0.026,ANN (n_s=131),151,20,131,36,16,104.79877877879096,137.24629445639363,76.35818452795314
5.19,0.026,ANN (n_s=131),151,20,131,37,17,103.19777170194351,138.0435761513664,74.75738790538571
5.19,0.026,ANN (n_s=131),151,20,131,38,18,108.79824883482532,146.03732029286826,74.50030486497394
5.19,0.026,ANN (n_s=131),151,20,131,39,19,90.48047800443318,135.86676701639803,66.59500331932747
5.19,0.026,ANN (n_s=131),151,20,131,40,20,93.57098770936196,127.65158205097744,73.30186293499641
5.19,0.026,ANN (n_s=131),151,20,131,41,21,101.01954048945314,130.33665815961487,77.50662163344793
5.19,0.026,ANN (n_s=131),151,20,131,42,22,92.03575561533383,126.81211734919951,72.57646787956166
5.19,0.026,ANN (n_s=131),151,20,131,43,23,86.17336173404698,105.58040802709546,81.61870497027442
5.19,0.026,ANN (n_s=131),151,20,131,44,24,98.45999995136535,117.08055333388388,84.09594689101147
5.19,0.026,ANN (n_s=131),151,20,131,45,25,77.32436866489067,113.91509496190776,67.87894851928736
5.19,0.026,ANN (n_s=131),151,20,131,46,26,87.41520448025891,98.48459124167363,88.76028562249775
5.19,0.026,ANN (n_s=131),151,20,131,47,27,83.15003566198838,100.5931724258346,82.65972098980505
5.19,0.026,ANN (n_s=131),151,20,131,48,28,76.02498767389727,103.02677121042784,73.791488154685
5.19,0.026,ANN (n_s=131),151,20,131,49,29,88.38790143349135,93.9621387136268,94.06757087860214
5.19,0.026,ANN (n_s=131),151,20,131,50,30,81.37488832554784,83.79536033104449,97.11144865785617
5.19,0.026,ANN (n_s=131),151,20,131,51,31,82.3807428347357,91.49195826914851,90.04151227410644
5.19,0.026,ANN (n_s=131),151,20,131,52,32,59.2031105505493,76.11535390069764,77.78077288819736
5.19,0.026,ANN (n_s=131),151,20,131,53,33,72.12808203537261,82.90002953331698,87.00609932398734
5.19,0.026,ANN (n_s=131),151,20,131,54,34,67.70109305335096,81.39275244331242,83.17828187528455
5.19,0.026,ANN (n_s=131),151,20,131,55,35,64.66569134096305,66.8494548367059,96.73331143675418
5.19,0.026,ANN (n_s=131),151,20,131,56,36,72.60965436413915,82.54484207233762,87.96389034278867
5.19,0.026,ANN (n_s=131),151,20,131,57,37,65.22787940070324,65.50684518697635,99.57414254116978
5.19,0.026,ANN (n_s=131),151,20,131,58,38,77.78449019254134,69.56064152246937,111.82256012894234
5.19,0.026,ANN (n_s=131),151,20,131,59,39,66.52164070686753,78.66341074074982,84.56490772578144
5.19,0.026,ANN (n_s=131),151,20,131,60,40,57.500881692855394,58.56090934675932,98.18987159569681
5.19,0.026,ANN (n_s=131),151,20,131,61,41,67.19589856381774,62.90667650560705,106.81838923381746
5.19,0.026,ANN (n_s=131),151,20,131,62,42,59.92118474644501,56.84411362806845,105.41317459624732
5.19,0.026,ANN (n_s=131),151,20,131,63,43,60.54233269242037,70.73750486299025,85.58731723670965
5.19,0.026,ANN (n_s=131),151,20,131,64,44,73.63315315992703,57.86106505657494,127.25855130376634
5.19,0.026,ANN (n_s=131),151,20,131,65,45,73.05019469262876,60.44565701195135,120.85267710496593
5.19,0.026,ANN (n_s=131),151,20,131,66,46,83.67117450924157,55.31269021185489,151.26939982266265
5.19,0.026,ANN (n_s=131),151,20,131,67,47,71.89930105936554,62.122795815747686,115.7373877257784
5.19,0.026,ANN (n_s=131),151,20,131,68,48,57.60424857820159,50.63743707445537,113.75822297937886
5.19,0.026,ANN (n_s=131),151,20,131,69,49,52.519628770651096,59.85497444450377,87.74480192844483
5.19,0.026,ANN (n_s=131),151,20,131,70,50,61.53762118617379,50.37005662221374,122.17103833676262
5.19,0.026,ANN (n_s=131),151,20,131,71,51,70.79960279974162,54.48639968161455,129.93995421509135
5.19,0.026,ANN (n_s=131),151,20,131,72,52,60.59814131273121,56.432029194128006,107.38253112301108
5.19,0.026,ANN (n_s=131),151,20,131,73,53,57.39615300288527,43.82352844561383,130.97109027657467
5.19,0.026,ANN (n_s=131),151,20,131,74,54,49.27796379443878,53.64230813745567,91.86398852966305
5.19,0.026,ANN (n_s=131),151,20,131,75,55,43.262711037831416,41.50393382422283,104.23761569459259
5.19,0.026,ANN (n_s=131),151,20,131,76,56,44.314545891406816,42.766952244328046,103.61866713867603
5.19,0.026,ANN (n_s=131),151,20,131,77,57,65.34675808183309,51.37392338139412,127.19830174679524
5.19,0.026,ANN (n_s=131),151,20,131,78,58,51.494207812034816,44.38536358195794,116.01619015004877
5.19,0.026,ANN (n_s=131),151,20,131,79,59,48.31354603307163,44.25586856626322,109.1686766032689
5.19,0.026,ANN (n_s=131),151,20,131,80,60,49.865352579879044,45.951741545944,108.51678500590036
5.19,0.026,ANN (n_s=131),151,20,131,81,61,56.03382868501008,45.50764215381558,123.13059089200017
5.19,0.026,ANN (n_s=131),151,20,131,82,62,46.713121444540064,44.489196712142984,104.99879722887889
5.19,0.026,ANN (n_s=131),151,20,131,83,63,56.83888639930624,45.2666458421541,125.56460798422049
5.19,0.026,ANN (n_s=131),151,20,131,84,64,50.468849152230774,40.15083365131819,125.69813516331271
5.19,0.026,ANN (n_s=131),151,20,131,85,65,52.01678182430024,44.84274889102239,115.9982006248375
5.19,0.026,ANN (n_s=131),151,20,131,86,66,68.8235402619137,39.88212134658784,172.56740097603154
5.19,0.026,ANN (n_s=131),151,20,131,87,67,48.94734852919877,43.12523048025807,113.50049143877843
5.19,0.026,ANN (n_s=131),151,20,131,88,68,54.90033250446993,40.91087417172279,134.19496311427275
5.19,0.026,ANN (n_s=131),151,20,131,89,69,43.31468929373716,35.033651300551924,123.63738201919813
5.19,0.026,ANN (n_s=131),151,20,131,90,70,53.637039683740696,37.57573406596803,142.74382395184992
5.19,0.026,ANN (n_s=131),151,20,131,91,71,54.51084344491367,40.02217626132707,136.2015975567696
5.19,0.026,ANN (n_s=131),151,20,131,92,72,63.82266954129311,36.400349468250326,175.33532087916217
5.19,0.026,ANN (n_s=131),151,20,131,93,73,70.25112468746859,39.61678216010402,177.32668040418184
5.19,0.026,ANN (n_s=131),151,20,131,94,74,58.29004463488947,32.86986873753626,177.33579984858366
5.19,0.026,ANN (n_s=131),151,20,131,95,75,64.13016285568878,37.78910268080719,169.70543968026004
5.19,0.026,ANN (n_s=131),151,20,131,96,76,54.83760517662397,34.61836463174062,158.4061112070698
5.19,0.026,ANN (n_s=131),151,20,131,97,77,55.52440619580204,33.97336882914457,163.4350908060951
5.19,0.026,ANN (n_s=131),151,20,131,98,78,46.82425029579551,34.05115412605277,137.51149262799862
5.19,0.026,ANN (n_s=131),151,20,131,99,79,34.30582838308923,31.4957531138529,108.92207676088356
5.19,0.026,ANN (n_s=131),151,20,131,100,80,44.50315527888654,32.83098827707843,135.55228646576333
5.19,0.026,ANN (n_s=131),151,20,131,101,81,52.60144185897787,31.93922316859327,164.69230194271705
5.19,0.026,ANN (n_s=131),151,20,131,102,82,50.48300389247255,30.911988988449874,163.3120531691937
5.19,0.026,ANN (n_s=131),151,20,131,103,83,33.4543315538293,31.31431328855724,106.83399391694167
5.19,0.026,ANN (n_s=131),151,20,131,104,84,56.75399791508908,31.616100130540453,179.50979937676112
5.19,0.026,ANN (n_s=131),151,20,131,105,85,50.48781709063881,27.90008829288793,180.95934522009654
5.19,0.026,ANN (n_s=131),151,20,131,106,86,44.38005661610624,30.75964435601618,144.28013569482667
5.19,0.026,ANN (n_s=131),151,20,131,107,87,57.19584197915742,29.269936775112562,195.4081500708587
5.19,0.026,ANN (n_s=131),151,20,131,108,88,43.95390150250196,30.049837999625783,146.27001151570045
5.19,0.026,ANN (n_s=131),151,20,131,109,89,37.72766286293727,27.093609047254393,139.24930708616876
5.19,0.026,ANN (n_s=131),151,20,131,110,90,64.02467187852926,28.619446213578144,223.71038000083155
5.19,0.026,ANN (n_s=131),151,20,131,111,91,52.29461937341583,25.77014994436286,202.92710553224822
5.19,0.026,ANN (n_s=131),151,20,131,112,92,44.81127849849169,27.93131940118107,160.43380498737505
5.19,0.026,ANN (n_s=131),151,20,131,113,93,37.12316381423623,27.379097107829605,135.58943769413094
5.19,0.026,ANN (n_s=131),151,20,131,114,94,44.20602355987157,24.16613616632691,182.92549233198574
5.19,0.026,ANN (n_s=131),151,20,131,115,95,50.317562011210235,27.024757980473964,186.19061102255156
5.19,0.026,ANN (n_s=131),151,20,131,116,96,37.72215305233097,24.74561956757451,152.4397194797268
5.19,0.026,ANN (n_s=131),151,20,131,117,97,51.50202989049999,25.88731572483552,198.94696861556207
5.19,0.026,ANN (n_s=131),151,20,131,118,98,41.63500538977313,25.886067826177598,160.8394355965846
5.19,0.026,ANN (n_s=131),151,20,131,119,99,37.52893263797597,24.775193339978994,151.47785982124566
5.19,0.026,ANN (n_s=131),151,20,131,120,100,31.96898787305762,22.746101390014726,140.54710882055434
5.19,0.026,ANN (n_s=131),151,20,131,121,101,34.078410448249706,23.99330009939237,142.03302716624938
5.19,0.026,ANN (n_s=131),151,20,131,122,102,45.35145348367683,23.9344161940228,189.48217961966648
5.19,0.026,ANN (n_s=131),151,20,131,123,103,27.260386382014282,24.337634894317063,112.00918454233074
5.19,0.026,ANN (n_s=131),151,20,131,124,104,46.008817525082115,23.05752018956359,199.53931362448446
5.19,0.026,ANN (n_s=131),151,20,131,125,105,42.20437518655522,21.58864466951412,195.4933986483788
5.19,0.026,ANN (n_s=131),151,20,131,126,106,36.53004084435954,23.290961289575943,156.8421345524663
5.19,0.026,ANN (n_s=131),151,20,131,127,107,35.804771923937636,24.421714394648895,146.61039493518487
5.19,0.026,ANN (n_s=131),151,20,131,128,108,39.584084608885746,20.090073407786733,197.03305112635033
5.19,0.026,ANN (n_s=131),151,20,131,129,109,30.372264015878176,21.39963514821596,141.92888713063056
5.19,0.026,ANN (n_s=131),151,20,131,130,110,26.036844796238267,20.173166514307635,129.06672226084027
5.19,0.026,ANN (n_s=131),151,20,131,131,111,32.43360462295218,21.15340052755509,153.32572453636067
5.19,0.026,ANN (n_s=131),151,20,131,132,112,37.090673101609255,23.14843213943586,160.22974203259872
5.19,0.026,ANN (n_s=131),151,20,131,133,113,33.71632453236831,20.55393498248822,164.0382951541607
5.19,0.026,ANN (n_s=131),151,20,131,134,114,33.90606886888242,20.266205739644583,167.3034869203743
5.19,0.026,ANN (n_s=131),151,20,131,135,115,38.202080725465436,21.59584095667279,176.89554577712133
5.19,0.026,ANN (n_s=131),151,20,131,136,116,32.44817144841432,20.192611454874363,160.69328883452343
5.19,0.026,ANN (n_s=131),151,20,131,137,117,24.893760521653608,19.746662848945174,126.06565834481435
5.19,0.026,ANN (n_s=131),151,20,131,138,118,42.0593662467886,19.635987973610185,214.19531476243694
5.19,0.026,ANN (n_s=131),151,20,131,139,119,40.78321398776631,21.06030116944417,193.6497187748558
5.19,0.026,ANN (n_s=131),151,20,131,140,120,30.81321196731948,19.993742328114976,154.11427966634483
5.19,0.026,ANN (n_s=131),151,20,131,141,121,44.51768747538733,22.578649379644993,197.16718536548396
5.19,0.026,ANN (n_s=131),151,20,131,142,122,37.800672655634294,21.1111639605217,179.05536959649552
5.19,0.026,ANN (n_s=131),151,20,131,143,123,21.448997557771325,19.91723980029029,107.69061261921802
5.19,0.026,ANN (n_s=131),151,20,131,144,124,43.44638188371641,21.75887628584279,199.67199276731216
5.19,0.026,ANN (n_s=131),151,20,131,145,125,36.8434804107459,20.30185140782979,181.4784261327837
5.19,0.026,ANN (n_s=131),151,20,131,146,126,38.02871404332097,23.071780710670645,164.8278237393821
5.19,0.026,ANN (n_s=131),151,20,131,147,127,22.767380757510786,21.01944852411673,108.31578540887294
5.19,0.026,ANN (n_s=131),151,20,131,148,128,39.25764615858514,20.95288542266516,187.3615273823783
5.19,0.026,ANN (n_s=131),151,20,131,149,129,36.944709963381534,21.78884472378581,169.5579110858081
5.19,0.026,ANN (n_s=131),151,20,131,150,130,30.67097050546793,20.79041216261041,147.52459097769486
5.19,0.026,ANN (n_s=131),151,20,131,151,131,42.66281799205327,19.739660609829738,216.12741391718006
5.19,0.026,ANN (n_s=141),151,10,141,11,1,36.33776668532058,747.3363065771706,4.862304475979357
5.19,0.026,ANN (n_s=141),151,10,141,12,2,35.82989090327914,665.415248484981,5.384591198481958
5.19,0.026,ANN (n_s=141),151,10,141,13,3,32.056141184640126,594.6783676008321,5.39050063548928
5.19,0.026,ANN (n_s=141),151,10,141,14,4,31.289240085221138,538.8958296683485,5.806175955096443
5.19,0.026,ANN (n_s=141),151,10,141,15,5,28.842680125054194,491.8108044120385,5.864588550374715
5.19,0.026,ANN (n_s=141),151,10,141,16,6,27.807782094500197,453.58077859002884,6.1307232155960465
5.19,0.026,ANN (n_s=141),151,10,141,17,7,28.130330336351587,420.167598425307,6.695026090012103
5.19,0.026,ANN (n_s=141),151,10,141,18,8,27.565328420296954,392.31643581805645,7.026299666191108
5.19,0.026,ANN (n_s=141),151,10,141,19,9,26.218277773662276,365.55043303408667,7.172273756058575
5.19,0.026,ANN (n_s=141),151,10,141,20,10,29.852418633938612,343.5381376455975,8.689695658982442
5.19,0.026,ANN (n_s=141),151,10,141,21,11,26.250949096166345,321.4080617432044,8.16748309105578
5.19,0.026,ANN (n_s=141),151,10,141,22,12,26.28387443539524,303.53892341882516,8.659144645884036
5.19,0.026,ANN (n_s=141),151,10,141,23,13,25.65022787751504,285.73849425036923,8.976819152353986
5.19,0.026,ANN (n_s=141),151,10,141,24,14,22.77040244653246,270.516841811625,8.417369615156414
5.19,0.026,ANN (n_s=141),151,10,141,25,15,25.31577953200984,256.05593171223825,9.886816275930025
5.19,0.026,ANN (n_s=141),151,10,141,26,16,27.10090265761983,241.9483977189372,11.201108547576323
5.19,0.026,ANN (n_s=141),151,10,141,27,17,23.2857067464958,229.98422541891742,10.124914743209354
5.19,0.026,ANN (n_s=141),151,10,141,28,18,25.15506800599919,214.2335052809222,11.741892554581325
5.19,0.026,ANN (n_s=141),151,10,141,29,19,23.897220040782667,200.51781233085399,11.917754219935485
5.19,0.026,ANN (n_s=141),151,10,141,30,20,19.888474284329305,171.79774971117428,11.57667915776879
5.19,0.026,ANN (n_s=141),151,10,141,31,21,20.47525817245666,167.94716316568724,12.191487957588732
5.19,0.026,ANN (n_s=141),151,10,141,32,22,21.663433331616744,180.3554540022621,12.011521055163117
5.19,0.026,ANN (n_s=141),151,10,141,33,23,20.753193796164243,171.94730620018265,12.069507952630081
5.19,0.026,ANN (n_s=141),151,10,141,34,24,19.263291539392537,145.71103543943406,13.220200845665858
5.19,0.026,ANN (n_s=141),151,10,141,35,25,17.167020498180168,140.5225612870602,12.216558210258702
5.19,0.026,ANN (n_s=141),151,10,141,36,26,20.40004672414789,137.24629445639363,14.863823322114875
5.19,0.026,ANN (n_s=141),151,10,141,37,27,18.969770093515237,138.0435761513664,13.741870952918998
5.19,0.026,ANN (n_s=141),151,10,141,38,28,20.560006751776356,146.03732029286826,14.078597656095448
5.19,0.026,ANN (n_s=141),151,10,141,39,29,19.312248121904688,135.86676701639803,14.214107353841616
5.19,0.026,ANN (n_s=141),151,10,141,40,30,18.600042650999214,127.65158205097744,14.570945657039582
5.19,0.026,ANN (n_s=141),151,10,141,41,31,21.917627612294197,130.33665815961487,16.816165092596663
5.19,0.026,ANN (n_s=141),151,10,141,42,32,19.981128104154216,126.81211734919951,15.756481732051409
5.19,0.026,ANN (n_s=141),151,10,141,43,33,16.994699855092847,105.58040802709546,16.09645214738272
5.19,0.026,ANN (n_s=141),151,10,141,44,34,20.087231787050094,117.08055333388388,17.156761917383864
5.19,0.026,ANN (n_s=141),151,10,141,45,35,17.242625734059054,113.91509496190776,15.13638358448004
5.19,0.026,ANN (n_s=141),151,10,141,46,36,16.567830766942404,98.48459124167363,16.822764412238072
5.19,0.026,ANN (n_s=141),151,10,141,47,37,17.76440608759283,100.5931724258346,17.659653890218227
5.19,0.026,ANN (n_s=141),151,10,141,48,38,17.994165299303265,103.02677121042784,17.465523851612257
5.19,0.026,ANN (n_s=141),151,10,141,49,39,20.646159873106264,93.9621387136268,21.97285008170218
5.19,0.026,ANN (n_s=141),151,10,141,50,40,14.309472203903038,83.79536033104449,17.07668795428721
5.19,0.026,ANN (n_s=141),151,10,141,51,41,17.58828337625971,91.49195826914851,19.223857166242944
5.19,0.026,ANN (n_s=141),151,10,141,52,42,17.68371860790097,76.11535390069764,23.232787738163417
5.19,0.026,ANN (n_s=141),151,10,141,53,43,18.85995959559991,82.90002953331698,22.750244724605576
5.19,0.026,ANN (n_s=141),151,10,141,54,44,17.85819740688629,81.39275244331242,21.94077097874775
5.19,0.026,ANN (n_s=141),151,10,141,55,45,18.674098900165134,66.8494548367059,27.93455675260272
5.19,0.026,ANN (n_s=141),151,10,141,56,46,18.869119073387164,82.54484207233762,22.85923456834691
5.19,0.026,ANN (n_s=141),151,10,141,57,47,16.161406511731133,65.50684518697635,24.671324753316377
5.19,0.026,ANN (n_s=141),151,10,141,58,48,16.31011161685702,69.56064152246937,23.447327770242826
5.19,0.026,ANN (n_s=141),151,10,141,59,49,17.66653750746984,78.66341074074982,22.45839246113198
5.19,0.026,ANN (n_s=141),151,10,141,60,50,14.270523708454759,58.56090934675932,24.36868530157903
5.19,0.026,ANN (n_s=141),151,10,141,61,51,20.50915301768094,62.90667650560705,32.60250605649609
5.19,0.026,ANN (n_s=141),151,10,141,62,52,16.554433080805115,56.84411362806845,29.122510712579533
5.19,0.026,ANN (n_s=141),151,10,141,63,53,17.199911092829375,70.73750486299025,24.315122686534483
5.19,0.026,ANN (n_s=141),151,10,141,64,54,15.255831433793787,57.86106505657494,26.366316311110175
5.19,0.026,ANN (n_s=141),151,10,141,65,55,15.325415266034165,60.44565701195135,25.354038691322383
5.19,0.026,ANN (n_s=141),151,10,141,66,56,17.4825592981911,55.31269021185489,31.606778175551746
5.19,0.026,ANN (n_s=141),151,10,141,67,57,16.059804763389593,62.122795815747686,25.85170958986129
5.19,0.026,ANN (n_s=141),151,10,141,68,58,14.97309526418187,50.63743707445537,29.569220184200866
5.19,0.026,ANN (n_s=141),151,10,141,69,59,16.76063403603048,59.85497444450377,28.00207366485567
5.19,0.026,ANN (n_s=141),151,10,141,70,60,13.820291083710876,50.37005662221374,27.437513496095573
5.19,0.026,ANN (n_s=141),151,10,141,71,61,16.973043141196147,54.48639968161455,31.15097205977328
5.19,0.026,ANN (n_s=141),151,10,141,72,62,16.837065861638845,56.432029194128006,29.836009978869964
5.19,0.026,ANN (n_s=141),151,10,141,73,63,17.486809700773986,43.82352844561383,39.90278811637813
5.19,0.026,ANN (n_s=141),151,10,141,74,64,16.59520420969771,53.64230813745567,30.936782524669418
5.19,0.026,ANN (n_s=141),151,10,141,75,65,19.246120120972424,41.50393382422283,46.37179743607789
5.19,0.026,ANN (n_s=141),151,10,141,76,66,11.31744700065604,42.766952244328046,26.46306647244664
5.19,0.026,ANN (n_s=141),151,10,141,77,67,21.006084567399107,51.37392338139412,40.888612713987875
5.19,0.026,ANN (n_s=141),151,10,141,78,68,13.308835616275186,44.38536358195794,29.984739432629205
5.19,0.026,ANN (n_s=141),151,10,141,79,69,14.359976252775771,44.25586856626322,32.44762043541171
5.19,0.026,ANN (n_s=141),151,10,141,80,70,15.038967768591315,45.951741545944,32.72774276368803
5.19,0.026,ANN (n_s=141),151,10,141,81,71,18.835859584187638,45.50764215381558,41.390541660063455
5.19,0.026,ANN (n_s=141),151,10,141,82,72,20.0794109498289,44.489196712142984,45.133228814509884
5.19,0.026,ANN (n_s=141),151,10,141,83,73,15.334412497394055,45.2666458421541,33.875742750778414
5.19,0.026,ANN (n_s=141),151,10,141,84,74,18.14231910402294,40.15083365131819,45.185410747822196
5.19,0.026,ANN (n_s=141),151,10,141,85,75,17.905467082870164,44.84274889102239,39.929459111403574
5.19,0.026,ANN (n_s=141),151,10,141,86,76,13.56192087025338,39.88212134658784,34.00501380655291
5.19,0.026,ANN (n_s=141),151,10,141,87,77,14.599953915050087,43.12523048025807,33.85478466424353
5.19,0.026,ANN (n_s=141),151,10,141,88,78,12.283911776138861,40.91087417172279,30.0260310365829
5.19,0.026,ANN (n_s=141),151,10,141,89,79,12.251327093778261,35.033651300551924,34.9701690773672
5.19,0.026,ANN (n_s=141),151,10,141,90,80,14.446357629487135,37.57573406596803,38.44597581014674
5.19,0.026,ANN (n_s=141),151,10,141,91,81,17.51661894402324,40.02217626132707,43.76728249270475
5.19,0.026,ANN (n_s=141),151,10,141,92,82,22.170937881451632,36.400349468250326,60.90858523429812
5.19,0.026,ANN (n_s=141),151,10,141,93,83,15.792665684232794,39.61678216010402,39.86357503850163
5.19,0.026,ANN (n_s=141),151,10,141,94,84,16.46505741387839,32.86986873753626,50.09164333861748
5.19,0.026,ANN (n_s=141),151,10,141,95,85,17.115201079582,37.78910268080719,45.29136673116794
5.19,0.026,ANN (n_s=141),151,10,141,96,86,20.142362991739358,34.61836463174062,58.18403961598863
5.19,0.026,ANN (n_s=141),151,10,141,97,87,15.743845031212373,33.97336882914457,46.34172463257832
5.19,0.026,ANN (n_s=141),151,10,141,98,88,11.166680416029672,34.05115412605277,32.79383827840939
5.19,0.026,ANN (n_s=141),151,10,141,99,89,15.640864719009183,31.4957531138529,49.66023407177966
5.19,0.026,ANN (n_s=141),151,10,141,100,90,14.789473715519899,32.83098827707843,45.04729979708057
5.19,0.026,ANN (n_s=141),151,10,141,101,91,18.00645048800829,31.93922316859327,56.3772337008952
5.19,0.026,ANN (n_s=141),151,10,141,102,92,18.441807822017022,30.911988988449874,59.65907864714794
5.19,0.026,ANN (n_s=141),151,10,141,103,93,17.146237713292532,31.31431328855724,54.75527294912147
5.19,0.026,ANN (n_s=141),151,10,141,104,94,15.824875348402779,31.616100130540453,50.0532174527
5.19,0.026,ANN (n_s=141),151,10,141,105,95,15.223649301261053,27.90008829288793,54.564878581913824
5.19,0.026,ANN (n_s=141),151,10,141,106,96,14.10092297229316,30.75964435601618,45.84228220940144
5.19,0.026,ANN (n_s=141),151,10,141,107,97,16.54205142759028,29.269936775112562,56.51550105723338
5.19,0.026,ANN (n_s=141),151,10,141,108,98,15.02088670095611,30.049837999625783,49.98658129585646
5.19,0.026,ANN (n_s=141),151,10,141,109,99,14.471655315029494,27.093609047254393,53.41353855733745
5.19,0.026,ANN (n_s=141),151,10,141,110,100,14.027178328936172,28.619446213578144,49.01275246297796
5.19,0.026,ANN (n_s=141),151,10,141,111,101,15.873822469017735,25.77014994436286,61.59771093023882
5.19,0.026,ANN (n_s=141),151,10,141,112,102,14.33569535901982,27.93131940118107,51.32480550995252
5.19,0.026,ANN (n_s=141),151,10,141,113,103,16.581168995282123,27.379097107829605,60.561416360733105
5.19,0.026,ANN (n_s=141),151,10,141,114,104,13.371003315987316,24.16613616632691,55.329504162185714
5.19,0.026,ANN (n_s=141),151,10,141,115,105,14.384648549162389,27.024757980473964,53.227668346024196
5.19,0.026,ANN (n_s=141),151,10,141,116,106,14.672777886077892,24.74561956757451,59.29444541087347
5.19,0.026,ANN (n_s=141),151,10,141,117,107,15.320224986717857,25.88731572483552,59.180430870320365
5.19,0.026,ANN (n_s=141),151,10,141,118,108,20.97990233133409,25.886067826177598,81.04708089390816
5.19,0.026,ANN (n_s=141),151,10,141,119,109,14.956649998914822,24.775193339978994,60.369458246687906
5.19,0.026,ANN (n_s=141),151,10,141,120,110,14.829647879718836,22.746101390014726,65.1964379541053
5.19,0.026,ANN (n_s=141),151,10,141,121,111,14.27549940662034,23.99330009939237,59.49785709962367
5.19,0.026,ANN (n_s=141),151,10,141,122,112,15.334046575003647,23.9344161940228,64.06693378563817
5.19,0.026,ANN (n_s=141),151,10,141,123,113,16.405612510491643,24.337634894317063,67.40840916436963
5.19,0.026,ANN (n_s=141),151,10,141,124,114,14.692403011998351,23.05752018956359,63.72065552239438
5.19,0.026,ANN (n_s=141),151,10,141,125,115,15.604365841164466,21.58864466951412,72.28043297780425
5.19,0.026,ANN (n_s=141),151,10,141,126,116,15.64591810884938,23.290961289575943,67.17592251485058
5.19,0.026,ANN (n_s=141),151,10,141,127,117,16.719005129541195,24.421714394648895,68.4595882965716
5.19,0.026,ANN (n_s=141),151,10,141,128,118,14.546223219479879,20.090073407786733,72.40502771802663
5.19,0.026,ANN (n_s=141),151,10,141,129,119,14.551938220345432,21.39963514821596,68.00087066698703
5.19,0.026,ANN (n_s=141),151,10,141,130,120,14.473776477032244,20.173166514307635,71.74766770881928
5.19,0.026,ANN (n_s=141),151,10,141,131,121,15.185032773112566,21.15340052755509,71.78530351813677
5.19,0.026,ANN (n_s=141),151,10,141,132,122,16.42060674769584,23.14843213943586,70.93615087529645
5.19,0.026,ANN (n_s=141),151,10,141,133,123,13.74834307652913,20.55393498248822,66.88910463248328
5.19,0.026,ANN (n_s=141),151,10,141,134,124,15.674831898015519,20.266205739644583,77.34467960794724
5.19,0.026,ANN (n_s=141),151,10,141,135,125,16.99527178299863,21.59584095667279,78.69696677751901
5.19,0.026,ANN (n_s=141),151,10,141,136,126,13.762794369737561,20.192611454874363,68.15757536113692
5.19,0.026,ANN (n_s=141),151,10,141,137,127,12.499947693060086,19.746662848945174,63.30157044094065
5.19,0.026,ANN (n_s=141),151,10,141,138,128,14.089494030416486,19.635987973610185,71.75342564556509
5.19,0.026,ANN (n_s=141),151,10,141,139,129,12.4304300628614,21.06030116944417,59.02304037748701
5.19,0.026,ANN (n_s=141),151,10,141,140,130,13.71606033518676,19.993742328114976,68.60176604306534
5.19,0.026,ANN (n_s=141),151,10,141,141,131,11.82056921769172,22.578649379644993,52.35286229453631
5.19,0.026,ANN (n_s=141),151,10,141,142,132,15.989980117196886,21.1111639605217,75.74182146990317
5.19,0.026,ANN (n_s=141),151,10,141,143,133,16.079450046773985,19.91723980029029,80.73131723071202
5.19,0.026,ANN (n_s=141),151,10,141,144,134,12.839494676237008,21.75887628584279,59.00807793365186
5.19,0.026,ANN (n_s=141),151,10,141,145,135,14.398331585344206,20.30185140782979,70.92127361247073
5.19,0.026,ANN (n_s=141),151,10,141,146,136,15.306875178865065,23.071780710670645,66.34457639321126
5.19,0.026,ANN (n_s=141),151,10,141,147,137,15.15355035914672,21.01944852411673,72.09299683462316
5.19,0.026,ANN (n_s=141),151,10,141,148,138,14.667315396102536,20.95288542266516,70.00141078534512
5.19,0.026,ANN (n_s=141),151,10,141,149,139,18.423234486068306,21.78884472378581,84.55351680925317
5.19,0.026,ANN (n_s=141),151,10,141,150,140,15.915866801393722,20.79041216261041,76.5538781862964
5.19,0.026,ANN (n_s=141),151,10,141,151,141,15.236767648889458,19.739660609829738,77.18859989569437
5.19,0.026,ANN (n_s=151),151,0,151,1,1,190.5185365618288,7689.436776199696,2.4776656874469762
5.19,0.026,ANN (n_s=151),151,0,151,2,2,59.33906362168567,3370.0194589266275,1.7607929077236109
5.19,0.026,ANN (n_s=151),151,0,151,3,3,115.7184393175326,2560.0744139590756,4.520120145202249
5.19,0.026,ANN (n_s=151),151,0,151,4,4,95.17770946894815,1818.8074010377582,5.2329735086102325
5.19,0.026,ANN (n_s=151),151,0,151,5,5,122.17474794644725,1465.718378675842,8.335485842568357
5.19,0.026,ANN (n_s=151),151,0,151,6,6,78.82580920265772,1267.477286677435,6.219110198754859
5.19,0.026,ANN (n_s=151),151,0,151,7,7,71.14354371723252,1278.3677057054767,5.565186244905289
5.19,0.026,ANN (n_s=151),151,0,151,8,8,40.02724413368429,1121.4831674558147,3.569134633067181
5.19,0.026,ANN (n_s=151),151,0,151,9,9,34.785938865638215,971.8112617455324,3.579495343895991
5.19,0.026,ANN (n_s=151),151,0,151,10,10,45.72919378891917,852.6095949523668,5.363438795393095
5.19,0.026,ANN (n_s=151),151,0,151,11,11,39.55343879043008,747.3363065771706,5.292588951229517
5.19,0.026,ANN (n_s=151),151,0,151,12,12,37.98056079849449,665.415248484981,5.707798383786473
5.19,0.026,ANN (n_s=151),151,0,151,13,13,45.35053553182624,594.6783676008321,7.626061078156962
5.19,0.026,ANN (n_s=151),151,0,151,14,14,42.20108438498825,538.8958296683485,7.831028199078842
5.19,0.026,ANN (n_s=151),151,0,151,15,15,47.032347622194976,491.8108044120385,9.563097679080537
5.19,0.026,ANN (n_s=151),151,0,151,16,16,50.25646789464579,453.58077859002884,11.079937745790224
5.19,0.026,ANN (n_s=151),151,0,151,17,17,44.73205571794323,420.167598425307,10.646241139390291
5.19,0.026,ANN (n_s=151),151,0,151,18,18,42.40590274238728,392.31643581805645,10.809106851198493
5.19,0.026,ANN (n_s=151),151,0,151,19,19,35.90744775478889,365.55043303408667,9.822843720018412
5.19,0.026,ANN (n_s=151),151,0,151,20,20,46.83461824485447,343.5381376455975,13.633018612090813
5.19,0.026,ANN (n_s=151),151,0,151,21,21,43.86386042295016,321.4080617432044,13.647405166207715
5.19,0.026,ANN (n_s=151),151,0,151,22,22,41.46791773553033,303.53892341882516,13.661482774093061
5.19,0.026,ANN (n_s=151),151,0,151,23,23,38.51397073572035,285.73849425036923,13.478747704876513
5.19,0.026,ANN (n_s=151),151,0,151,24,24,48.76546738141136,270.516841811625,18.026776837565368
5.19,0.026,ANN (n_s=151),151,0,151,25,25,34.688911054244876,256.05593171223825,13.547396001444364
5.19,0.026,ANN (n_s=151),151,0,151,26,26,48.62299493084719,241.9483977189372,20.09643187938396
5.19,0.026,ANN (n_s=151),151,0,151,27,27,42.871438848883926,229.98422541891742,18.641034519125554
5.19,0.026,ANN (n_s=151),151,0,151,28,28,44.0662486946618,214.2335052809222,20.569260927172984
5.19,0.026,ANN (n_s=151),151,0,151,29,29,34.881954364210976,200.51781233085399,17.395938026022257
5.19,0.026,ANN (n_s=151),151,0,151,30,30,34.389624875626076,171.79774971117428,20.01750601124973
5.19,0.026,ANN (n_s=151),151,0,151,31,31,36.60600697081456,167.94716316568724,21.796144859381236
5.19,0.026,ANN (n_s=151),151,0,151,32,32,35.67152238920297,180.3554540022621,19.77845504397974
5.19,0.026,ANN (n_s=151),151,0,151,33,33,37.38622011010844,171.94730620018265,21.74283560254387
5.19,0.026,ANN (n_s=151),151,0,151,34,34,33.05482196644202,145.71103543943406,22.685187753113947
5.19,0.026,ANN (n_s=151),151,0,151,35,35,35.66952182607367,140.5225612870602,25.383483975365202
5.19,0.026,ANN (n_s=151),151,0,151,36,36,42.24112464623751,137.24629445639363,30.777606647630485
5.19,0.026,ANN (n_s=151),151,0,151,37,37,45.2088303500238,138.0435761513664,32.74968065189197
5.19,0.026,ANN (n_s=151),151,0,151,38,38,36.87544703520739,146.03732029286826,25.250700958670084
5.19,0.026,ANN (n_s=151),151,0,151,39,39,30.54550729343819,135.86676701639803,22.481956378450953
5.19,0.026,ANN (n_s=151),151,0,151,40,40,33.01247292379759,127.65158205097744,25.861389567905327
5.19,0.026,ANN (n_s=151),151,0,151,41,41,32.77291913739779,130.33665815961487,25.144820804951834
5.19,0.026,ANN (n_s=151),151,0,151,42,42,25.375890926952234,126.81211734919951,20.010620008082704
5.19,0.026,ANN (n_s=151),151,0,151,43,43,26.234220110313075,105.58040802709546,24.847621448460874
5.19,0.026,ANN (n_s=151),151,0,151,44,44,31.067997858117245,117.08055333388388,26.535574844371666
5.19,0.026,ANN (n_s=151),151,0,151,45,45,24.798325604755384,113.91509496190776,21.76913043266806
5.19,0.026,ANN (n_s=151),151,0,151,46,46,27.27356140990089,98.48459124167363,27.693226997280888
5.19,0.026,ANN (n_s=151),151,0,151,47,47,28.253446570776784,100.5931724258346,28.08684316185326
5.19,0.026,ANN (n_s=151),151,0,151,48,48,24.689907399908176,103.02677121042784,23.964555144099467
5.19,0.026,ANN (n_s=151),151,0,151,49,49,37.638880281069504,93.9621387136268,40.05749634518584
5.19,0.026,ANN (n_s=151),151,0,151,50,50,35.178137002550514,83.79536033104449,41.981008093496705
5.19,0.026,ANN (n_s=151),151,0,151,51,51,31.261992435704418,91.49195826914851,34.169114998871
5.19,0.026,ANN (n_s=151),151,0,151,52,52,31.34279890906974,76.11535390069764,41.17802427872895
5.19,0.026,ANN (n_s=151),151,0,151,53,53,39.17136255162425,82.90002953331698,47.251325207165976
5.19,0.026,ANN (n_s=151),151,0,151,54,54,30.363706344019363,81.39275244331242,37.3051720608254
5.19,0.026,ANN (n_s=151),151,0,151,55,55,21.962387325697083,66.8494548367059,32.85350251448559
5.19,0.026,ANN (n_s=151),151,0,151,56,56,35.494526518216006,82.54484207233762,43.00029611433579
5.19,0.026,ANN (n_s=151),151,0,151,57,57,40.36886548606083,65.50684518697635,61.62541543686904
5.19,0.026,ANN (n_s=151),151,0,151,58,58,32.865389696408556,69.56064152246937,47.24710551410374
5.19,0.026,ANN (n_s=151),151,0,151,59,59,31.171722224645013,78.66341074074982,39.62671073007161
5.19,0.026,ANN (n_s=151),151,0,151,60,60,26.620459980536946,58.56090934675932,45.457729870463645
5.19,0.026,ANN (n_s=151),151,0,151,61,61,42.71008647698463,62.90667650560705,67.89436169494307
5.19,0.026,ANN (n_s=151),151,0,151,62,62,37.46471869382174,56.84411362806845,65.90782457961036
5.19,0.026,ANN (n_s=151),151,0,151,63,63,40.76246839378193,70.73750486299025,57.62497344617083
5.19,0.026,ANN (n_s=151),151,0,151,64,64,35.90533565776805,57.86106505657494,62.05439810459903
5.19,0.026,ANN (n_s=151),151,0,151,65,65,42.93986612732333,60.44565701195135,71.03879459666264
5.19,0.026,ANN (n_s=151),151,0,151,66,66,30.876544646858086,55.31269021185489,55.821809658139664
5.19,0.026,ANN (n_s=151),151,0,151,67,67,34.57181528638389,62.122795815747686,55.65077172141724
5.19,0.026,ANN (n_s=151),151,0,151,68,68,44.69869566418152,50.63743707445537,88.27203398635332
5.19,0.026,ANN (n_s=151),151,0,151,69,69,44.13864093672465,59.85497444450377,73.74264436057697
5.19,0.026,ANN (n_s=151),151,0,151,70,70,26.96348583767299,50.37005662221374,53.53078325860329
5.19,0.026,ANN (n_s=151),151,0,151,71,71,22.915403323334544,54.48639968161455,42.057106832600894
5.19,0.026,ANN (n_s=151),151,0,151,72,72,39.24161840482647,56.432029194128006,69.53784750471054
5.19,0.026,ANN (n_s=151),151,0,151,73,73,32.132187546949666,43.82352844561383,73.32177185784246
5.19,0.026,ANN (n_s=151),151,0,151,74,74,32.274723541814886,53.64230813745567,60.166545144016844
5.19,0.026,ANN (n_s=151),151,0,151,75,75,29.23454090288238,41.50393382422283,70.4379999898234
5.19,0.026,ANN (n_s=151),151,0,151,76,76,21.53622688442362,42.766952244328046,50.35717009102479
5.19,0.026,ANN (n_s=151),151,0,151,77,77,41.893823453347004,51.37392338139412,81.5468640429349
5.19,0.026,ANN (n_s=151),151,0,151,78,78,31.61432492562676,44.38536358195794,71.22691440220073
5.19,0.026,ANN (n_s=151),151,0,151,79,79,23.782472215999405,44.25586856626322,53.738572954207186
5.19,0.026,ANN (n_s=151),151,0,151,80,80,22.968981032941265,45.951741545944,49.98500657472612
5.19,0.026,ANN (n_s=151),151,0,151,81,81,40.217249560698114,45.50764215381558,88.3747161076024
5.19,0.026,ANN (n_s=151),151,0,151,82,82,30.59291773901824,44.489196712142984,68.76482382220252
5.19,0.026,ANN (n_s=151),151,0,151,83,83,33.38362492393141,45.2666458421541,73.74883714676128
5.19,0.026,ANN (n_s=151),151,0,151,84,84,26.79737997594778,40.15083365131819,66.74177729076366
5.19,0.026,ANN (n_s=151),151,0,151,85,85,33.83698796559816,44.84274889102239,75.45698870474999
5.19,0.026,ANN (n_s=151),151,0,151,86,86,29.03563833865303,39.88212134658784,72.80364573971492
5.19,0.026,ANN (n_s=151),151,0,151,87,87,28.423611550479635,43.12523048025807,65.90947163399264
5.19,0.026,ANN (n_s=151),151,0,151,88,88,22.276699234416014,40.91087417172279,54.4517800839696
5.19,0.026,ANN (n_s=151),151,0,151,89,89,15.361884120516702,35.033651300551924,43.84893823577758
5.19,0.026,ANN (n_s=151),151,0,151,90,90,22.8742833993897,37.57573406596803,60.875147134136
5.19,0.026,ANN (n_s=151),151,0,151,91,91,32.84262390093028,40.02217626132707,82.06106456201307
5.19,0.026,ANN (n_s=151),151,0,151,92,92,27.742692136324372,36.400349468250326,76.2154554601805
5.19,0.026,ANN (n_s=151),151,0,151,93,93,29.778653510436524,39.61678216010402,75.16676490809252
5.19,0.026,ANN (n_s=151),151,0,151,94,94,32.33059309815998,32.86986873753626,98.35936174956353
5.19,0.026,ANN (n_s=151),151,0,151,95,95,24.403845170734165,37.78910268080719,64.57905438206846
5.19,0.026,ANN (n_s=151),151,0,151,96,96,33.786668248361615,34.61836463174062,97.59752838637431
5.19,0.026,ANN (n_s=151),151,0,151,97,97,25.716732093992107,33.97336882914457,75.6967382991192
5.19,0.026,ANN (n_s=151),151,0,151,98,98,26.226100275765898,34.05115412605277,77.01971034133062
5.19,0.026,ANN (n_s=151),151,0,151,99,99,35.861269103017236,31.4957531138529,113.86064963547176
5.19,0.026,ANN (n_s=151),151,0,151,100,100,33.05619250002388,32.83098827707843,100.68595017927827
5.19,0.026,ANN (n_s=151),151,0,151,101,101,25.798995388297246,31.93922316859327,80.77527512837608
5.19,0.026,ANN (n_s=151),151,0,151,102,102,25.299311947781053,30.911988988449874,81.84304140776585
5.19,0.026,ANN (n_s=151),151,0,151,103,103,20.288587946102528,31.31431328855724,64.79014168104497
5.19,0.026,ANN (n_s=151),151,0,151,104,104,25.700765529199806,31.616100130540453,81.29011934768462
5.19,0.026,ANN (n_s=151),151,0,151,105,105,25.031776797840905,27.90008829288793,89.71934617218328
5.19,0.026,ANN (n_s=151),151,0,151,106,106,22.80439967371738,30.75964435601618,74.13739707057809
5.19,0.026,ANN (n_s=151),151,0,151,107,107,23.37328977617366,29.269936775112562,79.85425440360821
5.19,0.026,ANN (n_s=151),151,0,151,108,108,23.06839037575574,30.049837999625783,76.76710395591155
5.19,0.026,ANN (n_s=151),151,0,151,109,109,28.233700168388232,27.093609047254393,104.20797066623862
5.19,0.026,ANN (n_s=151),151,0,151,110,110,22.14700446873093,28.619446213578144,77.38446196147414
5.19,0.026,ANN (n_s=151),151,0,151,111,111,27.374980244816125,25.77014994436286,106.22747754249802
5.19,0.026,ANN (n_s=151),151,0,151,112,112,20.751168523863786,27.93131940118107,74.29354920837118
5.19,0.026,ANN (n_s=151),151,0,151,113,113,27.94042587918406,27.379097107829605,102.05020921304936
5.19,0.026,ANN (n_s=151),151,0,151,114,114,23.14645126949515,24.16613616632691,95.78052159512124
5.19,0.026,ANN (n_s=151),151,0,151,115,115,21.22667386525857,27.024757980473964,78.5452875492737
5.19,0.026,ANN (n_s=151),151,0,151,116,116,22.511414962124363,24.74561956757451,90.97131272325166
5.19,0.026,ANN (n_s=151),151,0,151,117,117,20.56414456733469,25.88731572483552,79.43714514829384
5.19,0.026,ANN (n_s=151),151,0,151,118,118,23.10548306723998,25.886067826177598,89.2583733550844
5.19,0.026,ANN (n_s=151),151,0,151,119,119,23.26750012774818,24.775193339978994,93.91450475666765
5.19,0.026,ANN (n_s=151),151,0,151,120,120,27.207413052627473,22.746101390014726,119.61352227406852
5.19,0.026,ANN (n_s=151),151,0,151,121,121,19.957769297105244,23.99330009939237,83.18059297566437
5.19,0.026,ANN (n_s=151),151,0,151,122,122,24.71677318932504,23.9344161940228,103.26875320024568
5.19,0.026,ANN (n_s=151),151,0,151,123,123,24.772917303394358,24.337634894317063,101.78851565062689
5.19,0.026,ANN (n_s=151),151,0,151,124,124,24.109767652404233,23.05752018956359,104.56357602287568
5.19,0.026,ANN (n_s=151),151,0,151,125,125,24.31619987975482,21.58864466951412,112.63421234632828
5.19,0.026,ANN (n_s=151),151,0,151,126,126,23.567548009386584,23.290961289575943,101.18752814180507
5.19,0.026,ANN (n_s=151),151,0,151,127,127,23.80045966707866,24.421714394648895,97.45613793720247
5.19,0.026,ANN (n_s=151),151,0,151,128,128,19.081418853836894,20.090073407786733,94.97933863417894
5.19,0.026,ANN (n_s=151),151,0,151,129,129,19.40936245726733,21.39963514821596,90.69950175709162
5.19,0.026,ANN (n_s=151),151,0,151,130,130,30.304818756827448,20.173166514307635,150.22341056538662
5.19,0.026,ANN (n_s=151),151,0,151,131,131,19.208841915325195,21.15340052755509,90.80734745367843
5.19,0.026,ANN (n_s=151),151,0,151,132,132,22.424039974558074,23.14843213943586,96.87066423974474
5.19,0.026,ANN (n_s=151),151,0,151,133,133,17.884899335073438,20.55393498248822,87.0144784943186
5.19,0.026,ANN (n_s=151),151,0,151,134,134,32.11555988712094,20.266205739644583,158.4685377208855
5.19,0.026,ANN (n_s=151),151,0,151,135,135,24.00647243626846,21.59584095667279,111.16248024067254
5.19,0.026,ANN (n_s=151),151,0,151,136,136,17.431536201525656,20.192611454874363,86.32630920711247
5.19,0.026,ANN (n_s=151),151,0,151,137,137,28.599370530941002,19.746662848945174,144.83141151350907
5.19,0.026,ANN (n_s=151),151,0,151,138,138,20.146974411856093,19.635987973610185,102.60229553477345
5.19,0.026,ANN (n_s=151),151,0,151,139,139,24.84245464775355,21.06030116944417,117.95868657280553
5.19,0.026,ANN (n_s=151),151,0,151,140,140,18.297823876400177,19.993742328114976,91.51775378574317
5.19,0.026,ANN (n_s=151),151,0,151,141,141,26.245107356602205,22.578649379644993,116.23860628378675
5.19,0.026,ANN (n_s=151),151,0,151,142,142,21.22549237660342,21.1111639605217,100.54155429940062
5.19,0.026,ANN (n_s=151),151,0,151,143,143,18.94721815474721,19.91723980029029,95.12973858190459
5.19,0.026,ANN (n_s=151),151,0,151,144,144,18.464026589640106,21.75887628584279,84.85744551823917
5.19,0.026,ANN (n_s=151),151,0,151,145,145,21.0365366243782,20.30185140782979,103.61880895387237
5.19,0.026,ANN (n_s=151),151,0,151,146,146,26.65149721434088,23.071780710670645,115.5155622730699
5.19,0.026,ANN (n_s=151),151,0,151,147,147,19.24912222630378,21.01944852411673,91.57767485773111
5.19,0.026,ANN (n_s=151),151,0,151,148,148,23.122489533238742,20.95288542266516,110.35467940003468
5.19,0.026,ANN (n_s=151),151,0,151,149,149,23.187350308718717,21.78884472378581,106.41844761694145
5.19,0.026,ANN (n_s=151),151,0,151,150,150,18.38232053934782,20.79041216261041,88.41729733673432
5.19,0.026,ANN (n_s=151),151,0,151,151,151,18.261077849834404,19.739660609829738,92.509583679169
