mu1,mu2,model_label,n_tot,n_p,n_s,global_coeff_1based,local_secondary_coeff_1based,abs_error_l2_time,ref_l2_time,rel_error_percent
4.875,0.0225,ANN (n_s=131),151,20,131,21,1,15.301790584830854,296.2115263539851,5.165832259526788
4.875,0.0225,ANN (n_s=131),151,20,131,22,2,12.43974885957225,280.92691073389426,4.428108658965642
4.875,0.0225,ANN (n_s=131),151,20,131,23,3,12.932206032294506,261.2336485120674,4.950436555916002
4.875,0.0225,ANN (n_s=131),151,20,131,24,4,12.646535801332611,248.4413629559965,5.090350355054421
4.875,0.0225,ANN (n_s=131),151,20,131,25,5,10.606045153772799,232.74443769607404,4.55694892593848
4.875,0.0225,ANN (n_s=131),151,20,131,26,6,13.868556779460892,221.2122928206632,6.269342721701334
4.875,0.0225,ANN (n_s=131),151,20,131,27,7,14.678704240719217,208.44153058927608,7.042120732476721
4.875,0.0225,ANN (n_s=131),151,20,131,28,8,14.993742376316064,195.74013481212296,7.660024547703255
4.875,0.0225,ANN (n_s=131),151,20,131,29,9,11.82115730520154,180.76913376419415,6.539367124822179
4.875,0.0225,ANN (n_s=131),151,20,131,30,10,10.735135732185315,157.27692411326953,6.825626704432469
4.875,0.0225,ANN (n_s=131),151,20,131,31,11,10.362067742364193,151.44241407185515,6.842249448987048
4.875,0.0225,ANN (n_s=131),151,20,131,32,12,11.551178454310499,164.99003416318777,7.001137076488813
4.875,0.0225,ANN (n_s=131),151,20,131,33,13,12.789322179175576,154.355441125711,8.28563093461644
4.875,0.0225,ANN (n_s=131),151,20,131,34,14,9.121977600193762,134.25995187496142,6.79426550717761
4.875,0.0225,ANN (n_s=131),151,20,131,35,15,10.027224442130574,122.01657502223894,8.217919934486765
4.875,0.0225,ANN (n_s=131),151,20,131,36,16,7.854300424169497,126.2467227487928,6.2213895562248185
4.875,0.0225,ANN (n_s=131),151,20,131,37,17,9.134334876306484,127.55772567513564,7.160942097360557
4.875,0.0225,ANN (n_s=131),151,20,131,38,18,11.78543766542889,130.06878483250725,9.060927016889783
4.875,0.0225,ANN (n_s=131),151,20,131,39,19,8.23168710315515,122.90689618395554,6.697498154078133
4.875,0.0225,ANN (n_s=131),151,20,131,40,20,9.047836194391277,105.44298400562161,8.58078541660856
4.875,0.0225,ANN (n_s=131),151,20,131,41,21,9.541026111071627,117.42448967774298,8.125243837342445
4.875,0.0225,ANN (n_s=131),151,20,131,42,22,10.470768228937091,111.12544395554187,9.42247594810613
4.875,0.0225,ANN (n_s=131),151,20,131,43,23,8.402363105583298,89.26016437130748,9.413340390715462
4.875,0.0225,ANN (n_s=131),151,20,131,44,24,9.701498350652724,102.7099487482832,9.445529346362257
4.875,0.0225,ANN (n_s=131),151,20,131,45,25,10.428970579781398,99.90647853457376,10.438733035888495
4.875,0.0225,ANN (n_s=131),151,20,131,46,26,9.077550857732968,83.53271431741287,10.867060805949054
4.875,0.0225,ANN (n_s=131),151,20,131,47,27,7.689414846919426,85.45488218354036,8.998215959626588
4.875,0.0225,ANN (n_s=131),151,20,131,48,28,10.669652373486576,91.1726269718879,11.70269271365456
4.875,0.0225,ANN (n_s=131),151,20,131,49,29,7.6695697618867875,80.05917124925676,9.579876536578547
4.875,0.0225,ANN (n_s=131),151,20,131,50,30,8.27647982547795,74.11683327543669,11.166801736820677
4.875,0.0225,ANN (n_s=131),151,20,131,51,31,9.544796377169444,79.29513184187321,12.03705215624491
4.875,0.0225,ANN (n_s=131),151,20,131,52,32,7.216356830812002,67.58723787329518,10.677099786708848
4.875,0.0225,ANN (n_s=131),151,20,131,53,33,9.618582455040823,72.23950274443519,13.314851417331731
4.875,0.0225,ANN (n_s=131),151,20,131,54,34,9.10180196810548,74.63069871242743,12.19578822808188
4.875,0.0225,ANN (n_s=131),151,20,131,55,35,7.074626803961448,56.13163114720919,12.603636593791007
4.875,0.0225,ANN (n_s=131),151,20,131,56,36,8.013339653588503,76.22636151967735,10.512556934151855
4.875,0.0225,ANN (n_s=131),151,20,131,57,37,6.94328371394129,55.867241397995485,12.428184281514238
4.875,0.0225,ANN (n_s=131),151,20,131,58,38,8.813546963151914,64.306354657996,13.705561464377016
4.875,0.0225,ANN (n_s=131),151,20,131,59,39,9.90158868056648,70.63799788388253,14.017368806011593
4.875,0.0225,ANN (n_s=131),151,20,131,60,40,6.235219959876571,53.25060818982116,11.709199522473119
4.875,0.0225,ANN (n_s=131),151,20,131,61,41,5.955525471572728,54.79728571293551,10.868285525622046
4.875,0.0225,ANN (n_s=131),151,20,131,62,42,7.356699892048592,51.51429946758298,14.280888933912477
4.875,0.0225,ANN (n_s=131),151,20,131,63,43,8.896368590438716,64.26547202038356,13.843154513230665
4.875,0.0225,ANN (n_s=131),151,20,131,64,44,6.795757374589075,51.51489894684767,13.191828992231624
4.875,0.0225,ANN (n_s=131),151,20,131,65,45,8.506913775583232,56.812599188694456,14.973639469176202
4.875,0.0225,ANN (n_s=131),151,20,131,66,46,6.967131406530809,49.10038906712177,14.189564561304234
4.875,0.0225,ANN (n_s=131),151,20,131,67,47,8.353191719772735,57.82868401658932,14.444720404456122
4.875,0.0225,ANN (n_s=131),151,20,131,68,48,7.552880237128935,46.345966480186654,16.29673693471872
4.875,0.0225,ANN (n_s=131),151,20,131,69,49,9.072924084921315,55.7836297223911,16.26449216387136
4.875,0.0225,ANN (n_s=131),151,20,131,70,50,8.137847135820168,45.92172031206824,17.721128652232874
4.875,0.0225,ANN (n_s=131),151,20,131,71,51,9.036154410956666,51.81175660669019,17.440355245145025
4.875,0.0225,ANN (n_s=131),151,20,131,72,52,8.304744648556662,51.24326965717849,16.206508101680587
4.875,0.0225,ANN (n_s=131),151,20,131,73,53,7.076627637457037,43.71275727582824,16.188929910788733
4.875,0.0225,ANN (n_s=131),151,20,131,74,54,10.138807457330131,49.34496190945856,20.546793563106792
4.875,0.0225,ANN (n_s=131),151,20,131,75,55,5.6555367530801925,38.5513098601376,14.670154590332269
4.875,0.0225,ANN (n_s=131),151,20,131,76,56,6.501067248301455,38.705595044605936,16.796195074147175
4.875,0.0225,ANN (n_s=131),151,20,131,77,57,8.586766967094457,46.764079732766234,18.361885909363803
4.875,0.0225,ANN (n_s=131),151,20,131,78,58,7.4153744302607985,42.63027643370418,17.39461962390205
4.875,0.0225,ANN (n_s=131),151,20,131,79,59,5.160202776416315,27.388534107870054,18.840741005315575
4.875,0.0225,ANN (n_s=131),151,20,131,80,60,8.052525676329529,41.75394364815449,19.285664952238463
4.875,0.0225,ANN (n_s=131),151,20,131,81,61,7.932438739399713,42.24271204273275,18.77824210570395
4.875,0.0225,ANN (n_s=131),151,20,131,82,62,7.1991163724766025,39.481404268187504,18.234195327944185
4.875,0.0225,ANN (n_s=131),151,20,131,83,63,7.9815085373588035,41.971188640141975,19.01663687867336
4.875,0.0225,ANN (n_s=131),151,20,131,84,64,8.06274238843991,36.19688036749214,22.274688610129324
4.875,0.0225,ANN (n_s=131),151,20,131,85,65,8.705234448236633,40.94691806548261,21.259803813110324
4.875,0.0225,ANN (n_s=131),151,20,131,86,66,6.8918132021706,33.55005954240282,20.541880688647552
4.875,0.0225,ANN (n_s=131),151,20,131,87,67,8.569747499250022,39.2563977420356,21.83019327337202
4.875,0.0225,ANN (n_s=131),151,20,131,88,68,8.789674457085736,34.11757961179248,25.762889856488098
4.875,0.0225,ANN (n_s=131),151,20,131,89,69,5.000337925425936,23.738399706931084,21.064342951331923
4.875,0.0225,ANN (n_s=131),151,20,131,90,70,8.27005671596313,33.14179940100932,24.95355371594962
4.875,0.0225,ANN (n_s=131),151,20,131,91,71,8.335118843728065,34.351116236079264,24.264477423221607
4.875,0.0225,ANN (n_s=131),151,20,131,92,72,6.491810888689678,31.782427347023475,20.425786922463168
4.875,0.0225,ANN (n_s=131),151,20,131,93,73,9.797069129641732,34.68128387939676,28.248865191123777
4.875,0.0225,ANN (n_s=131),151,20,131,94,74,6.677616812312993,29.30641801897214,22.78551001350658
4.875,0.0225,ANN (n_s=131),151,20,131,95,75,8.450684802196418,33.543267788475625,25.193385616114
4.875,0.0225,ANN (n_s=131),151,20,131,96,76,6.511190106451915,25.926404969207415,25.114126367250698
4.875,0.0225,ANN (n_s=131),151,20,131,97,77,7.537362334708156,25.274416495542855,29.82210226707853
4.875,0.0225,ANN (n_s=131),151,20,131,98,78,8.082618083964192,29.14234832981456,27.734958049674866
4.875,0.0225,ANN (n_s=131),151,20,131,99,79,8.280714641830297,28.317501743532684,29.24239121384179
4.875,0.0225,ANN (n_s=131),151,20,131,100,80,7.218609801400351,29.813145925472604,24.21284160834805
4.875,0.0225,ANN (n_s=131),151,20,131,101,81,8.506166668238224,28.978910041336498,29.352955843076018
4.875,0.0225,ANN (n_s=131),151,20,131,102,82,7.264161799117736,28.05523424982786,25.892358389993866
4.875,0.0225,ANN (n_s=131),151,20,131,103,83,5.33957528557459,15.985396028975316,33.402833911002354
4.875,0.0225,ANN (n_s=131),151,20,131,104,84,8.173018665974732,28.46962558697495,28.70785441489594
4.875,0.0225,ANN (n_s=131),151,20,131,105,85,6.402881248240175,26.16239906364236,24.473601341622366
4.875,0.0225,ANN (n_s=131),151,20,131,106,86,9.902277794342478,27.836785618272838,35.572633744904614
4.875,0.0225,ANN (n_s=131),151,20,131,107,87,6.437026594182369,23.91225045547337,26.919367569224224
4.875,0.0225,ANN (n_s=131),151,20,131,108,88,9.90397748605738,27.033802726530705,36.63553213820605
4.875,0.0225,ANN (n_s=131),151,20,131,109,89,5.775186603257704,19.59071474538877,29.479203175152442
4.875,0.0225,ANN (n_s=131),151,20,131,110,90,10.191193765005048,26.337615355520075,38.69444377343405
4.875,0.0225,ANN (n_s=131),151,20,131,111,91,6.468187611925406,23.90803053179458,27.054456046990385
4.875,0.0225,ANN (n_s=131),151,20,131,112,92,10.828043481255158,25.48318678540589,42.49093165795234
4.875,0.0225,ANN (n_s=131),151,20,131,113,93,7.5093695211704805,21.135146111228305,35.53024654597034
4.875,0.0225,ANN (n_s=131),151,20,131,114,94,5.169403623607244,17.75505955413802,29.115101573412947
4.875,0.0225,ANN (n_s=131),151,20,131,115,95,11.210266537004566,24.790467782786628,45.22006859744883
4.875,0.0225,ANN (n_s=131),151,20,131,116,96,7.6852774325619455,21.696716862544907,35.42138417185624
4.875,0.0225,ANN (n_s=131),151,20,131,117,97,12.126585651228314,23.797872521373684,50.9565955542329
4.875,0.0225,ANN (n_s=131),151,20,131,118,98,6.633665917327117,19.90070494128179,33.333823786142965
4.875,0.0225,ANN (n_s=131),151,20,131,119,99,8.693427306264764,20.861025800236696,41.673057641135394
4.875,0.0225,ANN (n_s=131),151,20,131,120,100,8.16451809485276,21.314092565001456,38.30572692669641
4.875,0.0225,ANN (n_s=131),151,20,131,121,101,9.894600270459579,20.249297897612472,48.86391775403837
4.875,0.0225,ANN (n_s=131),151,20,131,122,102,9.221750865941043,21.07567313355866,43.75542744234967
4.875,0.0225,ANN (n_s=131),151,20,131,123,103,7.1151185365943626,14.96745652614693,47.53725874643316
4.875,0.0225,ANN (n_s=131),151,20,131,124,104,11.027758244106792,19.40037693499889,56.843010221169315
4.875,0.0225,ANN (n_s=131),151,20,131,125,105,7.015756695227511,19.497718622081475,35.98244918398841
4.875,0.0225,ANN (n_s=131),151,20,131,126,106,10.330471822920478,19.75738132844846,52.28664493125783
4.875,0.0225,ANN (n_s=131),151,20,131,127,107,8.650963711675464,17.316125871437677,49.95900223816758
4.875,0.0225,ANN (n_s=131),151,20,131,128,108,9.09727698350829,18.61284469805931,48.87633852366925
4.875,0.0225,ANN (n_s=131),151,20,131,129,109,11.52243916499252,18.435577888012347,62.501101050295446
4.875,0.0225,ANN (n_s=131),151,20,131,130,110,7.209936618814386,16.954021267454017,42.52641013642601
4.875,0.0225,ANN (n_s=131),151,20,131,131,111,11.993822235244563,19.3341824071041,62.03428716405192
4.875,0.0225,ANN (n_s=131),151,20,131,132,112,6.894355124727221,15.291745519740614,45.085468600213574
4.875,0.0225,ANN (n_s=131),151,20,131,133,113,11.788396807130722,18.708535710175546,63.01079352094364
4.875,0.0225,ANN (n_s=131),151,20,131,134,114,7.77105178710454,15.069046661537245,51.56963118934153
4.875,0.0225,ANN (n_s=131),151,20,131,135,115,8.467495838216125,16.71545929250865,50.6566746987981
4.875,0.0225,ANN (n_s=131),151,20,131,136,116,12.702922233426579,18.309554557462796,69.37865251478219
4.875,0.0225,ANN (n_s=131),151,20,131,137,117,8.41112820950854,16.87594496648669,49.840931729819495
4.875,0.0225,ANN (n_s=131),151,20,131,138,118,11.883975248938672,17.584087345308568,67.583690956297
4.875,0.0225,ANN (n_s=131),151,20,131,139,119,8.484432804979843,16.433063846846377,51.6302552223581
4.875,0.0225,ANN (n_s=131),151,20,131,140,120,13.810590135678048,17.844506636863173,77.39407099744713
4.875,0.0225,ANN (n_s=131),151,20,131,141,121,9.627609580071127,16.72038503651198,57.58007102735674
4.875,0.0225,ANN (n_s=131),151,20,131,142,122,7.736653702693924,14.392809786076207,53.75360209497428
4.875,0.0225,ANN (n_s=131),151,20,131,143,123,13.12048735509448,17.95467227349252,73.07561594685849
4.875,0.0225,ANN (n_s=131),151,20,131,144,124,9.80539513441264,15.917714833313205,61.60052015689798
4.875,0.0225,ANN (n_s=131),151,20,131,145,125,11.792461592746164,18.18363929591471,64.85204309676094
4.875,0.0225,ANN (n_s=131),151,20,131,146,126,10.962792761796152,17.129070131733805,64.0010968341251
4.875,0.0225,ANN (n_s=131),151,20,131,147,127,12.930868369619532,19.300116280646524,66.99891431527877
4.875,0.0225,ANN (n_s=131),151,20,131,148,128,13.31323662136294,22.058324429616857,60.3547049271239
4.875,0.0225,ANN (n_s=131),151,20,131,149,129,8.999699333515757,14.877017941136906,60.49397378644284
4.875,0.0225,ANN (n_s=131),151,20,131,150,130,13.75246373445558,18.770828047450895,73.26508825125157
4.875,0.0225,ANN (n_s=131),151,20,131,151,131,12.367199797795879,19.681207046022234,62.837608327967935
4.875,0.0225,GPR (n_s=131),151,20,131,21,1,0.00016107226124183373,296.2115263539851,5.437744547771098e-05
4.875,0.0225,GPR (n_s=131),151,20,131,22,2,0.0001613165193979247,280.92691073389426,5.74229499681967e-05
4.875,0.0225,GPR (n_s=131),151,20,131,23,3,0.00015613943359501676,261.2336485120674,5.977003134334131e-05
4.875,0.0225,GPR (n_s=131),151,20,131,24,4,0.00015931887642581957,248.4413629559965,6.412735565858162e-05
4.875,0.0225,GPR (n_s=131),151,20,131,25,5,0.00015521774521690135,232.74443769607404,6.669020611336379e-05
4.875,0.0225,GPR (n_s=131),151,20,131,26,6,0.00015624486919996257,221.2122928206632,7.063118744790112e-05
4.875,0.0225,GPR (n_s=131),151,20,131,27,7,0.00015408996719313975,208.44153058927608,7.392479164661602e-05
4.875,0.0225,GPR (n_s=131),151,20,131,28,8,0.00015150696397382604,195.74013481212296,7.740209442445047e-05
4.875,0.0225,GPR (n_s=131),151,20,131,29,9,0.00014542965372903356,180.76913376419415,8.045048991535276e-05
4.875,0.0225,GPR (n_s=131),151,20,131,30,10,0.00012830873055700575,157.27692411326953,8.158140889416102e-05
4.875,0.0225,GPR (n_s=131),151,20,131,31,11,0.0001235868284706911,151.44241407185515,8.16064833805757e-05
4.875,0.0225,GPR (n_s=131),151,20,131,32,12,0.0001374455292870651,164.99003416318777,8.330535234093046e-05
4.875,0.0225,GPR (n_s=131),151,20,131,33,13,0.00013272968394852569,154.355441125711,8.598963728167332e-05
4.875,0.0225,GPR (n_s=131),151,20,131,34,14,0.00011577468871635648,134.25995187496142,8.62317370887928e-05
4.875,0.0225,GPR (n_s=131),151,20,131,35,15,0.00010657731945254938,122.01657502223894,8.734659158653193e-05
4.875,0.0225,GPR (n_s=131),151,20,131,36,16,9.762540229301596e-05,126.2467227487928,7.732905866180155e-05
4.875,0.0225,GPR (n_s=131),151,20,131,37,17,0.00010758236617681341,127.55772567513564,8.434014138101244e-05
4.875,0.0225,GPR (n_s=131),151,20,131,38,18,0.00012050731855748766,130.06878483250725,9.26489155047215e-05
4.875,0.0225,GPR (n_s=131),151,20,131,39,19,0.00011996119859312246,122.90689618395554,9.760330975535805e-05
4.875,0.0225,GPR (n_s=131),151,20,131,40,20,0.00010269678934356136,105.44298400562161,9.73955643536095e-05
4.875,0.0225,GPR (n_s=131),151,20,131,41,21,0.00011450912452349678,117.42448967774298,9.751724264482897e-05
4.875,0.0225,GPR (n_s=131),151,20,131,42,22,0.00011844253392933807,111.12544395554187,0.00010658453160081282
4.875,0.0225,GPR (n_s=131),151,20,131,43,23,9.832326971262969e-05,89.26016437130748,0.00011015358352200785
4.875,0.0225,GPR (n_s=131),151,20,131,44,24,0.00011138975445366464,102.7099487482832,0.0001084507935318452
4.875,0.0225,GPR (n_s=131),151,20,131,45,25,0.00011483334670471258,99.90647853457376,0.00011494084106364854
4.875,0.0225,GPR (n_s=131),151,20,131,46,26,0.00010465737196236898,83.53271431741287,0.00012528908322634568
4.875,0.0225,GPR (n_s=131),151,20,131,47,27,0.00010277885656884192,85.45488218354036,0.00012027265609949944
4.875,0.0225,GPR (n_s=131),151,20,131,48,28,0.0001185099414304808,91.1726269718879,0.0001299841250236456
4.875,0.0225,GPR (n_s=131),151,20,131,49,29,0.00011138525178084298,80.05917124925676,0.00013912865951866448
4.875,0.0225,GPR (n_s=131),151,20,131,50,30,9.678821414337265e-05,74.11683327543669,0.00013058870686458423
4.875,0.0225,GPR (n_s=131),151,20,131,51,31,0.0001079094708163453,79.29513184187321,0.00013608587098579204
4.875,0.0225,GPR (n_s=131),151,20,131,52,32,0.00010024753866468892,67.58723787329518,0.00014832317730252795
4.875,0.0225,GPR (n_s=131),151,20,131,53,33,9.548040887596918e-05,72.23950274443519,0.00013217201842287638
4.875,0.0225,GPR (n_s=131),151,20,131,54,34,0.00010492392196477725,74.63069871242743,0.0001405908343014152
4.875,0.0225,GPR (n_s=131),151,20,131,55,35,8.005122698123541e-05,56.13163114720919,0.0001426133988005718
4.875,0.0225,GPR (n_s=131),151,20,131,56,36,0.00010488927708900623,76.22636151967735,0.0001376023661603338
4.875,0.0225,GPR (n_s=131),151,20,131,57,37,8.311129505193897e-05,55.867241397995485,0.00014876570414468505
4.875,0.0225,GPR (n_s=131),151,20,131,58,38,8.54851773980155e-05,64.306354657996,0.00013293426108921272
4.875,0.0225,GPR (n_s=131),151,20,131,59,39,0.00010589760789780789,70.63799788388253,0.0001499159249556966
4.875,0.0225,GPR (n_s=131),151,20,131,60,40,7.882490844792744e-05,53.25060818982116,0.00014802630641689985
4.875,0.0225,GPR (n_s=131),151,20,131,61,41,7.607234752960847e-05,54.79728571293551,0.0001388250285390518
4.875,0.0225,GPR (n_s=131),151,20,131,62,42,7.501102585154926e-05,51.51429946758298,0.00014561204680411572
4.875,0.0225,GPR (n_s=131),151,20,131,63,43,0.00011089010836264319,64.26547202038356,0.0001725500566267861
4.875,0.0225,GPR (n_s=131),151,20,131,64,44,7.957140396778524e-05,51.51489894684767,0.00015446289441407203
4.875,0.0225,GPR (n_s=131),151,20,131,65,45,9.878352190100991e-05,56.812599188694456,0.0001738760826149062
4.875,0.0225,GPR (n_s=131),151,20,131,66,46,6.93429048638425e-05,49.10038906712177,0.00014122679306888706
4.875,0.0225,GPR (n_s=131),151,20,131,67,47,0.00010466989156178357,57.82868401658932,0.00018099995416073606
4.875,0.0225,GPR (n_s=131),151,20,131,68,48,7.899098197866308e-05,46.345966480186654,0.00017043766260097843
4.875,0.0225,GPR (n_s=131),151,20,131,69,49,9.705173039995438e-05,55.7836297223911,0.00017397887316213592
4.875,0.0225,GPR (n_s=131),151,20,131,70,50,8.658990987733707e-05,45.92172031206824,0.0001885598128486951
4.875,0.0225,GPR (n_s=131),151,20,131,71,51,8.484465506915055e-05,51.81175660669019,0.00016375560418307645
4.875,0.0225,GPR (n_s=131),151,20,131,72,52,0.00010782796662538151,51.24326965717849,0.00021042366606728867
4.875,0.0225,GPR (n_s=131),151,20,131,73,53,6.511031154704897e-05,43.71275727582824,0.00014895036507581028
4.875,0.0225,GPR (n_s=131),151,20,131,74,54,0.00010446443522491837,49.34496190945856,0.00021170233227983177
4.875,0.0225,GPR (n_s=131),151,20,131,75,55,5.48381273838976e-05,38.5513098601376,0.00014224711840621715
4.875,0.0225,GPR (n_s=131),151,20,131,76,56,6.74499402528241e-05,38.705595044605936,0.00017426405710877714
4.875,0.0225,GPR (n_s=131),151,20,131,77,57,9.95521169251935e-05,46.764079732766234,0.00021288159094348693
4.875,0.0225,GPR (n_s=131),151,20,131,78,58,9.472367233262624e-05,42.63027643370418,0.00022219811893534
4.875,0.0225,GPR (n_s=131),151,20,131,79,59,2.8937765818564692e-05,27.388534107870054,0.00010565649736708424
4.875,0.0225,GPR (n_s=131),151,20,131,80,60,8.198781129611183e-05,41.75394364815449,0.00019635944328275605
4.875,0.0225,GPR (n_s=131),151,20,131,81,61,0.00010552793600474445,42.24271204273275,0.00024981335454502153
4.875,0.0225,GPR (n_s=131),151,20,131,82,62,7.519173818669064e-05,39.481404268187504,0.00019044848981543712
4.875,0.0225,GPR (n_s=131),151,20,131,83,63,0.0001159221705287077,41.971188640141975,0.00027619463323427947
4.875,0.0225,GPR (n_s=131),151,20,131,84,64,6.611623203120225e-05,36.19688036749214,0.0001826572659299673
4.875,0.0225,GPR (n_s=131),151,20,131,85,65,0.00011782181338584271,40.94691806548261,0.0002877428117970227
4.875,0.0225,GPR (n_s=131),151,20,131,86,66,6.884003270389474e-05,33.55005954240282,0.00020518602244771006
4.875,0.0225,GPR (n_s=131),151,20,131,87,67,0.00011567877393630283,39.2563977420356,0.00029467495896199985
4.875,0.0225,GPR (n_s=131),151,20,131,88,68,0.00010411872706304911,34.11757961179248,0.0003051761826242248
4.875,0.0225,GPR (n_s=131),151,20,131,89,69,4.4508298413372526e-05,23.738399706931084,0.00018749494053037238
4.875,0.0225,GPR (n_s=131),151,20,131,90,70,8.115807428524409e-05,33.14179940100932,0.00024488131529385956
4.875,0.0225,GPR (n_s=131),151,20,131,91,71,0.00011984452765827694,34.351116236079264,0.0003488810285949405
4.875,0.0225,GPR (n_s=131),151,20,131,92,72,7.632395868574192e-05,31.782427347023475,0.00024014515270461212
4.875,0.0225,GPR (n_s=131),151,20,131,93,73,0.00012684529402182308,34.68128387939676,0.00036574566980543226
4.875,0.0225,GPR (n_s=131),151,20,131,94,74,7.076939462154231e-05,29.30641801897214,0.00024148087485726926
4.875,0.0225,GPR (n_s=131),151,20,131,95,75,0.00012238301903391564,33.543267788475625,0.00036485121189046006
4.875,0.0225,GPR (n_s=131),151,20,131,96,76,7.426429072821348e-05,25.926404969207415,0.00028644268581169116
4.875,0.0225,GPR (n_s=131),151,20,131,97,77,9.709811003932489e-05,25.274416495542855,0.000384175476638395
4.875,0.0225,GPR (n_s=131),151,20,131,98,78,8.760751507469218e-05,29.14234832981456,0.0003006192709084596
4.875,0.0225,GPR (n_s=131),151,20,131,99,79,0.00011305345238462953,28.317501743532684,0.0003992352623777955
4.875,0.0225,GPR (n_s=131),151,20,131,100,80,8.688229980051525e-05,29.813145925472604,0.00029142278382061746
4.875,0.0225,GPR (n_s=131),151,20,131,101,81,0.0001294837329898779,28.978910041336498,0.0004468205767752407
4.875,0.0225,GPR (n_s=131),151,20,131,102,82,7.180528040854095e-05,28.05523424982786,0.0002559425445145999
4.875,0.0225,GPR (n_s=131),151,20,131,103,83,3.1854898397456746e-05,15.985396028975316,0.0001992750028821068
4.875,0.0225,GPR (n_s=131),151,20,131,104,84,0.00013843194293941706,28.46962558697495,0.0004862443396612516
4.875,0.0225,GPR (n_s=131),151,20,131,105,85,5.416691638400931e-05,26.16239906364236,0.00020704109073576727
4.875,0.0225,GPR (n_s=131),151,20,131,106,86,0.00013961445333962597,27.836785618272838,0.0005015466054671886
4.875,0.0225,GPR (n_s=131),151,20,131,107,87,4.887046204117926e-05,23.91225045547337,0.00020437416433129201
4.875,0.0225,GPR (n_s=131),151,20,131,108,88,0.00014425672080239363,27.033802726530705,0.0005336160889449028
4.875,0.0225,GPR (n_s=131),151,20,131,109,89,3.343010347273051e-05,19.59071474538877,0.00017064259220352966
4.875,0.0225,GPR (n_s=131),151,20,131,110,90,0.00014236210745597304,26.337615355520075,0.0005405277035687876
4.875,0.0225,GPR (n_s=131),151,20,131,111,91,5.843802860075283e-05,23.90803053179458,0.00024442845061218167
4.875,0.0225,GPR (n_s=131),151,20,131,112,92,0.00014825483161199921,25.48318678540589,0.0005817750851196685
4.875,0.0225,GPR (n_s=131),151,20,131,113,93,4.636195878904315e-05,21.135146111228305,0.0002193595376395945
4.875,0.0225,GPR (n_s=131),151,20,131,114,94,2.6477234963961137e-05,17.75505955413802,0.00014912501353897355
4.875,0.0225,GPR (n_s=131),151,20,131,115,95,0.00015462350890761714,24.790467782786628,0.00062372162664466
4.875,0.0225,GPR (n_s=131),151,20,131,116,96,5.199376798441923e-05,21.696716862544907,0.00023963887400022348
4.875,0.0225,GPR (n_s=131),151,20,131,117,97,0.00015148836976861492,23.797872521373684,0.0006365626575760418
4.875,0.0225,GPR (n_s=131),151,20,131,118,98,4.620553324178992e-05,19.90070494128179,0.00023218038445433007
4.875,0.0225,GPR (n_s=131),151,20,131,119,99,0.0001328338209380206,20.861025800236696,0.0006367559400483241
4.875,0.0225,GPR (n_s=131),151,20,131,120,100,8.791370533538466e-05,21.314092565001456,0.00041246750274389954
4.875,0.0225,GPR (n_s=131),151,20,131,121,101,0.00012068891677220576,20.249297897612472,0.0005960153156047736
4.875,0.0225,GPR (n_s=131),151,20,131,122,102,0.00011284872067851846,21.07567313355866,0.0005354453922462395
4.875,0.0225,GPR (n_s=131),151,20,131,123,103,4.6282290437256326e-05,14.96745652614693,0.0003092194746408979
4.875,0.0225,GPR (n_s=131),151,20,131,124,104,0.00014549061952478132,19.40037693499889,0.0007499370760282068
4.875,0.0225,GPR (n_s=131),151,20,131,125,105,7.431641596603238e-05,19.497718622081475,0.00038115441814750504
4.875,0.0225,GPR (n_s=131),151,20,131,126,106,0.0001468552870060772,19.75738132844846,0.0007432932763949933
4.875,0.0225,GPR (n_s=131),151,20,131,127,107,9.040559146820686e-05,17.316125871437677,0.0005220890177134114
4.875,0.0225,GPR (n_s=131),151,20,131,128,108,8.860613803703249e-05,18.61284469805931,0.000476048339060558
4.875,0.0225,GPR (n_s=131),151,20,131,129,109,0.00014503473537151495,18.435577888012347,0.0007867110879438347
4.875,0.0225,GPR (n_s=131),151,20,131,130,110,4.551446228801962e-05,16.954021267454017,0.00026845821159486203
4.875,0.0225,GPR (n_s=131),151,20,131,131,111,0.0001678960567055235,19.3341824071041,0.0008683897419103288
4.875,0.0225,GPR (n_s=131),151,20,131,132,112,4.532837519032071e-05,15.291745519740614,0.0002964238133037516
4.875,0.0225,GPR (n_s=131),151,20,131,133,113,0.00017067180292156125,18.708535710175546,0.000912267029154682
4.875,0.0225,GPR (n_s=131),151,20,131,134,114,4.4383594268380766e-05,15.069046661537245,0.00029453485190716796
4.875,0.0225,GPR (n_s=131),151,20,131,135,115,6.774468640841637e-05,16.71545929250865,0.000405281633145297
4.875,0.0225,GPR (n_s=131),151,20,131,136,116,0.00016763665266637332,18.309554557462796,0.0009155692572435971
4.875,0.0225,GPR (n_s=131),151,20,131,137,117,6.934766725470953e-05,16.87594496648669,0.0004109261282400748
4.875,0.0225,GPR (n_s=131),151,20,131,138,118,0.00016418524849550587,17.584087345308568,0.0009337149279988675
4.875,0.0225,GPR (n_s=131),151,20,131,139,119,4.4913426204524806e-05,16.433063846846377,0.0002733113351418276
4.875,0.0225,GPR (n_s=131),151,20,131,140,120,0.00017595819906109943,17.844506636863173,0.0009860636813438432
4.875,0.0225,GPR (n_s=131),151,20,131,141,121,5.664194933551917e-05,16.72038503651198,0.0003387598384357252
4.875,0.0225,GPR (n_s=131),151,20,131,142,122,3.215994485667752e-05,14.392809786076207,0.00022344452080364093
4.875,0.0225,GPR (n_s=131),151,20,131,143,123,0.0001821815516628355,17.95467227349252,0.0010146748929068467
4.875,0.0225,GPR (n_s=131),151,20,131,144,124,4.2531496359544676e-05,15.917714833313205,0.0002671959939283064
4.875,0.0225,GPR (n_s=131),151,20,131,145,125,0.00018612959947634939,18.18363929591471,0.001023610271009758
4.875,0.0225,GPR (n_s=131),151,20,131,146,126,5.647345513177778e-05,17.129070131733805,0.0003296936418466373
4.875,0.0225,GPR (n_s=131),151,20,131,147,127,0.0001949348800041158,19.300116280646524,0.0010100191997267376
4.875,0.0225,GPR (n_s=131),151,20,131,148,128,5.8950534009711474e-05,22.058324429616857,0.0002672484675697347
4.875,0.0225,GPR (n_s=131),151,20,131,149,129,3.7596554888874585e-05,14.877017941136906,0.00025271566544875354
4.875,0.0225,GPR (n_s=131),151,20,131,150,130,0.00022250383357935372,18.770828047450895,0.0011853703684082816
4.875,0.0225,GPR (n_s=131),151,20,131,151,131,5.1543279615036086e-05,19.681207046022234,0.0002618908458942994
4.875,0.0225,ANN (n_s=141),151,10,141,11,1,14.73187717477424,682.2921807681937,2.1591742643434078
4.875,0.0225,ANN (n_s=141),151,10,141,12,2,14.832974006225596,627.6924007351741,2.363095998749184
4.875,0.0225,ANN (n_s=141),151,10,141,13,3,14.130451407875738,545.0125734789101,2.5926835628173874
4.875,0.0225,ANN (n_s=141),151,10,141,14,4,15.209262181023337,509.9257646852055,2.982642422551944
4.875,0.0225,ANN (n_s=141),151,10,141,15,5,14.921603166930517,453.66654999380637,3.2891124917925363
4.875,0.0225,ANN (n_s=141),151,10,141,16,6,16.694220865073973,430.4061515337876,3.878713351466458
4.875,0.0225,ANN (n_s=141),151,10,141,17,7,17.30435568677929,390.2049350584137,4.434683965283224
4.875,0.0225,ANN (n_s=141),151,10,141,18,8,17.690522833575823,370.8127263143857,4.770743175242936
4.875,0.0225,ANN (n_s=141),151,10,141,19,9,13.123875964944464,339.1857447400118,3.869229815363852
4.875,0.0225,ANN (n_s=141),151,10,141,20,10,8.312475874517897,321.28136994909954,2.587288480447789
4.875,0.0225,ANN (n_s=141),151,10,141,21,11,10.02372440957809,296.2115263539851,3.3839751386309396
4.875,0.0225,ANN (n_s=141),151,10,141,22,12,11.136467680930366,280.92691073389426,3.9641868597911913
4.875,0.0225,ANN (n_s=141),151,10,141,23,13,12.785860509553423,261.2336485120674,4.894415624625322
4.875,0.0225,ANN (n_s=141),151,10,141,24,14,10.986941917935168,248.4413629559965,4.422348109513935
4.875,0.0225,ANN (n_s=141),151,10,141,25,15,10.388516097123487,232.74443769607404,4.463486302813037
4.875,0.0225,ANN (n_s=141),151,10,141,26,16,8.443498826615167,221.2122928206632,3.8169211660675257
4.875,0.0225,ANN (n_s=141),151,10,141,27,17,8.918583264585688,208.44153058927608,4.278697838848307
4.875,0.0225,ANN (n_s=141),151,10,141,28,18,7.682996827718331,195.74013481212296,3.9251004067677244
4.875,0.0225,ANN (n_s=141),151,10,141,29,19,9.46600384136137,180.76913376419415,5.236515573344165
4.875,0.0225,ANN (n_s=141),151,10,141,30,20,7.470306217238468,157.27692411326953,4.749778938872441
4.875,0.0225,ANN (n_s=141),151,10,141,31,21,7.468104044881733,151.44241407185515,4.931316032335782
4.875,0.0225,ANN (n_s=141),151,10,141,32,22,8.635895860639208,164.99003416318777,5.234192419220694
4.875,0.0225,ANN (n_s=141),151,10,141,33,23,7.979430919496687,154.355441125711,5.169517097228879
4.875,0.0225,ANN (n_s=141),151,10,141,34,24,6.806051083053469,134.25995187496142,5.069308448279544
4.875,0.0225,ANN (n_s=141),151,10,141,35,25,7.0133374048027575,122.01657502223894,5.747856308476529
4.875,0.0225,ANN (n_s=141),151,10,141,36,26,7.264330009294429,126.2467227487928,5.754074126541152
4.875,0.0225,ANN (n_s=141),151,10,141,37,27,6.459599861435939,127.55772567513564,5.064060077307482
4.875,0.0225,ANN (n_s=141),151,10,141,38,28,8.883296233627963,130.06878483250725,6.829691109259766
4.875,0.0225,ANN (n_s=141),151,10,141,39,29,8.238099187876603,122.90689618395554,6.702715180071415
4.875,0.0225,ANN (n_s=141),151,10,141,40,30,6.666949754770612,105.44298400562161,6.322800722725344
4.875,0.0225,ANN (n_s=141),151,10,141,41,31,7.769718071180178,117.42448967774298,6.616778231272889
4.875,0.0225,ANN (n_s=141),151,10,141,42,32,8.072212714093014,111.12544395554187,7.264054411627348
4.875,0.0225,ANN (n_s=141),151,10,141,43,33,6.114180845469444,89.26016437130748,6.849842691343773
4.875,0.0225,ANN (n_s=141),151,10,141,44,34,9.683070126253583,102.7099487482832,9.427587341109872
4.875,0.0225,ANN (n_s=141),151,10,141,45,35,6.498614818401657,99.90647853457376,6.504698107393243
4.875,0.0225,ANN (n_s=141),151,10,141,46,36,6.930282649451959,83.53271431741287,8.296489233089966
4.875,0.0225,ANN (n_s=141),151,10,141,47,37,7.303633273526753,85.45488218354036,8.54677121646482
4.875,0.0225,ANN (n_s=141),151,10,141,48,38,7.142210904843565,91.1726269718879,7.83372284210456
4.875,0.0225,ANN (n_s=141),151,10,141,49,39,7.604995936537976,80.05917124925676,9.499218912547233
4.875,0.0225,ANN (n_s=141),151,10,141,50,40,6.612078739203091,74.11683327543669,8.921156567268534
4.875,0.0225,ANN (n_s=141),151,10,141,51,41,6.7705391673210515,79.29513184187321,8.538404578004304
4.875,0.0225,ANN (n_s=141),151,10,141,52,42,6.16462126893054,67.58723787329518,9.120984172318547
4.875,0.0225,ANN (n_s=141),151,10,141,53,43,5.554346521847141,72.23950274443519,7.68879395736844
4.875,0.0225,ANN (n_s=141),151,10,141,54,44,7.4458678069301385,74.63069871242743,9.976950417710963
4.875,0.0225,ANN (n_s=141),151,10,141,55,45,5.070277321952507,56.13163114720919,9.032834461295709
4.875,0.0225,ANN (n_s=141),151,10,141,56,46,7.27023882629738,76.22636151967735,9.537696252786004
4.875,0.0225,ANN (n_s=141),151,10,141,57,47,6.133618304312631,55.867241397995485,10.97891743144616
4.875,0.0225,ANN (n_s=141),151,10,141,58,48,6.669856959525158,64.306354657996,10.372002883692947
4.875,0.0225,ANN (n_s=141),151,10,141,59,49,8.011177206630105,70.63799788388253,11.341172522753528
4.875,0.0225,ANN (n_s=141),151,10,141,60,50,5.841208761056444,53.25060818982116,10.969280839449622
4.875,0.0225,ANN (n_s=141),151,10,141,61,51,5.394511728177205,54.79728571293551,9.844487109155791
4.875,0.0225,ANN (n_s=141),151,10,141,62,52,6.942509022891101,51.51429946758298,13.476858065904393
4.875,0.0225,ANN (n_s=141),151,10,141,63,53,5.707708653422769,64.26547202038356,8.88145449489955
4.875,0.0225,ANN (n_s=141),151,10,141,64,54,5.365779660788508,51.51489894684767,10.415976291295538
4.875,0.0225,ANN (n_s=141),151,10,141,65,55,5.998205343216418,56.812599188694456,10.557878760826075
4.875,0.0225,ANN (n_s=141),151,10,141,66,56,5.335821472769517,49.10038906712177,10.867167397544003
4.875,0.0225,ANN (n_s=141),151,10,141,67,57,5.762475549950594,57.82868401658932,9.964735749991322
4.875,0.0225,ANN (n_s=141),151,10,141,68,58,5.3465937480231505,46.345966480186654,11.536265513653428
4.875,0.0225,ANN (n_s=141),151,10,141,69,59,6.893005685021271,55.7836297223911,12.356681914254272
4.875,0.0225,ANN (n_s=141),151,10,141,70,60,5.273635069676669,45.92172031206824,11.483966702115811
4.875,0.0225,ANN (n_s=141),151,10,141,71,61,6.064515416393903,51.81175660669019,11.7049021565326
4.875,0.0225,ANN (n_s=141),151,10,141,72,62,5.961282363512802,51.24326965717849,11.633298193878437
4.875,0.0225,ANN (n_s=141),151,10,141,73,63,5.784280290684613,43.71275727582824,13.232476400849544
4.875,0.0225,ANN (n_s=141),151,10,141,74,64,5.667827316095948,49.34496190945856,11.486131707823905
4.875,0.0225,ANN (n_s=141),151,10,141,75,65,4.7215131727143715,38.5513098601376,12.247348247942305
4.875,0.0225,ANN (n_s=141),151,10,141,76,66,4.505765242505452,38.705595044605936,11.641121231472662
4.875,0.0225,ANN (n_s=141),151,10,141,77,67,6.296972353952912,46.764079732766234,13.465404194708885
4.875,0.0225,ANN (n_s=141),151,10,141,78,68,5.536912852423327,42.63027643370418,12.988217097381415
4.875,0.0225,ANN (n_s=141),151,10,141,79,69,3.478305346442319,27.388534107870054,12.69985948405626
4.875,0.0225,ANN (n_s=141),151,10,141,80,70,5.03429850641829,41.75394364815449,12.057061121796108
4.875,0.0225,ANN (n_s=141),151,10,141,81,71,5.630782569482697,42.24271204273275,13.329595324719197
4.875,0.0225,ANN (n_s=141),151,10,141,82,72,5.170765986424283,39.481404268187504,13.096712445435164
4.875,0.0225,ANN (n_s=141),151,10,141,83,73,6.379826987032396,41.971188640141975,15.200491560371534
4.875,0.0225,ANN (n_s=141),151,10,141,84,74,4.863522442166079,36.19688036749214,13.436302777445798
4.875,0.0225,ANN (n_s=141),151,10,141,85,75,7.727347252991923,40.94691806548261,18.871621157505167
4.875,0.0225,ANN (n_s=141),151,10,141,86,76,4.22200807357232,33.55005954240282,12.584204413217995
4.875,0.0225,ANN (n_s=141),151,10,141,87,77,6.710643032575937,39.2563977420356,17.09439331818825
4.875,0.0225,ANN (n_s=141),151,10,141,88,78,5.385334609885445,34.11757961179248,15.784632647340684
4.875,0.0225,ANN (n_s=141),151,10,141,89,79,3.449928242463221,23.738399706931084,14.533112109726245
4.875,0.0225,ANN (n_s=141),151,10,141,90,80,6.1268047284945775,33.14179940100932,18.486638743905942
4.875,0.0225,ANN (n_s=141),151,10,141,91,81,6.338709471008186,34.351116236079264,18.452703043025387
4.875,0.0225,ANN (n_s=141),151,10,141,92,82,5.266540244334626,31.782427347023475,16.57060421103379
4.875,0.0225,ANN (n_s=141),151,10,141,93,83,5.768416258748371,34.68128387939676,16.632649122240935
4.875,0.0225,ANN (n_s=141),151,10,141,94,84,5.255974293145354,29.30641801897214,17.934550342327018
4.875,0.0225,ANN (n_s=141),151,10,141,95,85,6.092373483233012,33.543267788475625,18.162730958866668
4.875,0.0225,ANN (n_s=141),151,10,141,96,86,4.595879998692408,25.926404969207415,17.726638167346756
4.875,0.0225,ANN (n_s=141),151,10,141,97,87,5.0617224862854675,25.274416495542855,20.027059723329725
4.875,0.0225,ANN (n_s=141),151,10,141,98,88,5.270909360498801,29.14234832981456,18.08676946979702
4.875,0.0225,ANN (n_s=141),151,10,141,99,89,5.9005593478139495,28.317501743532684,20.837146586073942
4.875,0.0225,ANN (n_s=141),151,10,141,100,90,4.973825574847196,29.813145925472604,16.683330190248448
4.875,0.0225,ANN (n_s=141),151,10,141,101,91,5.5610254574148925,28.978910041336498,19.189905519160167
4.875,0.0225,ANN (n_s=141),151,10,141,102,92,4.885526514018921,28.05523424982786,17.413957304772453
4.875,0.0225,ANN (n_s=141),151,10,141,103,93,2.9497199565553816,15.985396028975316,18.452592298674894
4.875,0.0225,ANN (n_s=141),151,10,141,104,94,6.002283655945011,28.46962558697495,21.083114133721157
4.875,0.0225,ANN (n_s=141),151,10,141,105,95,4.571634887503712,26.16239906364236,17.474066030346847
4.875,0.0225,ANN (n_s=141),151,10,141,106,96,6.775538232335854,27.836785618272838,24.340232113179773
4.875,0.0225,ANN (n_s=141),151,10,141,107,97,4.378050083853903,23.91225045547337,18.308816612665556
4.875,0.0225,ANN (n_s=141),151,10,141,108,98,6.185309437467151,27.033802726530705,22.879908905294144
4.875,0.0225,ANN (n_s=141),151,10,141,109,99,4.299669071499348,19.59071474538877,21.947484445463623
4.875,0.0225,ANN (n_s=141),151,10,141,110,100,6.729348453027357,26.337615355520075,25.550333096564717
4.875,0.0225,ANN (n_s=141),151,10,141,111,101,4.8441390731704,23.90803053179458,20.261556328231734
4.875,0.0225,ANN (n_s=141),151,10,141,112,102,6.911989034556026,25.48318678540589,27.123723154258286
4.875,0.0225,ANN (n_s=141),151,10,141,113,103,4.706152328964516,21.135146111228305,22.266949583397086
4.875,0.0225,ANN (n_s=141),151,10,141,114,104,4.494919333294101,17.75505955413802,25.316272916958532
4.875,0.0225,ANN (n_s=141),151,10,141,115,105,7.363227793133383,24.790467782786628,29.70185096001324
4.875,0.0225,ANN (n_s=141),151,10,141,116,106,5.504034301062611,21.696716862544907,25.368051470332077
4.875,0.0225,ANN (n_s=141),151,10,141,117,107,7.114240626411709,23.797872521373684,29.89443959758237
4.875,0.0225,ANN (n_s=141),151,10,141,118,108,4.744395406919576,19.90070494128179,23.840338424785433
4.875,0.0225,ANN (n_s=141),151,10,141,119,109,6.498196796358998,20.861025800236696,31.149938927189613
4.875,0.0225,ANN (n_s=141),151,10,141,120,110,5.656588476457887,21.314092565001456,26.539194475237565
4.875,0.0225,ANN (n_s=141),151,10,141,121,111,5.94422014486404,20.249297897612472,29.355191349942576
4.875,0.0225,ANN (n_s=141),151,10,141,122,112,6.11656593367575,21.07567313355866,29.02192444774815
4.875,0.0225,ANN (n_s=141),151,10,141,123,113,4.468152302386251,14.96745652614693,29.852448841797212
4.875,0.0225,ANN (n_s=141),151,10,141,124,114,6.96920389493908,19.40037693499889,35.92303344563588
4.875,0.0225,ANN (n_s=141),151,10,141,125,115,5.381803131509715,19.497718622081475,27.602219704897873
4.875,0.0225,ANN (n_s=141),151,10,141,126,116,7.046599110446847,19.75738132844846,35.665653222477
4.875,0.0225,ANN (n_s=141),151,10,141,127,117,5.464886116108907,17.316125871437677,31.559519471517813
4.875,0.0225,ANN (n_s=141),151,10,141,128,118,5.913078103773281,18.61284469805931,31.768803746532175
4.875,0.0225,ANN (n_s=141),151,10,141,129,119,7.27361320501392,18.435577888012347,39.45421862660218
4.875,0.0225,ANN (n_s=141),151,10,141,130,120,5.469121792938227,16.954021267454017,32.25855215504
4.875,0.0225,ANN (n_s=141),151,10,141,131,121,7.659164655872158,19.3341824071041,39.614629129897395
4.875,0.0225,ANN (n_s=141),151,10,141,132,122,5.497630368031311,15.291745519740614,35.951620833175916
4.875,0.0225,ANN (n_s=141),151,10,141,133,123,7.972919956540526,18.708535710175546,42.61648308586794
4.875,0.0225,ANN (n_s=141),151,10,141,134,124,5.147781311814696,15.069046661537245,34.16129385911367
4.875,0.0225,ANN (n_s=141),151,10,141,135,125,6.1167949946757565,16.71545929250865,36.5936399810271
4.875,0.0225,ANN (n_s=141),151,10,141,136,126,6.844222080331128,18.309554557462796,37.38060398384454
4.875,0.0225,ANN (n_s=141),151,10,141,137,127,5.389517904065018,16.87594496648669,31.936095518016096
4.875,0.0225,ANN (n_s=141),151,10,141,138,128,7.724970107560791,17.584087345308568,43.93159540134912
4.875,0.0225,ANN (n_s=141),151,10,141,139,129,5.613508691570233,16.433063846846377,34.15984227827062
4.875,0.0225,ANN (n_s=141),151,10,141,140,130,6.982669437272986,17.844506636863173,39.13063879753443
4.875,0.0225,ANN (n_s=141),151,10,141,141,131,5.645350887984227,16.72038503651198,33.763282817091735
4.875,0.0225,ANN (n_s=141),151,10,141,142,132,5.945206999432288,14.392809786076207,41.3067850391781
4.875,0.0225,ANN (n_s=141),151,10,141,143,133,8.747136732761179,17.95467227349252,48.71788579329885
4.875,0.0225,ANN (n_s=141),151,10,141,144,134,5.936543126620918,15.917714833313205,37.295197135939965
4.875,0.0225,ANN (n_s=141),151,10,141,145,135,8.036155238850988,18.18363929591471,44.194427243486174
4.875,0.0225,ANN (n_s=141),151,10,141,146,136,6.983912219042201,17.129070131733805,40.77227873627306
4.875,0.0225,ANN (n_s=141),151,10,141,147,137,10.025025653710106,19.300116280646524,51.9428251515917
4.875,0.0225,ANN (n_s=141),151,10,141,148,138,7.809910999292425,22.058324429616857,35.40573094847748
4.875,0.0225,ANN (n_s=141),151,10,141,149,139,5.908654104714103,14.877017941136906,39.71665644346573
4.875,0.0225,ANN (n_s=141),151,10,141,150,140,8.992851969214076,18.770828047450895,47.908658832103676
4.875,0.0225,ANN (n_s=141),151,10,141,151,141,6.902042695176607,19.681207046022234,35.06920423649309
4.875,0.0225,GPR (n_s=141),151,10,141,11,1,0.00018692049829395022,682.2921807681937,2.739596078669642e-05
4.875,0.0225,GPR (n_s=141),151,10,141,12,2,0.00018322347834099902,627.6924007351741,2.9190010604939876e-05
4.875,0.0225,GPR (n_s=141),151,10,141,13,3,0.00018297981370766806,545.0125734789101,3.357350318354603e-05
4.875,0.0225,GPR (n_s=141),151,10,141,14,4,0.00018097798606321665,509.9257646852055,3.549104567699977e-05
4.875,0.0225,GPR (n_s=141),151,10,141,15,5,0.0001757847101381564,453.66654999380637,3.8747558121831175e-05
4.875,0.0225,GPR (n_s=141),151,10,141,16,6,0.00017416685999763245,430.4061515337876,4.04656995205516e-05
4.875,0.0225,GPR (n_s=141),151,10,141,17,7,0.00017103633258302618,390.2049350584137,4.383243706474959e-05
4.875,0.0225,GPR (n_s=141),151,10,141,18,8,0.0001693743068588317,370.8127263143857,4.567650860915471e-05
4.875,0.0225,GPR (n_s=141),151,10,141,19,9,0.00016649614327297167,339.1857447400118,4.908701083549136e-05
4.875,0.0225,GPR (n_s=141),151,10,141,20,10,0.00016661180720631163,321.28136994909954,5.185853360644841e-05
4.875,0.0225,GPR (n_s=141),151,10,141,21,11,0.00016179112574437625,296.2115263539851,5.46201316794908e-05
4.875,0.0225,GPR (n_s=141),151,10,141,22,12,0.00016267742931542147,280.92691073389426,5.790738555108248e-05
4.875,0.0225,GPR (n_s=141),151,10,141,23,13,0.0001571867697749119,261.2336485120674,6.017095066819114e-05
4.875,0.0225,GPR (n_s=141),151,10,141,24,14,0.00016093244526033164,248.4413629559965,6.477683238633484e-05
4.875,0.0225,GPR (n_s=141),151,10,141,25,15,0.00015671423188265809,232.74443769607404,6.733318030452831e-05
4.875,0.0225,GPR (n_s=141),151,10,141,26,16,0.00015790332961958565,221.2122928206632,7.138090185051238e-05
4.875,0.0225,GPR (n_s=141),151,10,141,27,17,0.00015590801053280798,208.44153058927608,7.479699947128921e-05
4.875,0.0225,GPR (n_s=141),151,10,141,28,18,0.00015336011756298076,195.74013481212296,7.834883618026534e-05
4.875,0.0225,GPR (n_s=141),151,10,141,29,19,0.0001471522700631992,180.76913376419415,8.140342712221725e-05
4.875,0.0225,GPR (n_s=141),151,10,141,30,20,0.00013021278625237264,157.27692411326953,8.279204783951298e-05
4.875,0.0225,GPR (n_s=141),151,10,141,31,21,0.0001251101777907831,151.44241407185515,8.261237682821264e-05
4.875,0.0225,GPR (n_s=141),151,10,141,32,22,0.00013886400510667492,164.99003416318777,8.416508658294343e-05
4.875,0.0225,GPR (n_s=141),151,10,141,33,23,0.00013392529824660178,154.355441125711,8.6764222414116e-05
4.875,0.0225,GPR (n_s=141),151,10,141,34,24,0.00011668457279300607,134.25995187496142,8.690944035320108e-05
4.875,0.0225,GPR (n_s=141),151,10,141,35,25,0.00010782960603859112,122.01657502223894,8.837291656394874e-05
4.875,0.0225,GPR (n_s=141),151,10,141,36,26,9.809514918974132e-05,126.2467227487928,7.77011450704603e-05
4.875,0.0225,GPR (n_s=141),151,10,141,37,27,0.00010903924189921788,127.55772567513564,8.548227190638325e-05
4.875,0.0225,GPR (n_s=141),151,10,141,38,28,0.000120954651764273,130.06878483250725,9.299283599829833e-05
4.875,0.0225,GPR (n_s=141),151,10,141,39,29,0.00012133975481604135,122.90689618395554,9.872493617805738e-05
4.875,0.0225,GPR (n_s=141),151,10,141,40,30,0.00010401444743638461,105.44298400562161,9.864520472110231e-05
4.875,0.0225,GPR (n_s=141),151,10,141,41,31,0.00011532030368093767,117.42448967774298,9.820805182753616e-05
4.875,0.0225,GPR (n_s=141),151,10,141,42,32,0.00011945699351095721,111.12544395554187,0.00010749742746472046
4.875,0.0225,GPR (n_s=141),151,10,141,43,33,9.978440372039859e-05,89.26016437130748,0.0001117905220354648
4.875,0.0225,GPR (n_s=141),151,10,141,44,34,0.00011278443452632132,102.7099487482832,0.0001098086756938495
4.875,0.0225,GPR (n_s=141),151,10,141,45,35,0.00011584435950094412,99.90647853457376,0.00011595280025894904
4.875,0.0225,GPR (n_s=141),151,10,141,46,36,0.00010721476467365496,83.53271431741287,0.00012835062951055743
4.875,0.0225,GPR (n_s=141),151,10,141,47,37,0.0001044523194775403,85.45488218354036,0.00012223095604204
4.875,0.0225,GPR (n_s=141),151,10,141,48,38,0.00012104816705547125,91.1726269718879,0.00013276810274732477
4.875,0.0225,GPR (n_s=141),151,10,141,49,39,0.00011423493467545673,80.05917124925676,0.00014268813040769173
4.875,0.0225,GPR (n_s=141),151,10,141,50,40,9.951528442979288e-05,74.11683327543669,0.0001342681278083876
4.875,0.0225,GPR (n_s=141),151,10,141,51,41,0.00011001600498594385,79.29513184187321,0.0001387424453815561
4.875,0.0225,GPR (n_s=141),151,10,141,52,42,0.00010340346273641624,67.58723787329518,0.00015299258556809972
4.875,0.0225,GPR (n_s=141),151,10,141,53,43,9.754049091135633e-05,72.23950274443519,0.00013502375737057542
4.875,0.0225,GPR (n_s=141),151,10,141,54,44,0.00010713201857682088,74.63069871242743,0.00014354953179472425
4.875,0.0225,GPR (n_s=141),151,10,141,55,45,8.258837891238315e-05,56.13163114720919,0.0001471334027257987
4.875,0.0225,GPR (n_s=141),151,10,141,56,46,0.00010636662887751678,76.22636151967735,0.00013954047754208878
4.875,0.0225,GPR (n_s=141),151,10,141,57,47,8.534539324660442e-05,55.867241397995485,0.00015276464545404707
4.875,0.0225,GPR (n_s=141),151,10,141,58,48,8.661050266413159e-05,64.306354657996,0.00013468420519987016
4.875,0.0225,GPR (n_s=141),151,10,141,59,49,0.00010787644629074746,70.63799788388253,0.0001527173044571265
4.875,0.0225,GPR (n_s=141),151,10,141,60,50,8.137393435866109e-05,53.25060818982116,0.00015281315486311326
4.875,0.0225,GPR (n_s=141),151,10,141,61,51,7.745124747513109e-05,54.79728571293551,0.00014134139395310935
4.875,0.0225,GPR (n_s=141),151,10,141,62,52,7.725117133698809e-05,51.51429946758298,0.00014996063643571598
4.875,0.0225,GPR (n_s=141),151,10,141,63,53,0.00011432296769588514,64.26547202038356,0.00017789174202225493
4.875,0.0225,GPR (n_s=141),151,10,141,64,54,8.242320203327065e-05,51.51489894684767,0.00015999876485890758
4.875,0.0225,GPR (n_s=141),151,10,141,65,55,0.00010197991704047758,56.812599188694456,0.00017950229085940376
4.875,0.0225,GPR (n_s=141),151,10,141,66,56,7.073936959438719e-05,49.10038906712177,0.0001440708942197673
4.875,0.0225,GPR (n_s=141),151,10,141,67,57,0.00010773811585588484,57.82868401658932,0.00018630566765963062
4.875,0.0225,GPR (n_s=141),151,10,141,68,58,8.237204878991702e-05,46.345966480186654,0.00017773293998547178
4.875,0.0225,GPR (n_s=141),151,10,141,69,59,9.950607323893035e-05,55.7836297223911,0.00017837862780555028
4.875,0.0225,GPR (n_s=141),151,10,141,70,60,9.010191216803701e-05,45.92172031206824,0.0001962076149493864
4.875,0.0225,GPR (n_s=141),151,10,141,71,61,8.656500954941185e-05,51.81175660669019,0.00016707599822669231
4.875,0.0225,GPR (n_s=141),151,10,141,72,62,0.00011171983499573684,51.24326965717849,0.0002180185529595425
4.875,0.0225,GPR (n_s=141),151,10,141,73,63,6.761828816762658e-05,43.71275727582824,0.0001546877670995541
4.875,0.0225,GPR (n_s=141),151,10,141,74,64,0.0001082882821431394,49.34496190945856,0.0002194515467289933
4.875,0.0225,GPR (n_s=141),151,10,141,75,65,5.6967504911542364e-05,38.5513098601376,0.0001477706078424258
4.875,0.0225,GPR (n_s=141),151,10,141,76,66,7.065301209916014e-05,38.705595044605936,0.00018253953212122608
4.875,0.0225,GPR (n_s=141),151,10,141,77,67,0.00010297145813415381,46.764079732766234,0.00022019348765673388
4.875,0.0225,GPR (n_s=141),151,10,141,78,68,9.929476140566007e-05,42.63027643370418,0.00023292075424393924
4.875,0.0225,GPR (n_s=141),151,10,141,79,69,2.9726563697111727e-05,27.388534107870054,0.00010853652692777685
4.875,0.0225,GPR (n_s=141),151,10,141,80,70,8.445611546394497e-05,41.75394364815449,0.00020227099067725524
4.875,0.0225,GPR (n_s=141),151,10,141,81,71,0.00011064052506935026,42.24271204273275,0.000261916244765313
4.875,0.0225,GPR (n_s=141),151,10,141,82,72,7.759256352844998e-05,39.481404268187504,0.00019652939141015022
4.875,0.0225,GPR (n_s=141),151,10,141,83,73,0.00012161766717886779,41.971188640141975,0.000289764648367739
4.875,0.0225,GPR (n_s=141),151,10,141,84,74,6.868448884816408e-05,36.19688036749214,0.00018975250947274604
4.875,0.0225,GPR (n_s=141),151,10,141,85,75,0.00012353103002879292,40.94691806548261,0.00030168578214175045
4.875,0.0225,GPR (n_s=141),151,10,141,86,76,7.205732515410742e-05,33.55005954240282,0.0002147755507349742
4.875,0.0225,GPR (n_s=141),151,10,141,87,77,0.00012124759727851984,39.2563977420356,0.00030886073163225667
4.875,0.0225,GPR (n_s=141),151,10,141,88,78,0.00011007112332124362,34.11757961179248,0.00032262289580236924
4.875,0.0225,GPR (n_s=141),151,10,141,89,79,4.654939837093851e-05,23.738399706931084,0.0001960932453140349
4.875,0.0225,GPR (n_s=141),151,10,141,90,80,8.443875110531523e-05,33.14179940100932,0.000254780225067513
4.875,0.0225,GPR (n_s=141),151,10,141,91,81,0.0001267890104107211,34.351116236079264,0.0003690972064469729
4.875,0.0225,GPR (n_s=141),151,10,141,92,82,7.955404133060629e-05,31.782427347023475,0.0002503082614237669
4.875,0.0225,GPR (n_s=141),151,10,141,93,83,0.00013405003856627198,34.68128387939676,0.0003865198273294248
4.875,0.0225,GPR (n_s=141),151,10,141,94,84,7.437456551578389e-05,29.30641801897214,0.0002537825177667087
4.875,0.0225,GPR (n_s=141),151,10,141,95,85,0.00012916510344321324,33.543267788475625,0.00038507012571861043
4.875,0.0225,GPR (n_s=141),151,10,141,96,86,7.870772233821595e-05,25.926404969207415,0.0003035813196303016
4.875,0.0225,GPR (n_s=141),151,10,141,97,87,0.000103054096091285,25.274416495542855,0.0004077407528259203
4.875,0.0225,GPR (n_s=141),151,10,141,98,88,9.19458913902321e-05,29.14234832981456,0.0003155061162183877
4.875,0.0225,GPR (n_s=141),151,10,141,99,89,0.00012012525860055992,28.317501743532684,0.00042420853254823167
4.875,0.0225,GPR (n_s=141),151,10,141,100,90,9.120198255430774e-05,29.813145925472604,0.00030591197179357044
4.875,0.0225,GPR (n_s=141),151,10,141,101,91,0.00013766905117915134,28.978910041336498,0.00047506635336793393
4.875,0.0225,GPR (n_s=141),151,10,141,102,92,7.518861342642e-05,28.05523424982786,0.00026800208744249334
4.875,0.0225,GPR (n_s=141),151,10,141,103,93,3.3680480961406345e-05,15.985396028975316,0.0002106953177785318
4.875,0.0225,GPR (n_s=141),151,10,141,104,94,0.0001471665773537106,28.46962558697495,0.0005169248780744075
4.875,0.0225,GPR (n_s=141),151,10,141,105,95,5.656296679587178e-05,26.16239906364236,0.00021619946495838297
4.875,0.0225,GPR (n_s=141),151,10,141,106,96,0.000148473450952131,27.836785618272838,0.0005333713920427254
4.875,0.0225,GPR (n_s=141),151,10,141,107,97,5.084406137740286e-05,23.91225045547337,0.0002126276716283095
4.875,0.0225,GPR (n_s=141),151,10,141,108,98,0.00015339069915874147,27.033802726530705,0.0005674033383701708
4.875,0.0225,GPR (n_s=141),151,10,141,109,99,3.45937700582102e-05,19.59071474538877,0.00017658248056698808
4.875,0.0225,GPR (n_s=141),151,10,141,110,100,0.00015169801461951753,26.337615355520075,0.0005759747515931555
4.875,0.0225,GPR (n_s=141),151,10,141,111,101,6.11798227956296e-05,23.90803053179458,0.0002558965395090506
4.875,0.0225,GPR (n_s=141),151,10,141,112,102,0.000157988135285711,25.48318678540589,0.0006199700870072896
4.875,0.0225,GPR (n_s=141),151,10,141,113,103,4.832528331676317e-05,21.135146111228305,0.00022864891996696334
4.875,0.0225,GPR (n_s=141),151,10,141,114,104,2.7389951330557304e-05,17.75505955413802,0.00015426561227260862
4.875,0.0225,GPR (n_s=141),151,10,141,115,105,0.00016479897872703035,24.790467782786628,0.0006647675234327738
4.875,0.0225,GPR (n_s=141),151,10,141,116,106,5.454352782994542e-05,21.696716862544907,0.0002513906973829024
4.875,0.0225,GPR (n_s=141),151,10,141,117,107,0.00016155781365587277,23.797872521373684,0.0006788750276343911
4.875,0.0225,GPR (n_s=141),151,10,141,118,108,4.847830368554261e-05,19.90070494128179,0.0002436009368943498
4.875,0.0225,GPR (n_s=141),151,10,141,119,109,0.0001418304781481268,20.861025800236696,0.0006798825690849658
4.875,0.0225,GPR (n_s=141),151,10,141,120,110,9.331237664762985e-05,21.314092565001456,0.000437796619129131
4.875,0.0225,GPR (n_s=141),151,10,141,121,111,0.00012887699051701402,20.249297897612472,0.0006364516496752685
4.875,0.0225,GPR (n_s=141),151,10,141,122,112,0.00012020654309985211,21.07567313355866,0.0005703568390821549
4.875,0.0225,GPR (n_s=141),151,10,141,123,113,4.9084742813028406e-05,14.96745652614693,0.0003279431126275954
4.875,0.0225,GPR (n_s=141),151,10,141,124,114,0.00015556556866803183,19.40037693499889,0.0008018687945561856
4.875,0.0225,GPR (n_s=141),151,10,141,125,115,7.868964419342119e-05,19.497718622081475,0.00040358385367354684
4.875,0.0225,GPR (n_s=141),151,10,141,126,116,0.00015703866119749514,19.75738132844846,0.0007948354014475426
4.875,0.0225,GPR (n_s=141),151,10,141,127,117,9.621270372312023e-05,17.316125871437677,0.0005556248807466779
4.875,0.0225,GPR (n_s=141),151,10,141,128,118,9.447133024785486e-05,18.61284469805931,0.0005075598694363201
4.875,0.0225,GPR (n_s=141),151,10,141,129,119,0.00015498689462560097,18.435577888012347,0.0008406945286286931
4.875,0.0225,GPR (n_s=141),151,10,141,130,120,4.7755873864754124e-05,16.954021267454017,0.00028167874223697733
4.875,0.0225,GPR (n_s=141),151,10,141,131,121,0.00017958289438724088,19.3341824071041,0.0009288362476670097
4.875,0.0225,GPR (n_s=141),151,10,141,132,122,4.785377870654828e-05,15.291745519740614,0.0003129386285219845
4.875,0.0225,GPR (n_s=141),151,10,141,133,123,0.00018269596544110125,18.708535710175546,0.0009765380266598479
4.875,0.0225,GPR (n_s=141),151,10,141,134,124,4.6886990669784675e-05,15.069046661537245,0.00031114769051356544
4.875,0.0225,GPR (n_s=141),151,10,141,135,125,7.21020574795419e-05,16.71545929250865,0.00043134954426203413
4.875,0.0225,GPR (n_s=141),151,10,141,136,126,0.00017939165673870171,18.309554557462796,0.0009797707321371368
4.875,0.0225,GPR (n_s=141),151,10,141,137,127,7.390005244651333e-05,16.87594496648669,0.0004379017150936952
4.875,0.0225,GPR (n_s=141),151,10,141,138,128,0.00017585381203357914,17.584087345308568,0.0010000735811887156
4.875,0.0225,GPR (n_s=141),151,10,141,139,129,4.739695673582381e-05,16.433063846846377,0.00028842434483037456
4.875,0.0225,GPR (n_s=141),151,10,141,140,130,0.00018844144395529944,17.844506636863173,0.0010560193553685435
4.875,0.0225,GPR (n_s=141),151,10,141,141,131,5.99534968122938e-05,16.72038503651198,0.0003585652883075031
4.875,0.0225,GPR (n_s=141),151,10,141,142,132,3.3891841115936054e-05,14.392809786076207,0.00023547758651492405
4.875,0.0225,GPR (n_s=141),151,10,141,143,133,0.00019522856432291856,17.95467227349252,0.0010873412855947548
4.875,0.0225,GPR (n_s=141),151,10,141,144,134,4.486739768367668e-05,15.917714833313205,0.0002818708473767633
4.875,0.0225,GPR (n_s=141),151,10,141,145,135,0.00019945359408922895,18.18363929591471,0.0010968849021000978
4.875,0.0225,GPR (n_s=141),151,10,141,146,136,6.0021468967099766e-05,17.129070131733805,0.00035040704781692897
4.875,0.0225,GPR (n_s=141),151,10,141,147,137,0.0002089374054493694,19.300116280646524,0.001082570707923063
4.875,0.0225,GPR (n_s=141),151,10,141,148,138,6.22699583151454e-05,22.058324429616857,0.00028229686490392693
4.875,0.0225,GPR (n_s=141),151,10,141,149,139,3.940714882977988e-05,14.877017941136906,0.00026488607451910067
4.875,0.0225,GPR (n_s=141),151,10,141,150,140,0.00023859414986875698,18.770828047450895,0.0012710901685616283
4.875,0.0225,GPR (n_s=141),151,10,141,151,141,5.420756894621031e-05,19.681207046022234,0.0002754280711515923
4.875,0.0225,ANN (n_s=151),151,0,151,1,1,54.490971467710246,6783.438246011936,0.8032942807395075
4.875,0.0225,ANN (n_s=151),151,0,151,2,2,28.972883664955077,3115.992693539784,0.9298123106971002
4.875,0.0225,ANN (n_s=151),151,0,151,3,3,27.756687233668554,2273.7278415488613,1.2207567997566817
4.875,0.0225,ANN (n_s=151),151,0,151,4,4,21.630704709451617,1649.441335576637,1.3113958188691581
4.875,0.0225,ANN (n_s=151),151,0,151,5,5,19.704062855856982,1399.2720165105995,1.4081652904767943
4.875,0.0225,ANN (n_s=151),151,0,151,6,6,20.721676617055802,1216.8969054669894,1.702829263840043
4.875,0.0225,ANN (n_s=151),151,0,151,7,7,19.211096328705747,1171.8112602562005,1.6394360576894869
4.875,0.0225,ANN (n_s=151),151,0,151,8,8,11.551999528826983,1045.997849708899,1.104399930845164
4.875,0.0225,ANN (n_s=151),151,0,151,9,9,16.865348522515145,885.0633130482933,1.9055527750244565
4.875,0.0225,ANN (n_s=151),151,0,151,10,10,14.589130645269853,801.0977548132034,1.8211423709047447
4.875,0.0225,ANN (n_s=151),151,0,151,11,11,14.989119247745169,682.2921807681937,2.1968768909045533
4.875,0.0225,ANN (n_s=151),151,0,151,12,12,11.642698038251972,627.6924007351741,1.8548413242880841
4.875,0.0225,ANN (n_s=151),151,0,151,13,13,12.267334262153982,545.0125734789101,2.2508350924547393
4.875,0.0225,ANN (n_s=151),151,0,151,14,14,12.925991787903063,509.9257646852055,2.5348771690096337
4.875,0.0225,ANN (n_s=151),151,0,151,15,15,12.53474111661022,453.66654999380637,2.7629855268768106
4.875,0.0225,ANN (n_s=151),151,0,151,16,16,9.883479573994293,430.4061515337876,2.2963146643638117
4.875,0.0225,ANN (n_s=151),151,0,151,17,17,12.778926014737252,390.2049350584137,3.2749268055321354
4.875,0.0225,ANN (n_s=151),151,0,151,18,18,10.739781894253442,370.8127263143857,2.896281905154449
4.875,0.0225,ANN (n_s=151),151,0,151,19,19,10.786109052474407,339.1857447400118,3.18000069865614
4.875,0.0225,ANN (n_s=151),151,0,151,20,20,11.299351191582561,321.28136994909954,3.5169643335910554
4.875,0.0225,ANN (n_s=151),151,0,151,21,21,10.847693033734243,296.2115263539851,3.6621441330310684
4.875,0.0225,ANN (n_s=151),151,0,151,22,22,11.599377454044928,280.92691073389426,4.128966293667873
4.875,0.0225,ANN (n_s=151),151,0,151,23,23,10.145712416756503,261.2336485120674,3.8837693668271194
4.875,0.0225,ANN (n_s=151),151,0,151,24,24,9.694582948504006,248.4413629559965,3.9021613925943135
4.875,0.0225,ANN (n_s=151),151,0,151,25,25,10.771417790383925,232.74443769607404,4.628002240143597
4.875,0.0225,ANN (n_s=151),151,0,151,26,26,10.333559885445041,221.2122928206632,4.671331666826697
4.875,0.0225,ANN (n_s=151),151,0,151,27,27,9.273519409957338,208.44153058927608,4.448978753773574
4.875,0.0225,ANN (n_s=151),151,0,151,28,28,9.544567973017191,195.74013481212296,4.876142535703443
4.875,0.0225,ANN (n_s=151),151,0,151,29,29,11.392829125303512,180.76913376419415,6.3024194938971085
4.875,0.0225,ANN (n_s=151),151,0,151,30,30,9.912749776767841,157.27692411326953,6.302736293106014
4.875,0.0225,ANN (n_s=151),151,0,151,31,31,10.216654575365583,151.44241407185515,6.7462306633055045
4.875,0.0225,ANN (n_s=151),151,0,151,32,32,9.086538370168727,164.99003416318777,5.507325588636126
4.875,0.0225,ANN (n_s=151),151,0,151,33,33,10.379276165600217,154.355441125711,6.724269704977274
4.875,0.0225,ANN (n_s=151),151,0,151,34,34,9.1872902228406,134.25995187496142,6.842911899295838
4.875,0.0225,ANN (n_s=151),151,0,151,35,35,8.437500785671604,122.01657502223894,6.915044766773508
4.875,0.0225,ANN (n_s=151),151,0,151,36,36,9.184820583159022,126.2467227487928,7.275294267586719
4.875,0.0225,ANN (n_s=151),151,0,151,37,37,9.332521732703814,127.55772567513564,7.316312425067773
4.875,0.0225,ANN (n_s=151),151,0,151,38,38,11.23584980394344,130.06878483250725,8.638390693364375
4.875,0.0225,ANN (n_s=151),151,0,151,39,39,8.905493084361085,122.90689618395554,7.245722868985461
4.875,0.0225,ANN (n_s=151),151,0,151,40,40,8.563564881431391,105.44298400562161,8.121512267686612
4.875,0.0225,ANN (n_s=151),151,0,151,41,41,8.960434708056184,117.42448967774298,7.63080574814248
4.875,0.0225,ANN (n_s=151),151,0,151,42,42,8.753615688629969,111.12544395554187,7.877237990726986
4.875,0.0225,ANN (n_s=151),151,0,151,43,43,8.491103732621124,89.26016437130748,9.512758342343556
4.875,0.0225,ANN (n_s=151),151,0,151,44,44,9.115783234588118,102.7099487482832,8.875268019974053
4.875,0.0225,ANN (n_s=151),151,0,151,45,45,8.698468353034997,99.90647853457376,8.706610903140575
4.875,0.0225,ANN (n_s=151),151,0,151,46,46,8.013933751829601,83.53271431741287,9.593766726384288
4.875,0.0225,ANN (n_s=151),151,0,151,47,47,8.593206008022994,85.45488218354036,10.055839746600398
4.875,0.0225,ANN (n_s=151),151,0,151,48,48,9.265632426724414,91.1726269718879,10.16273495067919
4.875,0.0225,ANN (n_s=151),151,0,151,49,49,10.262888492151815,80.05917124925676,12.819129066674034
4.875,0.0225,ANN (n_s=151),151,0,151,50,50,6.968087019031659,74.11683327543669,9.401490472665643
4.875,0.0225,ANN (n_s=151),151,0,151,51,51,9.745031759891354,79.29513184187321,12.289571293385903
4.875,0.0225,ANN (n_s=151),151,0,151,52,52,7.595960620532756,67.58723787329518,11.238749887623449
4.875,0.0225,ANN (n_s=151),151,0,151,53,53,10.463733381221434,72.23950274443519,14.484780464560279
4.875,0.0225,ANN (n_s=151),151,0,151,54,54,10.128488570059181,74.63069871242743,13.571477615514533
4.875,0.0225,ANN (n_s=151),151,0,151,55,55,8.441040767077078,56.13163114720919,15.03793956199108
4.875,0.0225,ANN (n_s=151),151,0,151,56,56,9.172024361850385,76.22636151967735,12.032614674232725
4.875,0.0225,ANN (n_s=151),151,0,151,57,57,8.28145714204573,55.867241397995485,14.823458138999625
4.875,0.0225,ANN (n_s=151),151,0,151,58,58,11.147470939774074,64.306354657996,17.334944577499808
4.875,0.0225,ANN (n_s=151),151,0,151,59,59,10.536635626014844,70.63799788388253,14.916384866025469
4.875,0.0225,ANN (n_s=151),151,0,151,60,60,7.824045693066841,53.25060818982116,14.692875741769287
4.875,0.0225,ANN (n_s=151),151,0,151,61,61,8.250286861332519,54.79728571293551,15.056013731324189
4.875,0.0225,ANN (n_s=151),151,0,151,62,62,7.16782092609504,51.51429946758298,13.914235465058823
4.875,0.0225,ANN (n_s=151),151,0,151,63,63,9.149985766107347,64.26547202038356,14.23779438390366
4.875,0.0225,ANN (n_s=151),151,0,151,64,64,9.371825470968473,51.51489894684767,18.192456284614256
4.875,0.0225,ANN (n_s=151),151,0,151,65,65,10.8871807283021,56.812599188694456,19.163320960095447
4.875,0.0225,ANN (n_s=151),151,0,151,66,66,8.083007626295833,49.10038906712177,16.462206878332694
4.875,0.0225,ANN (n_s=151),151,0,151,67,67,9.002608199782438,57.82868401658932,15.567721024396576
4.875,0.0225,ANN (n_s=151),151,0,151,68,68,9.308723274695673,46.345966480186654,20.085293244829064
4.875,0.0225,ANN (n_s=151),151,0,151,69,69,11.27440190842101,55.7836297223911,20.210950711756134
4.875,0.0225,ANN (n_s=151),151,0,151,70,70,9.607233781719344,45.92172031206824,20.920892589458504
4.875,0.0225,ANN (n_s=151),151,0,151,71,71,9.502978625223333,51.81175660669019,18.34135579953732
4.875,0.0225,ANN (n_s=151),151,0,151,72,72,10.543053732985001,51.24326965717849,20.574514084520487
4.875,0.0225,ANN (n_s=151),151,0,151,73,73,8.64583285334776,43.71275727582824,19.778740560318372
4.875,0.0225,ANN (n_s=151),151,0,151,74,74,9.774998823069417,49.34496190945856,19.809517415385262
4.875,0.0225,ANN (n_s=151),151,0,151,75,75,7.316282427103501,38.5513098601376,18.978038498942425
4.875,0.0225,ANN (n_s=151),151,0,151,76,76,7.256505521336617,38.705595044605936,18.747949780836382
4.875,0.0225,ANN (n_s=151),151,0,151,77,77,9.680977321879416,46.764079732766234,20.701738122938483
4.875,0.0225,ANN (n_s=151),151,0,151,78,78,8.911828553220852,42.63027643370418,20.904927902778077
4.875,0.0225,ANN (n_s=151),151,0,151,79,79,6.8395197456078645,27.388534107870054,24.972200843865313
4.875,0.0225,ANN (n_s=151),151,0,151,80,80,9.198838186054758,41.75394364815449,22.031064331479843
4.875,0.0225,ANN (n_s=151),151,0,151,81,81,10.03351948064841,42.24271204273275,23.752072240291998
4.875,0.0225,ANN (n_s=151),151,0,151,82,82,8.42798834537105,39.481404268187504,21.346728926159237
4.875,0.0225,ANN (n_s=151),151,0,151,83,83,9.771614426426952,41.971188640141975,23.281719539105953
4.875,0.0225,ANN (n_s=151),151,0,151,84,84,8.242519384219548,36.19688036749214,22.771352946819217
4.875,0.0225,ANN (n_s=151),151,0,151,85,85,12.136097947237527,40.94691806548261,29.638611452586954
4.875,0.0225,ANN (n_s=151),151,0,151,86,86,8.580510818068035,33.55005954240282,25.575247660062743
4.875,0.0225,ANN (n_s=151),151,0,151,87,87,11.421550693292394,39.2563977420356,29.094749773900528
4.875,0.0225,ANN (n_s=151),151,0,151,88,88,9.639407252716046,34.11757961179248,28.253490905270016
4.875,0.0225,ANN (n_s=151),151,0,151,89,89,6.719780133557541,23.738399706931084,28.307637484069808
4.875,0.0225,ANN (n_s=151),151,0,151,90,90,10.733615797395988,33.14179940100932,32.3869433506652
4.875,0.0225,ANN (n_s=151),151,0,151,91,91,10.345530898000504,34.351116236079264,30.117015199449348
4.875,0.0225,ANN (n_s=151),151,0,151,92,92,10.065884954026826,31.782427347023475,31.67122776407299
4.875,0.0225,ANN (n_s=151),151,0,151,93,93,11.77227038863396,34.68128387939676,33.94415970750021
4.875,0.0225,ANN (n_s=151),151,0,151,94,94,9.42505142017068,29.30641801897214,32.1603664223624
4.875,0.0225,ANN (n_s=151),151,0,151,95,95,11.970855706954488,33.543267788475625,35.68780412940949
4.875,0.0225,ANN (n_s=151),151,0,151,96,96,8.133218167533686,25.926404969207415,31.37040471748183
4.875,0.0225,ANN (n_s=151),151,0,151,97,97,10.798735732335716,25.274416495542855,42.72595465948769
4.875,0.0225,ANN (n_s=151),151,0,151,98,98,11.564623467237638,29.14234832981456,39.68322434539793
4.875,0.0225,ANN (n_s=151),151,0,151,99,99,10.864768765848465,28.317501743532684,38.367681104954194
4.875,0.0225,ANN (n_s=151),151,0,151,100,100,9.684319802513697,29.813145925472604,32.483387787128265
4.875,0.0225,ANN (n_s=151),151,0,151,101,101,11.563057376805213,28.978910041336498,39.90162970350257
4.875,0.0225,ANN (n_s=151),151,0,151,102,102,11.226478645528724,28.05523424982786,40.01562968805939
4.875,0.0225,ANN (n_s=151),151,0,151,103,103,5.882959376218339,15.985396028975316,36.80208713975442
4.875,0.0225,ANN (n_s=151),151,0,151,104,104,12.50439726552444,28.46962558697495,43.9218887066969
4.875,0.0225,ANN (n_s=151),151,0,151,105,105,10.03072934582283,26.16239906364236,38.34025053062676
4.875,0.0225,ANN (n_s=151),151,0,151,106,106,13.431718924177328,27.836785618272838,48.251687922474694
4.875,0.0225,ANN (n_s=151),151,0,151,107,107,8.726088078694474,23.91225045547337,36.4921239635859
4.875,0.0225,ANN (n_s=151),151,0,151,108,108,13.941217040234365,27.033802726530705,51.56957451107162
4.875,0.0225,ANN (n_s=151),151,0,151,109,109,8.0349506487618,19.59071474538877,41.014076072201775
4.875,0.0225,ANN (n_s=151),151,0,151,110,110,12.264178463746886,26.337615355520075,46.56525770536947
4.875,0.0225,ANN (n_s=151),151,0,151,111,111,10.419183877167615,23.90803053179458,43.58026840944281
4.875,0.0225,ANN (n_s=151),151,0,151,112,112,13.825811578615347,25.48318678540589,54.25464128581175
4.875,0.0225,ANN (n_s=151),151,0,151,113,113,7.994576696161065,21.135146111228305,37.82598262670088
4.875,0.0225,ANN (n_s=151),151,0,151,114,114,8.484912958361997,17.75505955413802,47.78870458017975
4.875,0.0225,ANN (n_s=151),151,0,151,115,115,14.468487152965468,24.790467782786628,58.36310665751828
4.875,0.0225,ANN (n_s=151),151,0,151,116,116,13.156291553771553,21.696716862544907,60.63724588895424
4.875,0.0225,ANN (n_s=151),151,0,151,117,117,14.655500670836718,23.797872521373684,61.58323882806798
4.875,0.0225,ANN (n_s=151),151,0,151,118,118,9.622458520037327,19.90070494128179,48.352350072165585
4.875,0.0225,ANN (n_s=151),151,0,151,119,119,11.309413825065425,20.861025800236696,54.21312419323649
4.875,0.0225,ANN (n_s=151),151,0,151,120,120,13.114619053324109,21.314092565001456,61.5302716422411
4.875,0.0225,ANN (n_s=151),151,0,151,121,121,12.89128378812382,20.249297897612472,63.66286798340691
4.875,0.0225,ANN (n_s=151),151,0,151,122,122,14.105698022186148,21.07567313355866,66.92881376930133
4.875,0.0225,ANN (n_s=151),151,0,151,123,123,7.889133626934662,14.96745652614693,52.70857886343606
4.875,0.0225,ANN (n_s=151),151,0,151,124,124,12.116070063587138,19.40037693499889,62.45275596542337
4.875,0.0225,ANN (n_s=151),151,0,151,125,125,14.253009752422388,19.497718622081475,73.10091005355174
4.875,0.0225,ANN (n_s=151),151,0,151,126,126,12.844875459199535,19.75738132844846,65.01304624163085
4.875,0.0225,ANN (n_s=151),151,0,151,127,127,11.946872536931497,17.316125871437677,68.99275637997891
4.875,0.0225,ANN (n_s=151),151,0,151,128,128,13.206538979962428,18.61284469805931,70.95389874143969
4.875,0.0225,ANN (n_s=151),151,0,151,129,129,11.845052711426792,18.435577888012347,64.25105187035653
4.875,0.0225,ANN (n_s=151),151,0,151,130,130,14.203142067701686,16.954021267454017,83.77447358147953
4.875,0.0225,ANN (n_s=151),151,0,151,131,131,14.643406623322575,19.3341824071041,75.73843214565949
4.875,0.0225,ANN (n_s=151),151,0,151,132,132,12.156318135620028,15.291745519740614,79.4959484509276
4.875,0.0225,ANN (n_s=151),151,0,151,133,133,13.558187745173097,18.708535710175546,72.47059820827569
4.875,0.0225,ANN (n_s=151),151,0,151,134,134,9.981948300934127,15.069046661537245,66.24140547930213
4.875,0.0225,ANN (n_s=151),151,0,151,135,135,11.935945320479604,16.71545929250865,71.4066249189391
4.875,0.0225,ANN (n_s=151),151,0,151,136,136,14.953816414069784,18.309554557462796,81.672202167118
4.875,0.0225,ANN (n_s=151),151,0,151,137,137,12.557108828040336,16.87594496648669,74.40833004004831
4.875,0.0225,ANN (n_s=151),151,0,151,138,138,13.356620107319324,17.584087345308568,75.95856324543833
4.875,0.0225,ANN (n_s=151),151,0,151,139,139,12.143134564007465,16.433063846846377,73.89452555640024
4.875,0.0225,ANN (n_s=151),151,0,151,140,140,13.674273287485349,17.844506636863173,76.63015607972619
4.875,0.0225,ANN (n_s=151),151,0,151,141,141,13.733523255746219,16.72038503651198,82.13640550595329
4.875,0.0225,ANN (n_s=151),151,0,151,142,142,10.9389625042533,14.392809786076207,76.00296722350764
4.875,0.0225,ANN (n_s=151),151,0,151,143,143,13.761306414986157,17.95467227349252,76.64470955174569
4.875,0.0225,ANN (n_s=151),151,0,151,144,144,12.379915616787516,15.917714833313205,77.77445284343425
4.875,0.0225,ANN (n_s=151),151,0,151,145,145,14.383040692162165,18.18363929591471,79.09880117009129
4.875,0.0225,ANN (n_s=151),151,0,151,146,146,13.957697717326962,17.129070131733805,81.48543738792063
4.875,0.0225,ANN (n_s=151),151,0,151,147,147,15.06582581218436,19.300116280646524,78.06080332941744
4.875,0.0225,ANN (n_s=151),151,0,151,148,148,18.194833694765197,22.058324429616857,82.48511237932334
4.875,0.0225,ANN (n_s=151),151,0,151,149,149,13.014456738610889,14.877017941136906,87.4802785753468
4.875,0.0225,ANN (n_s=151),151,0,151,150,150,14.927873467440836,18.770828047450895,79.52698426358481
4.875,0.0225,ANN (n_s=151),151,0,151,151,151,15.236524766516954,19.681207046022234,77.416617440628
4.875,0.0225,GPR (n_s=151),151,0,151,1,1,0.0002093701366143156,6783.438246011936,3.086489904104409e-06
4.875,0.0225,GPR (n_s=151),151,0,151,2,2,0.00019837450420502606,3115.992693539784,6.366334061575465e-06
4.875,0.0225,GPR (n_s=151),151,0,151,3,3,0.00020998743106080372,2273.7278415488613,9.235381087551818e-06
4.875,0.0225,GPR (n_s=151),151,0,151,4,4,0.0001988690081128508,1649.441335576637,1.205674938680539e-05
4.875,0.0225,GPR (n_s=151),151,0,151,5,5,0.000195627263665117,1399.2720165105995,1.3980645746990476e-05
4.875,0.0225,GPR (n_s=151),151,0,151,6,6,0.00020438301627211458,1216.8969054669894,1.679542575496005e-05
4.875,0.0225,GPR (n_s=151),151,0,151,7,7,0.00019776215069687586,1171.8112602562005,1.6876621466637713e-05
4.875,0.0225,GPR (n_s=151),151,0,151,8,8,0.00019279144465050366,1045.997849708899,1.843134234971492e-05
4.875,0.0225,GPR (n_s=151),151,0,151,9,9,0.0001917183744785668,885.0633130482933,2.166154349096896e-05
4.875,0.0225,GPR (n_s=151),151,0,151,10,10,0.0001869433977637848,801.0977548132034,2.3335903345201043e-05
4.875,0.0225,GPR (n_s=151),151,0,151,11,11,0.0001876918292629913,682.2921807681937,2.750901073667132e-05
4.875,0.0225,GPR (n_s=151),151,0,151,12,12,0.00018341001982999177,627.6924007351741,2.9219729220104605e-05
4.875,0.0225,GPR (n_s=151),151,0,151,13,13,0.00018388620855187027,545.0125734789101,3.3739810327327425e-05
4.875,0.0225,GPR (n_s=151),151,0,151,14,14,0.0001814608243694898,509.9257646852055,3.558573363742696e-05
4.875,0.0225,GPR (n_s=151),151,0,151,15,15,0.00017640209005270375,453.66654999380637,3.88836448389488e-05
4.875,0.0225,GPR (n_s=151),151,0,151,16,16,0.00017460204990127424,430.4061515337876,4.0566810971233924e-05
4.875,0.0225,GPR (n_s=151),151,0,151,17,17,0.0001716325227341528,390.2049350584137,4.398522604755355e-05
4.875,0.0225,GPR (n_s=151),151,0,151,18,18,0.00017034847860229683,370.8127263143857,4.593922120619736e-05
4.875,0.0225,GPR (n_s=151),151,0,151,19,19,0.00016694768293351055,339.1857447400118,4.922013543389835e-05
4.875,0.0225,GPR (n_s=151),151,0,151,20,20,0.00016772418452478955,321.28136994909954,5.220476511020916e-05
4.875,0.0225,GPR (n_s=151),151,0,151,21,21,0.00016251275806988222,296.2115263539851,5.4863752288853444e-05
4.875,0.0225,GPR (n_s=151),151,0,151,22,22,0.00016420234622008213,280.92691073389426,5.845020179487948e-05
4.875,0.0225,GPR (n_s=151),151,0,151,23,23,0.00015833261897583471,261.2336485120674,6.0609580686739404e-05
4.875,0.0225,GPR (n_s=151),151,0,151,24,24,0.00016247249078586425,248.4413629559965,6.539671528635152e-05
4.875,0.0225,GPR (n_s=151),151,0,151,25,25,0.00015812743125820632,232.74443769607404,6.794036962752027e-05
4.875,0.0225,GPR (n_s=151),151,0,151,26,26,0.00016033699322716584,221.2122928206632,7.248105029911291e-05
4.875,0.0225,GPR (n_s=151),151,0,151,27,27,0.000157701678395524,208.44153058927608,7.565751314034799e-05
4.875,0.0225,GPR (n_s=151),151,0,151,28,28,0.00015527528980185438,195.74013481212296,7.932726211254125e-05
4.875,0.0225,GPR (n_s=151),151,0,151,29,29,0.0001487088576299935,180.76913376419415,8.22645185786961e-05
4.875,0.0225,GPR (n_s=151),151,0,151,30,30,0.00013202990542611378,157.27692411326953,8.394741070281038e-05
4.875,0.0225,GPR (n_s=151),151,0,151,31,31,0.00012702857208763386,151.44241407185515,8.387912518837846e-05
4.875,0.0225,GPR (n_s=151),151,0,151,32,32,0.0001399985004551818,164.99003416318777,8.485270105266635e-05
4.875,0.0225,GPR (n_s=151),151,0,151,33,33,0.00013495338355092482,154.355441125711,8.743027298986847e-05
4.875,0.0225,GPR (n_s=151),151,0,151,34,34,0.00011775993784514158,134.25995187496142,8.771039777730102e-05
4.875,0.0225,GPR (n_s=151),151,0,151,35,35,0.00010901083530394242,122.01657502223894,8.934100574784526e-05
4.875,0.0225,GPR (n_s=151),151,0,151,36,36,9.856477963859111e-05,126.2467227487928,7.807313924078367e-05
4.875,0.0225,GPR (n_s=151),151,0,151,37,37,0.00011056150042074846,127.55772567513564,8.667565985170258e-05
4.875,0.0225,GPR (n_s=151),151,0,151,38,38,0.00012152603476866974,130.06878483250725,9.34321289502026e-05
4.875,0.0225,GPR (n_s=151),151,0,151,39,39,0.00012281459734397767,122.90689618395554,9.992490344899792e-05
4.875,0.0225,GPR (n_s=151),151,0,151,40,40,0.00010539562786025474,105.44298400562161,9.995508838656886e-05
4.875,0.0225,GPR (n_s=151),151,0,151,41,41,0.00011614258938741233,117.42448967774298,9.890831947079466e-05
4.875,0.0225,GPR (n_s=151),151,0,151,42,42,0.00012061037347767618,111.12544395554187,0.00010853533554919157
4.875,0.0225,GPR (n_s=151),151,0,151,43,43,0.00010136929398150561,89.26016437130748,0.00011356610722766111
4.875,0.0225,GPR (n_s=151),151,0,151,44,44,0.00011426657731988956,102.7099487482832,0.00011125171291821868
4.875,0.0225,GPR (n_s=151),151,0,151,45,45,0.00011708606135177636,99.90647853457376,0.00011719566445459031
4.875,0.0225,GPR (n_s=151),151,0,151,46,46,0.00011008973945700565,83.53271431741287,0.00013179236465210472
4.875,0.0225,GPR (n_s=151),151,0,151,47,47,0.00010630116708565346,85.45488218354036,0.00012439449259006566
4.875,0.0225,GPR (n_s=151),151,0,151,48,48,0.0001235468064559539,91.1726269718879,0.00013550866149118226
4.875,0.0225,GPR (n_s=151),151,0,151,49,49,0.00011699701450016167,80.05917124925676,0.00014613817839295685
4.875,0.0225,GPR (n_s=151),151,0,151,50,50,0.00010230313471187292,74.11683327543669,0.0001380295544086306
4.875,0.0225,GPR (n_s=151),151,0,151,51,51,0.00011249336445904027,79.29513184187321,0.00014186667181961368
4.875,0.0225,GPR (n_s=151),151,0,151,52,52,0.00010690258197199357,67.58723787329518,0.0001581697748506934
4.875,0.0225,GPR (n_s=151),151,0,151,53,53,9.929930976468362e-05,72.23950274443519,0.00013745846246475293
4.875,0.0225,GPR (n_s=151),151,0,151,54,54,0.00010960537126406184,74.63069871242743,0.00014686365417319945
4.875,0.0225,GPR (n_s=151),151,0,151,55,55,8.545271302137875e-05,56.13163114720919,0.00015223629043893797
4.875,0.0225,GPR (n_s=151),151,0,151,56,56,0.0001080647367177024,76.22636151967735,0.0001417681948387451
4.875,0.0225,GPR (n_s=151),151,0,151,57,57,8.80243134522939e-05,55.867241397995485,0.00015755979935578527
4.875,0.0225,GPR (n_s=151),151,0,151,58,58,8.784437371325074e-05,64.306354657996,0.00013660294411094873
4.875,0.0225,GPR (n_s=151),151,0,151,59,59,0.00010971483092237351,70.63799788388253,0.00015531984797010666
4.875,0.0225,GPR (n_s=151),151,0,151,60,60,8.406948995050708e-05,53.25060818982116,0.00015787517327656915
4.875,0.0225,GPR (n_s=151),151,0,151,61,61,7.904493079082614e-05,54.79728571293551,0.00014424971923776637
4.875,0.0225,GPR (n_s=151),151,0,151,62,62,7.970280764391197e-05,51.51429946758298,0.00015471977386408508
4.875,0.0225,GPR (n_s=151),151,0,151,63,63,0.00011786372177541841,64.26547202038356,0.00018340131655461068
4.875,0.0225,GPR (n_s=151),151,0,151,64,64,8.532690192566447e-05,51.51489894684767,0.00016563538640288034
4.875,0.0225,GPR (n_s=151),151,0,151,65,65,0.00010542379983733342,56.812599188694456,0.00018556412018253947
4.875,0.0225,GPR (n_s=151),151,0,151,66,66,7.230222435783656e-05,49.10038906712177,0.00014725387258947615
4.875,0.0225,GPR (n_s=151),151,0,151,67,67,0.00011105051907716241,57.82868401658932,0.00019203362650498036
4.875,0.0225,GPR (n_s=151),151,0,151,68,68,8.585313673893905e-05,46.345966480186654,0.00018524403148576497
4.875,0.0225,GPR (n_s=151),151,0,151,69,69,0.00010203554380487794,55.7836297223911,0.00018291305946325272
4.875,0.0225,GPR (n_s=151),151,0,151,70,70,9.376849318072702e-05,45.92172031206824,0.00020419203057618174
4.875,0.0225,GPR (n_s=151),151,0,151,71,71,8.835850254827143e-05,51.81175660669019,0.00017053755428331134
4.875,0.0225,GPR (n_s=151),151,0,151,72,72,0.00011574330612108147,51.24326965717849,0.00022587025944170483
4.875,0.0225,GPR (n_s=151),151,0,151,73,73,7.004498381861849e-05,43.71275727582824,0.00016023922576339318
4.875,0.0225,GPR (n_s=151),151,0,151,74,74,0.00011224646552333026,49.34496190945856,0.00022747300064652516
4.875,0.0225,GPR (n_s=151),151,0,151,75,75,5.91540754691854e-05,38.5513098601376,0.00015344245288627986
4.875,0.0225,GPR (n_s=151),151,0,151,76,76,7.392444812500183e-05,38.705595044605936,0.00019099163322462354
4.875,0.0225,GPR (n_s=151),151,0,151,77,77,0.00010644026890787954,46.764079732766234,0.00022761116976134985
4.875,0.0225,GPR (n_s=151),151,0,151,78,78,0.00010410029058044914,42.63027643370418,0.00024419332758101887
4.875,0.0225,GPR (n_s=151),151,0,151,79,79,3.056980801348449e-05,27.388534107870054,0.00011161534930305124
4.875,0.0225,GPR (n_s=151),151,0,151,80,80,8.71784326003686e-05,41.75394364815449,0.00020879089490322155
4.875,0.0225,GPR (n_s=151),151,0,151,81,81,0.00011608282637355043,42.24271204273275,0.0002747996536210104
4.875,0.0225,GPR (n_s=151),151,0,151,82,82,8.014385908835385e-05,39.481404268187504,0.00020299140968734608
4.875,0.0225,GPR (n_s=151),151,0,151,83,83,0.00012745934123688447,41.971188640141975,0.00030368294386349626
4.875,0.0225,GPR (n_s=151),151,0,151,84,84,7.109305978469062e-05,36.19688036749214,0.00019640659378076736
4.875,0.0225,GPR (n_s=151),151,0,151,85,85,0.00012958539953972407,40.94691806548261,0.00031647168007245416
4.875,0.0225,GPR (n_s=151),151,0,151,86,86,7.535534070704928e-05,33.55005954240282,0.00022460568396848933
4.875,0.0225,GPR (n_s=151),151,0,151,87,87,0.00012710395246196427,39.2563977420356,0.00032377895011457414
4.875,0.0225,GPR (n_s=151),151,0,151,88,88,0.00011617119687320675,34.11757961179248,0.0003405024570765655
4.875,0.0225,GPR (n_s=151),151,0,151,89,89,4.8425832533178794e-05,23.738399706931084,0.00020399788162232154
4.875,0.0225,GPR (n_s=151),151,0,151,90,90,8.791354759566864e-05,33.14179940100932,0.00026526485943606087
4.875,0.0225,GPR (n_s=151),151,0,151,91,91,0.0001338895254222368,34.351116236079264,0.00038976761192293226
4.875,0.0225,GPR (n_s=151),151,0,151,92,92,8.267950797309951e-05,31.782427347023475,0.0002601422071081764
4.875,0.0225,GPR (n_s=151),151,0,151,93,93,0.00014161601530690666,34.68128387939676,0.00040833556162272593
4.875,0.0225,GPR (n_s=151),151,0,151,94,94,7.796368228891518e-05,29.30641801897214,0.0002660293804532636
4.875,0.0225,GPR (n_s=151),151,0,151,95,95,0.0001361258458090422,33.543267788475625,0.00040582165896135684
4.875,0.0225,GPR (n_s=151),151,0,151,96,96,8.334513797024221e-05,25.926404969207415,0.0003214681637088928
4.875,0.0225,GPR (n_s=151),151,0,151,97,97,0.00010909628200084894,25.274416495542855,0.0004316470847906146
4.875,0.0225,GPR (n_s=151),151,0,151,98,98,9.644034495762234e-05,29.14234832981456,0.00033092853007647796
4.875,0.0225,GPR (n_s=151),151,0,151,99,99,0.00012734517785694698,28.317501743532684,0.0004497048468833618
4.875,0.0225,GPR (n_s=151),151,0,151,100,100,9.561448002273766e-05,29.813145925472604,0.00032071248120462136
4.875,0.0225,GPR (n_s=151),151,0,151,101,101,0.00014591498279785956,28.978910041336498,0.0005035212938986369
4.875,0.0225,GPR (n_s=151),151,0,151,102,102,7.877628275056249e-05,28.05523424982786,0.0002807899661399043
4.875,0.0225,GPR (n_s=151),151,0,151,103,103,3.5501984146071465e-05,15.985396028975316,0.0002220901132616305
4.875,0.0225,GPR (n_s=151),151,0,151,104,104,0.00015607830171960132,28.46962558697495,0.0005482274476802682
4.875,0.0225,GPR (n_s=151),151,0,151,105,105,5.9093997534472496e-05,26.16239906364236,0.00022587377170847788
4.875,0.0225,GPR (n_s=151),151,0,151,106,106,0.00015745415818652807,27.836785618272838,0.0005656334044659625
4.875,0.0225,GPR (n_s=151),151,0,151,107,107,5.304869570426915e-05,23.91225045547337,0.00022184735729098484
4.875,0.0225,GPR (n_s=151),151,0,151,108,108,0.00016270124158406573,27.033802726530705,0.0006018437111120603
4.875,0.0225,GPR (n_s=151),151,0,151,109,109,3.594409636666708e-05,19.59071474538877,0.00018347516583144339
4.875,0.0225,GPR (n_s=151),151,0,151,110,110,0.0001611121996930067,26.337615355520075,0.0006117190091746076
4.875,0.0225,GPR (n_s=151),151,0,151,111,111,6.399502894749378e-05,23.90803053179458,0.000267671688232072
4.875,0.0225,GPR (n_s=151),151,0,151,112,112,0.00016781121238427471,25.48318678540589,0.0006585173738175457
4.875,0.0225,GPR (n_s=151),151,0,151,113,113,5.023735057222043e-05,21.135146111228305,0.00023769578079960006
4.875,0.0225,GPR (n_s=151),151,0,151,114,114,2.8336465155624282e-05,17.75505955413802,0.0001595965649634791
4.875,0.0225,GPR (n_s=151),151,0,151,115,115,0.00017515925882598181,24.790467782786628,0.0007065589094999023
4.875,0.0225,GPR (n_s=151),151,0,151,116,116,5.7003663052443005e-05,21.696716862544907,0.0002627294415720959
4.875,0.0225,GPR (n_s=151),151,0,151,117,117,0.000171819179918916,23.797872521373684,0.0007219938663197701
4.875,0.0225,GPR (n_s=151),151,0,151,118,118,5.077907232798869e-05,19.90070494128179,0.0002551621788163552
4.875,0.0225,GPR (n_s=151),151,0,151,119,119,0.00015096712594875471,20.861025800236696,0.000723680260953619
4.875,0.0225,GPR (n_s=151),151,0,151,120,120,9.894363834908135e-05,21.314092565001456,0.00046421698717566114
4.875,0.0225,GPR (n_s=151),151,0,151,121,121,0.00013714731588092472,20.249297897612472,0.0006772941786643146
4.875,0.0225,GPR (n_s=151),151,0,151,122,122,0.0001275590603869782,21.07567313355866,0.0006052431140805023
4.875,0.0225,GPR (n_s=151),151,0,151,123,123,5.1933686557063946e-05,14.96745652614693,0.0003469773669717364
4.875,0.0225,GPR (n_s=151),151,0,151,124,124,0.00016565047480208555,19.40037693499889,0.0008538518367818251
4.875,0.0225,GPR (n_s=151),151,0,151,125,125,8.316334732013584e-05,19.497718622081475,0.00042652860538233456
4.875,0.0225,GPR (n_s=151),151,0,151,126,126,0.0001673857507496704,19.75738132844846,0.0008472061553453609
4.875,0.0225,GPR (n_s=151),151,0,151,127,127,0.00010222500456348778,17.316125871437677,0.0005903457004323595
4.875,0.0225,GPR (n_s=151),151,0,151,128,128,0.0001004833161666885,18.61284469805931,0.0005398600686608937
4.875,0.0225,GPR (n_s=151),151,0,151,129,129,0.00016516507759004831,18.435577888012347,0.0008959039884366531
4.875,0.0225,GPR (n_s=151),151,0,151,130,130,5.005112589598449e-05,16.954021267454017,0.0002952168403378478
4.875,0.0225,GPR (n_s=151),151,0,151,131,131,0.00019155942418166866,19.3341824071041,0.0009907810950996435
4.875,0.0225,GPR (n_s=151),151,0,151,132,132,5.044200283710167e-05,15.291745519740614,0.00032986425762830305
4.875,0.0225,GPR (n_s=151),151,0,151,133,133,0.00019480011805676954,18.708535710175546,0.0010412365835281167
4.875,0.0225,GPR (n_s=151),151,0,151,134,134,4.940086925264126e-05,15.069046661537245,0.0003278300901326011
4.875,0.0225,GPR (n_s=151),151,0,151,135,135,7.658991570169311e-05,16.71545929250865,0.00045819809292358673
4.875,0.0225,GPR (n_s=151),151,0,151,136,136,0.00019126049545198777,18.309554557462796,0.0010445939296433175
4.875,0.0225,GPR (n_s=151),151,0,151,137,137,7.845920269606764e-05,16.87594496648669,0.00046491738893363814
4.875,0.0225,GPR (n_s=151),151,0,151,138,138,0.00018752844089243227,17.584087345308568,0.0010664667276147537
4.875,0.0225,GPR (n_s=151),151,0,151,139,139,4.990037808114433e-05,16.433063846846377,0.00030365839594008866
4.875,0.0225,GPR (n_s=151),151,0,151,140,140,0.00020104077535767158,17.844506636863173,0.0011266255741829345
4.875,0.0225,GPR (n_s=151),151,0,151,141,141,6.33912296358093e-05,16.72038503651198,0.0003791254178500262
4.875,0.0225,GPR (n_s=151),151,0,151,142,142,3.5570294991815656e-05,14.392809786076207,0.0002471393391596603
4.875,0.0225,GPR (n_s=151),151,0,151,143,143,0.00020827917706724402,17.95467227349252,0.001160027729243146
4.875,0.0225,GPR (n_s=151),151,0,151,144,144,4.7277215141958666e-05,15.917714833313205,0.00029701006480537705
4.875,0.0225,GPR (n_s=151),151,0,151,145,145,0.0002129407986178516,18.18363929591471,0.001171057097825806
4.875,0.0225,GPR (n_s=151),151,0,151,146,146,6.366106727296152e-05,17.129070131733805,0.0003716551265384874
4.875,0.0225,GPR (n_s=151),151,0,151,147,147,0.0002231002713977272,19.300116280646524,0.00115595299092288
4.875,0.0225,GPR (n_s=151),151,0,151,148,148,6.565707031787159e-05,22.058324429616857,0.0002976521200754323
4.875,0.0225,GPR (n_s=151),151,0,151,149,149,4.123344972200648e-05,14.877017941136906,0.00027716206221672007
4.875,0.0225,GPR (n_s=151),151,0,151,150,150,0.00025483264441600073,18.770828047450895,0.0013575993758602855
4.875,0.0225,GPR (n_s=151),151,0,151,151,151,5.6903619036951386e-05,19.681207046022234,0.0002891266724845119
4.56,0.019,ANN (n_s=131),151,20,131,21,1,225.7986754878406,285.15477504054377,79.18460262702463
4.56,0.019,ANN (n_s=131),151,20,131,22,2,216.74978556884858,261.07002235009236,83.02362087294313
4.56,0.019,ANN (n_s=131),151,20,131,23,3,218.3009738783546,248.7434360698395,87.76150129929957
4.56,0.019,ANN (n_s=131),151,20,131,24,4,210.8298649000736,232.03534030870765,90.86110099417547
4.56,0.019,ANN (n_s=131),151,20,131,25,5,208.71079969550516,217.23156713702488,96.07756480615683
4.56,0.019,ANN (n_s=131),151,20,131,26,6,202.5101513828864,206.57590628041444,98.03183489752719
4.56,0.019,ANN (n_s=131),151,20,131,27,7,192.97400617780866,191.8455867395503,100.58819150204914
4.56,0.019,ANN (n_s=131),151,20,131,28,8,187.3340768328525,183.51579708141912,102.08062728776387
4.56,0.019,ANN (n_s=131),151,20,131,29,9,171.6691254229488,167.8838396102995,102.2547052899409
4.56,0.019,ANN (n_s=131),151,20,131,30,10,147.76268452255488,154.7634027050166,95.4765028035696
4.56,0.019,ANN (n_s=131),151,20,131,31,11,144.40666331807265,146.08320317664348,98.85233906286709
4.56,0.019,ANN (n_s=131),151,20,131,32,12,154.70969573225054,152.31775516987844,101.57036227306816
4.56,0.019,ANN (n_s=131),151,20,131,33,13,141.03576641577325,143.05535235874785,98.58824859771065
4.56,0.019,ANN (n_s=131),151,20,131,34,14,122.84121535787303,124.87878019552873,98.3683658388836
4.56,0.019,ANN (n_s=131),151,20,131,35,15,115.3243322127615,122.6115262171799,94.05668110556695
4.56,0.019,ANN (n_s=131),151,20,131,36,16,102.23276331942625,104.02278528336822,98.27920204302761
4.56,0.019,ANN (n_s=131),151,20,131,37,17,109.94620047181303,106.84262675505808,102.90480851230852
4.56,0.019,ANN (n_s=131),151,20,131,38,18,116.4775217816045,122.19439223863257,95.32149524025323
4.56,0.019,ANN (n_s=131),151,20,131,39,19,105.36978130443596,110.77826605297325,95.11773839649106
4.56,0.019,ANN (n_s=131),151,20,131,40,20,93.04342696708629,106.27015411982703,87.55367651219676
4.56,0.019,ANN (n_s=131),151,20,131,41,21,96.95545203585083,107.5519443432549,90.14755858472898
4.56,0.019,ANN (n_s=131),151,20,131,42,22,89.18639957287759,106.12795411190513,84.03667094047272
4.56,0.019,ANN (n_s=131),151,20,131,43,23,76.40960829519057,92.1181977931698,82.94735473087603
4.56,0.019,ANN (n_s=131),151,20,131,44,24,99.33788744837997,99.73656689753918,99.60026752317555
4.56,0.019,ANN (n_s=131),151,20,131,45,25,96.37143394887254,94.70390580674804,101.76078074913535
4.56,0.019,ANN (n_s=131),151,20,131,46,26,90.57052857887894,86.97475950670842,104.13426733521828
4.56,0.019,ANN (n_s=131),151,20,131,47,27,82.71325992711564,86.82296561844338,95.26656839920851
4.56,0.019,ANN (n_s=131),151,20,131,48,28,74.19479774564765,85.78800427195256,86.48621491467055
4.56,0.019,ANN (n_s=131),151,20,131,49,29,85.2848319113058,82.6164074553664,103.22989650376776
4.56,0.019,ANN (n_s=131),151,20,131,50,30,77.69087122919905,76.44357202821938,101.63166001782233
4.56,0.019,ANN (n_s=131),151,20,131,51,31,78.59671137317225,80.0419801270798,98.19436156925036
4.56,0.019,ANN (n_s=131),151,20,131,52,32,88.88837370142947,72.95290337468802,121.84350394513629
4.56,0.019,ANN (n_s=131),151,20,131,53,33,84.12738169566866,76.78509512378666,109.56212473273018
4.56,0.019,ANN (n_s=131),151,20,131,54,34,73.09621623443,71.9428553152084,101.60316255751637
4.56,0.019,ANN (n_s=131),151,20,131,55,35,94.88896295878338,72.70191755692801,130.51782696719405
4.56,0.019,ANN (n_s=131),151,20,131,56,36,77.82173031474125,69.99467686602763,111.18235528638111
4.56,0.019,ANN (n_s=131),151,20,131,57,37,86.51894903712692,72.79905206979346,118.84625771525157
4.56,0.019,ANN (n_s=131),151,20,131,58,38,98.21774565985652,67.45129978632069,145.61282876831285
4.56,0.019,ANN (n_s=131),151,20,131,59,39,62.291701061378454,69.51842971275073,89.60458589005387
4.56,0.019,ANN (n_s=131),151,20,131,60,40,111.25792886101792,64.49922125872774,172.49499558254433
4.56,0.019,ANN (n_s=131),151,20,131,61,41,84.02596005207994,72.72548181037921,115.5385402205585
4.56,0.019,ANN (n_s=131),151,20,131,62,42,78.51921978984791,64.90745376226248,120.97103682027253
4.56,0.019,ANN (n_s=131),151,20,131,63,43,71.67673550379179,60.38031151006408,118.7087872043271
4.56,0.019,ANN (n_s=131),151,20,131,64,44,66.12970793519511,57.14428335568313,115.72410056065277
4.56,0.019,ANN (n_s=131),151,20,131,65,45,91.89706265560989,58.59187001623926,156.84268590529672
4.56,0.019,ANN (n_s=131),151,20,131,66,46,95.22539351196485,57.08094315847006,166.82519286269826
4.56,0.019,ANN (n_s=131),151,20,131,67,47,77.30207972491472,55.047099435236674,140.42897903432896
4.56,0.019,ANN (n_s=131),151,20,131,68,48,93.11667725688322,52.47381616463028,177.4536026972783
4.56,0.019,ANN (n_s=131),151,20,131,69,49,71.85187465304129,53.064898970320606,135.4037716970465
4.56,0.019,ANN (n_s=131),151,20,131,70,50,84.40274663782037,52.36574125290374,161.1793218589074
4.56,0.019,ANN (n_s=131),151,20,131,71,51,80.78078542300021,51.25996309204636,157.59040886928452
4.56,0.019,ANN (n_s=131),151,20,131,72,52,66.36672237575216,49.3101238564563,134.59045969738037
4.56,0.019,ANN (n_s=131),151,20,131,73,53,87.02315948550279,49.85744987335465,174.54394419801767
4.56,0.019,ANN (n_s=131),151,20,131,74,54,53.2973004226996,47.61811445363352,111.92652425285758
4.56,0.019,ANN (n_s=131),151,20,131,75,55,54.3629214879882,48.937388024041475,111.0866837872126
4.56,0.019,ANN (n_s=131),151,20,131,76,56,52.75251080468782,53.08534496928324,99.37302062407619
4.56,0.019,ANN (n_s=131),151,20,131,77,57,64.1575808531105,46.45745188454769,138.09965516952963
4.56,0.019,ANN (n_s=131),151,20,131,78,58,69.57824753868277,44.86899341820426,155.06977589217203
4.56,0.019,ANN (n_s=131),151,20,131,79,59,37.89472668439548,38.11450528648976,99.42337280664592
4.56,0.019,ANN (n_s=131),151,20,131,80,60,68.1147141264892,43.71260427504372,155.82396715122525
4.56,0.019,ANN (n_s=131),151,20,131,81,61,66.21491526345991,42.30656740299899,156.51214297940447
4.56,0.019,ANN (n_s=131),151,20,131,82,62,52.996482542021774,44.12734085716196,120.0989715504698
4.56,0.019,ANN (n_s=131),151,20,131,83,63,68.45789334105216,40.60859982988302,168.57979252629988
4.56,0.019,ANN (n_s=131),151,20,131,84,64,61.61577919133553,42.919189439208886,143.56230859999965
4.56,0.019,ANN (n_s=131),151,20,131,85,65,53.813056694606615,38.38730811000494,140.18450197236217
4.56,0.019,ANN (n_s=131),151,20,131,86,66,53.05876482366231,40.95189260220432,129.56364517523255
4.56,0.019,ANN (n_s=131),151,20,131,87,67,57.0359108224021,36.38449251974828,156.7588466197376
4.56,0.019,ANN (n_s=131),151,20,131,88,68,65.42969757441375,36.091072681941604,181.29053173626482
4.56,0.019,ANN (n_s=131),151,20,131,89,69,48.825850999147384,35.060728483570244,139.2608000772933
4.56,0.019,ANN (n_s=131),151,20,131,90,70,49.23629849211511,33.69457160661348,146.1253137952083
4.56,0.019,ANN (n_s=131),151,20,131,91,71,45.5981866068811,35.95122068644328,126.83348641921236
4.56,0.019,ANN (n_s=131),151,20,131,92,72,59.26630086154568,35.381411332147955,167.5068874589964
4.56,0.019,ANN (n_s=131),151,20,131,93,73,50.53264132576055,33.01805358305483,153.04548827703874
4.56,0.019,ANN (n_s=131),151,20,131,94,74,59.71187628375126,34.772571776805336,171.7211964275286
4.56,0.019,ANN (n_s=131),151,20,131,95,75,36.815011465687604,31.435906399745146,117.11134076282293
4.56,0.019,ANN (n_s=131),151,20,131,96,76,49.48086946773828,31.33279306754335,157.92039146038965
4.56,0.019,ANN (n_s=131),151,20,131,97,77,34.42576998765743,27.849895084166995,123.61184802893172
4.56,0.019,ANN (n_s=131),151,20,131,98,78,49.38137114022611,29.92972158716103,164.99108084389687
4.56,0.019,ANN (n_s=131),151,20,131,99,79,35.483944768039436,30.1478135489837,117.69989458899126
4.56,0.019,ANN (n_s=131),151,20,131,100,80,52.62434787412817,31.354532392893162,167.83649398661112
4.56,0.019,ANN (n_s=131),151,20,131,101,81,50.403502026422245,28.62045780564059,176.11004816452865
4.56,0.019,ANN (n_s=131),151,20,131,102,82,44.387648876522796,31.566989205861393,140.61413518740284
4.56,0.019,ANN (n_s=131),151,20,131,103,83,27.234176819654373,21.8865575711995,124.4333501559505
4.56,0.019,ANN (n_s=131),151,20,131,104,84,38.36263353932257,26.850312991560486,142.87592681463568
4.56,0.019,ANN (n_s=131),151,20,131,105,85,45.092428410308436,30.590366094950664,147.40728590937502
4.56,0.019,ANN (n_s=131),151,20,131,106,86,32.775482401170386,26.069442821531823,125.72375491700102
4.56,0.019,ANN (n_s=131),151,20,131,107,87,45.87147983202496,27.767327930083976,165.19947453181618
4.56,0.019,ANN (n_s=131),151,20,131,108,88,38.39328798159335,24.541593105325816,156.44171027047773
4.56,0.019,ANN (n_s=131),151,20,131,109,89,40.3175251110072,21.741589152495667,185.43964209892744
4.56,0.019,ANN (n_s=131),151,20,131,110,90,39.28370138010594,24.253844611081668,161.96896619910345
4.56,0.019,ANN (n_s=131),151,20,131,111,91,46.733599967690324,27.905179589247386,167.47285147628304
4.56,0.019,ANN (n_s=131),151,20,131,112,92,33.65665816140331,23.33779491032172,144.2152452308929
4.56,0.019,ANN (n_s=131),151,20,131,113,93,34.6934610394197,23.73418426398097,146.17507243369027
4.56,0.019,ANN (n_s=131),151,20,131,114,94,38.127800770280714,20.160269186301157,189.12347061411484
4.56,0.019,ANN (n_s=131),151,20,131,115,95,42.963293762188364,22.305282781307806,192.61488044523836
4.56,0.019,ANN (n_s=131),151,20,131,116,96,39.52710115318031,25.443310360427954,155.35361001867474
4.56,0.019,ANN (n_s=131),151,20,131,117,97,41.749471144203945,21.68879617974885,192.49326148947836
4.56,0.019,ANN (n_s=131),151,20,131,118,98,34.4736416286725,21.155517058638157,162.9534344782007
4.56,0.019,ANN (n_s=131),151,20,131,119,99,38.00395338127017,19.279051296957512,197.1256406546711
4.56,0.019,ANN (n_s=131),151,20,131,120,100,28.319064212986333,21.559895638698613,131.35065534433966
4.56,0.019,ANN (n_s=131),151,20,131,121,101,40.1400159071433,21.383069251224597,187.71868264348674
4.56,0.019,ANN (n_s=131),151,20,131,122,102,38.705498447048384,21.37762836234466,181.05609186857077
4.56,0.019,ANN (n_s=131),151,20,131,123,103,36.89199206967295,15.722715118468155,234.64135673576519
4.56,0.019,ANN (n_s=131),151,20,131,124,104,30.710317940950887,18.69280617185489,164.2895007769906
4.56,0.019,ANN (n_s=131),151,20,131,125,105,42.10751056591688,21.903760762898887,192.23872567691475
4.56,0.019,ANN (n_s=131),151,20,131,126,106,36.629137225986305,18.909949214485394,193.70299100500844
4.56,0.019,ANN (n_s=131),151,20,131,127,107,31.751574437622722,17.615384112532222,180.24911767341763
4.56,0.019,ANN (n_s=131),151,20,131,128,108,25.563533043653244,19.60508863150677,130.39233601102333
4.56,0.019,ANN (n_s=131),151,20,131,129,109,25.7736717775554,17.859552316526198,144.31308982871835
4.56,0.019,ANN (n_s=131),151,20,131,130,110,30.04925888671596,19.466229585289682,154.36609722009908
4.56,0.019,ANN (n_s=131),151,20,131,131,111,31.503649940852508,17.57946171176351,179.20713647205395
4.56,0.019,ANN (n_s=131),151,20,131,132,112,41.508029859709566,15.257611947355771,272.0480112020619
4.56,0.019,ANN (n_s=131),151,20,131,133,113,27.946832221360616,16.75457928903099,166.80115769697096
4.56,0.019,ANN (n_s=131),151,20,131,134,114,34.20945393703014,16.78426546334784,203.81859433607062
4.56,0.019,ANN (n_s=131),151,20,131,135,115,36.99269184619301,17.11457030572802,216.14735973717112
4.56,0.019,ANN (n_s=131),151,20,131,136,116,32.303210841483406,17.035204645083283,189.62619771525192
4.56,0.019,ANN (n_s=131),151,20,131,137,117,29.110396522709802,17.9197516359933,162.44866064013505
4.56,0.019,ANN (n_s=131),151,20,131,138,118,30.555152821899085,16.235626633855883,188.19817375070042
4.56,0.019,ANN (n_s=131),151,20,131,139,119,25.734503552868173,17.22903728809098,149.36704310609582
4.56,0.019,ANN (n_s=131),151,20,131,140,120,26.728511338920633,15.824668453549034,168.90408426172223
4.56,0.019,ANN (n_s=131),151,20,131,141,121,40.22226878388185,16.948029538207624,237.3271104655842
4.56,0.019,ANN (n_s=131),151,20,131,142,122,36.187360087504935,15.42511828795791,234.60021123958384
4.56,0.019,ANN (n_s=131),151,20,131,143,123,23.573724695912304,15.901846545412461,148.2452030246331
4.56,0.019,ANN (n_s=131),151,20,131,144,124,35.10976415514713,17.613641478811267,199.33279667003114
4.56,0.019,ANN (n_s=131),151,20,131,145,125,31.94363981603007,16.328543305556316,195.63067701918158
4.56,0.019,ANN (n_s=131),151,20,131,146,126,31.527914236855686,18.108926955065954,174.10150427513753
4.56,0.019,ANN (n_s=131),151,20,131,147,127,24.07754810316608,17.38036016948162,138.5330791098572
4.56,0.019,ANN (n_s=131),151,20,131,148,128,35.62325124987686,23.710264835378347,150.24400400928045
4.56,0.019,ANN (n_s=131),151,20,131,149,129,32.41110989571507,14.51822323832296,223.24432792961358
4.56,0.019,ANN (n_s=131),151,20,131,150,130,26.936530829571407,16.575135688990034,162.5116761334502
4.56,0.019,ANN (n_s=131),151,20,131,151,131,30.11951243519254,20.232553259908276,148.86659161736014
4.56,0.019,GPR (n_s=131),151,20,131,21,1,286.78758323240186,285.15477504054377,100.57260419069817
4.56,0.019,GPR (n_s=131),151,20,131,22,2,261.1766174965172,261.07002235009236,100.04083009817263
4.56,0.019,GPR (n_s=131),151,20,131,23,3,250.03955327418674,248.7434360698395,100.5210658921602
4.56,0.019,GPR (n_s=131),151,20,131,24,4,232.09970230008605,232.03534030870765,100.02773801236174
4.56,0.019,GPR (n_s=131),151,20,131,25,5,217.9531765976668,217.23156713702488,100.33218443808711
4.56,0.019,GPR (n_s=131),151,20,131,26,6,206.61856765962162,206.57590628041444,100.02065167229583
4.56,0.019,GPR (n_s=131),151,20,131,27,7,192.11673954429295,191.8455867395503,100.14133908908249
4.56,0.019,GPR (n_s=131),151,20,131,28,8,183.54448567647998,183.51579708141912,100.0156327659619
4.56,0.019,GPR (n_s=131),151,20,131,29,9,167.92846769250718,167.8838396102995,100.02658271475758
4.56,0.019,GPR (n_s=131),151,20,131,30,10,154.75202836280562,154.7634027050166,99.99265049616888
4.56,0.019,GPR (n_s=131),151,20,131,31,11,146.0613545161105,146.08320317664348,99.9850436873933
4.56,0.019,GPR (n_s=131),151,20,131,32,12,152.31811899769684,152.31775516987844,100.00023886106908
4.56,0.019,GPR (n_s=131),151,20,131,33,13,143.05142598374002,143.05535235874785,99.99725534561055
4.56,0.019,GPR (n_s=131),151,20,131,34,14,125.0772122607814,124.87878019552873,100.1588997465718
4.56,0.019,GPR (n_s=131),151,20,131,35,15,122.70460697185928,122.6115262171799,100.07591517498486
4.56,0.019,GPR (n_s=131),151,20,131,36,16,104.58550540196649,104.02278528336822,100.54095851891041
4.56,0.019,GPR (n_s=131),151,20,131,37,17,107.04376388066513,106.84262675505808,100.18825550411462
4.56,0.019,GPR (n_s=131),151,20,131,38,18,122.24918984581348,122.19439223863257,100.04484461698854
4.56,0.019,GPR (n_s=131),151,20,131,39,19,110.97166955618009,110.77826605297325,100.17458614410371
4.56,0.019,GPR (n_s=131),151,20,131,40,20,106.28889164801387,106.27015411982703,100.01763197611035
4.56,0.019,GPR (n_s=131),151,20,131,41,21,107.71149699537526,107.5519443432549,100.14834938884148
4.56,0.019,GPR (n_s=131),151,20,131,42,22,106.128038078131,106.12795411190513,100.00007911791627
4.56,0.019,GPR (n_s=131),151,20,131,43,23,92.08822531148628,92.1181977931698,99.96746301772987
4.56,0.019,GPR (n_s=131),151,20,131,44,24,99.78990739030901,99.73656689753918,100.05348138042955
4.56,0.019,GPR (n_s=131),151,20,131,45,25,94.70744690465769,94.70390580674804,100.00373912551913
4.56,0.019,GPR (n_s=131),151,20,131,46,26,86.9733104621487,86.97475950670842,99.99833394818458
4.56,0.019,GPR (n_s=131),151,20,131,47,27,86.84598362876493,86.82296561844338,100.02651143065385
4.56,0.019,GPR (n_s=131),151,20,131,48,28,85.78977297172615,85.78800427195256,100.00206170989591
4.56,0.019,GPR (n_s=131),151,20,131,49,29,82.5879420092617,82.6164074553664,99.96554504488702
4.56,0.019,GPR (n_s=131),151,20,131,50,30,76.45487364934002,76.44357202821938,100.01478426612046
4.56,0.019,GPR (n_s=131),151,20,131,51,31,80.03109245221084,80.0419801270798,99.98639754432403
4.56,0.019,GPR (n_s=131),151,20,131,52,32,72.94212348895802,72.95290337468802,99.98522350005094
4.56,0.019,GPR (n_s=131),151,20,131,53,33,76.78811886236907,76.78509512378666,100.00393792386079
4.56,0.019,GPR (n_s=131),151,20,131,54,34,71.94510705192155,71.9428553152084,100.00312989622566
4.56,0.019,GPR (n_s=131),151,20,131,55,35,72.68760747349285,72.70191755692801,99.98031677304253
4.56,0.019,GPR (n_s=131),151,20,131,56,36,69.9946911568315,69.99467686602763,100.0000204169867
4.56,0.019,GPR (n_s=131),151,20,131,57,37,72.8129444567625,72.79905206979346,100.01908319761597
4.56,0.019,GPR (n_s=131),151,20,131,58,38,67.47788797246046,67.45129978632069,100.03941834512308
4.56,0.019,GPR (n_s=131),151,20,131,59,39,69.51114228259085,69.51842971275073,99.98951726874444
4.56,0.019,GPR (n_s=131),151,20,131,60,40,64.52495191543893,64.49922125872774,100.03989297267323
4.56,0.019,GPR (n_s=131),151,20,131,61,41,72.71764022194331,72.72548181037921,99.98921755038167
4.56,0.019,GPR (n_s=131),151,20,131,62,42,64.90202526802156,64.90745376226248,99.99163656263455
4.56,0.019,GPR (n_s=131),151,20,131,63,43,60.40412959830354,60.38031151006408,100.03944677932887
4.56,0.019,GPR (n_s=131),151,20,131,64,44,57.15828725162541,57.14428335568313,100.02450620625534
4.56,0.019,GPR (n_s=131),151,20,131,65,45,58.588498113713754,58.59187001623926,99.99424510171023
4.56,0.019,GPR (n_s=131),151,20,131,66,46,57.10323003448643,57.08094315847006,100.03904433736228
4.56,0.019,GPR (n_s=131),151,20,131,67,47,55.05200411978998,55.047099435236674,100.00890997818891
4.56,0.019,GPR (n_s=131),151,20,131,68,48,52.46357557090257,52.47381616463028,99.98048437396743
4.56,0.019,GPR (n_s=131),151,20,131,69,49,53.070934949503986,53.064898970320606,100.01137471153343
4.56,0.019,GPR (n_s=131),151,20,131,70,50,52.36852443673317,52.36574125290374,100.00531489436193
4.56,0.019,GPR (n_s=131),151,20,131,71,51,51.26301416402887,51.25996309204636,100.00595215407593
4.56,0.019,GPR (n_s=131),151,20,131,72,52,49.30127461706895,49.3101238564563,99.98205390963301
4.56,0.019,GPR (n_s=131),151,20,131,73,53,49.84619345350049,49.85744987335465,99.97742279261624
4.56,0.019,GPR (n_s=131),151,20,131,74,54,47.650923058260815,47.61811445363352,100.06889941990299
4.56,0.019,GPR (n_s=131),151,20,131,75,55,49.01971703930427,48.937388024041475,100.16823336632177
4.56,0.019,GPR (n_s=131),151,20,131,76,56,53.25498037871397,53.08534496928324,100.3195522408847
4.56,0.019,GPR (n_s=131),151,20,131,77,57,46.461156642562834,46.45745188454769,100.00797451832777
4.56,0.019,GPR (n_s=131),151,20,131,78,58,44.862641803013965,44.86899341820426,99.98584408807415
4.56,0.019,GPR (n_s=131),151,20,131,79,59,38.08132640381553,38.11450528648976,99.91294945998948
4.56,0.019,GPR (n_s=131),151,20,131,80,60,43.7051129878465,43.71260427504372,99.98286240931772
4.56,0.019,GPR (n_s=131),151,20,131,81,61,42.300239961201044,42.30656740299899,99.98504383081313
4.56,0.019,GPR (n_s=131),151,20,131,82,62,44.126818404868516,44.12734085716196,99.99881603494954
4.56,0.019,GPR (n_s=131),151,20,131,83,63,40.608492953643,40.60859982988302,99.9997368137772
4.56,0.019,GPR (n_s=131),151,20,131,84,64,42.9204189819795,42.919189439208886,100.00286478562778
4.56,0.019,GPR (n_s=131),151,20,131,85,65,38.387270682917176,38.38730811000494,99.99990250140058
4.56,0.019,GPR (n_s=131),151,20,131,86,66,40.94217339004048,40.95189260220432,99.97626675705017
4.56,0.019,GPR (n_s=131),151,20,131,87,67,36.384519511441994,36.38449251974828,100.00007418460956
4.56,0.019,GPR (n_s=131),151,20,131,88,68,36.09893643909677,36.091072681941604,100.02178864902261
4.56,0.019,GPR (n_s=131),151,20,131,89,69,35.037488186737555,35.060728483570244,99.93371416442879
4.56,0.019,GPR (n_s=131),151,20,131,90,70,33.70393793420968,33.69457160661348,100.02779773461894
4.56,0.019,GPR (n_s=131),151,20,131,91,71,35.951305147055805,35.95122068644328,100.00023493113979
4.56,0.019,GPR (n_s=131),151,20,131,92,72,35.3808061158807,35.381411332147955,99.99828945131223
4.56,0.019,GPR (n_s=131),151,20,131,93,73,33.01832981963752,33.01805358305483,100.00083662285542
4.56,0.019,GPR (n_s=131),151,20,131,94,74,34.77999470069457,34.772571776805336,100.02134706612121
4.56,0.019,GPR (n_s=131),151,20,131,95,75,31.437172471579487,31.435906399745146,100.00402747042901
4.56,0.019,GPR (n_s=131),151,20,131,96,76,31.32906935192139,31.33279306754335,99.98811559628938
4.56,0.019,GPR (n_s=131),151,20,131,97,77,27.836621819076594,27.849895084166995,99.95233998171165
4.56,0.019,GPR (n_s=131),151,20,131,98,78,29.927490807946207,29.92972158716103,99.99254660886729
4.56,0.019,GPR (n_s=131),151,20,131,99,79,30.146785820759522,30.1478135489837,99.99659103562351
4.56,0.019,GPR (n_s=131),151,20,131,100,80,31.356812226882646,31.354532392893162,100.00727114651532
4.56,0.019,GPR (n_s=131),151,20,131,101,81,28.61832754815362,28.62045780564059,99.99255687137698
4.56,0.019,GPR (n_s=131),151,20,131,102,82,31.56699130264153,31.566989205861393,100.00000664231905
4.56,0.019,GPR (n_s=131),151,20,131,103,83,21.896189195491303,21.8865575711995,100.0440070315328
4.56,0.019,GPR (n_s=131),151,20,131,104,84,26.849232378691447,26.850312991560486,99.99597541797975
4.56,0.019,GPR (n_s=131),151,20,131,105,85,30.590436574648237,30.590366094950664,100.00023039834619
4.56,0.019,GPR (n_s=131),151,20,131,106,86,26.068168614083948,26.069442821531823,99.99511225668842
4.56,0.019,GPR (n_s=131),151,20,131,107,87,27.767704921485514,27.767327930083976,100.00135767979724
4.56,0.019,GPR (n_s=131),151,20,131,108,88,24.54192996999739,24.541593105325816,100.00137262756387
4.56,0.019,GPR (n_s=131),151,20,131,109,89,21.755773736494678,21.741589152495667,100.06524170749213
4.56,0.019,GPR (n_s=131),151,20,131,110,90,24.25502563781895,24.253844611081668,100.00486944134515
4.56,0.019,GPR (n_s=131),151,20,131,111,91,27.905929198740584,27.905179589247386,100.00268627367474
4.56,0.019,GPR (n_s=131),151,20,131,112,92,23.338540540811398,23.33779491032172,100.00319494833398
4.56,0.019,GPR (n_s=131),151,20,131,113,93,23.731970905333792,23.73418426398097,99.99067438500282
4.56,0.019,GPR (n_s=131),151,20,131,114,94,20.169932252937837,20.160269186301157,100.04793123815652
4.56,0.019,GPR (n_s=131),151,20,131,115,95,22.305829727980324,22.305282781307806,100.00245209477002
4.56,0.019,GPR (n_s=131),151,20,131,116,96,25.44318932569356,25.443310360427954,99.99952429643518
4.56,0.019,GPR (n_s=131),151,20,131,117,97,21.689014668862164,21.68879617974885,100.00100738238999
4.56,0.019,GPR (n_s=131),151,20,131,118,98,21.15384058489858,21.155517058638157,99.9920754773569
4.56,0.019,GPR (n_s=131),151,20,131,119,99,19.28382477417435,19.279051296957512,100.02475991760856
4.56,0.019,GPR (n_s=131),151,20,131,120,100,21.566023225790534,21.559895638698613,100.02842122798093
4.56,0.019,GPR (n_s=131),151,20,131,121,101,21.383519677550254,21.383069251224597,100.00210646245571
4.56,0.019,GPR (n_s=131),151,20,131,122,102,21.377552357601555,21.37762836234466,99.99964446597248
4.56,0.019,GPR (n_s=131),151,20,131,123,103,15.720902835064791,15.722715118468155,99.98847347045528
4.56,0.019,GPR (n_s=131),151,20,131,124,104,18.694959896692044,18.69280617185489,100.01152167746967
4.56,0.019,GPR (n_s=131),151,20,131,125,105,21.90477387553605,21.903760762898887,100.00462529082623
4.56,0.019,GPR (n_s=131),151,20,131,126,106,18.90967939200033,18.909949214485394,99.99857311893331
4.56,0.019,GPR (n_s=131),151,20,131,127,107,17.616132225635752,17.615384112532222,100.00424693040328
4.56,0.019,GPR (n_s=131),151,20,131,128,108,19.60514118485854,19.60508863150677,100.000268059751
4.56,0.019,GPR (n_s=131),151,20,131,129,109,17.860329466455628,17.859552316526198,100.00435145246452
4.56,0.019,GPR (n_s=131),151,20,131,130,110,19.46635428741471,19.466229585289682,100.00064060749146
4.56,0.019,GPR (n_s=131),151,20,131,131,111,17.579118666216456,17.57946171176351,99.9980486003913
4.56,0.019,GPR (n_s=131),151,20,131,132,112,15.258902623248643,15.257611947355771,100.00845922610515
4.56,0.019,GPR (n_s=131),151,20,131,133,113,16.75447695306137,16.75457928903099,99.99938920597258
4.56,0.019,GPR (n_s=131),151,20,131,134,114,16.783802842262816,16.78426546334784,99.99724372159132
4.56,0.019,GPR (n_s=131),151,20,131,135,115,17.11496786173506,17.11457030572802,100.00232290966083
4.56,0.019,GPR (n_s=131),151,20,131,136,116,17.034707358160688,17.035204645083283,99.99708082800908
4.56,0.019,GPR (n_s=131),151,20,131,137,117,17.918209349989294,17.9197516359933,99.99139337399683
4.56,0.019,GPR (n_s=131),151,20,131,138,118,16.23587792969726,16.235626633855883,100.00154780500343
4.56,0.019,GPR (n_s=131),151,20,131,139,119,17.227255247979475,17.22903728809098,99.98965676327872
4.56,0.019,GPR (n_s=131),151,20,131,140,120,15.824250878911313,15.824668453549034,99.99736124242382
4.56,0.019,GPR (n_s=131),151,20,131,141,121,16.94743723258397,16.948029538207624,99.9965051652623
4.56,0.019,GPR (n_s=131),151,20,131,142,122,15.418410273563243,15.42511828795791,99.95651239575969
4.56,0.019,GPR (n_s=131),151,20,131,143,123,15.901633704716442,15.901846545412461,99.9986615347129
4.56,0.019,GPR (n_s=131),151,20,131,144,124,17.613556740958323,17.613641478811267,99.99951890781331
4.56,0.019,GPR (n_s=131),151,20,131,145,125,16.32556149042393,16.328543305556316,99.9817386335291
4.56,0.019,GPR (n_s=131),151,20,131,146,126,18.10117853082287,18.108926955065954,99.95721212934203
4.56,0.019,GPR (n_s=131),151,20,131,147,127,17.379404833387397,17.38036016948162,99.99450335847528
4.56,0.019,GPR (n_s=131),151,20,131,148,128,23.708181983136733,23.710264835378347,99.99121539866351
4.56,0.019,GPR (n_s=131),151,20,131,149,129,14.51809997913204,14.51822323832296,99.99915100361184
4.56,0.019,GPR (n_s=131),151,20,131,150,130,16.57428261055819,16.575135688990034,99.9948532642637
4.56,0.019,GPR (n_s=131),151,20,131,151,131,20.225108592867524,20.232553259908276,99.96320451034966
4.56,0.019,ANN (n_s=141),151,10,141,11,1,27.55769557212923,651.6938510107866,4.228625992003276
4.56,0.019,ANN (n_s=141),151,10,141,12,2,28.858042604504817,589.107343234116,4.89860514148037
4.56,0.019,ANN (n_s=141),151,10,141,13,3,25.92785629400584,517.4791495039825,5.010415650342313
4.56,0.019,ANN (n_s=141),151,10,141,14,4,26.338659549536615,469.151731222723,5.614102601921918
4.56,0.019,ANN (n_s=141),151,10,141,15,5,26.758228297952137,429.2145841940655,6.234230914635847
4.56,0.019,ANN (n_s=141),151,10,141,16,6,26.629396867256077,390.7320219814855,6.815258378930071
4.56,0.019,ANN (n_s=141),151,10,141,17,7,23.73064073126153,371.30642379595724,6.391120435961579
4.56,0.019,ANN (n_s=141),151,10,141,18,8,27.803965428401813,337.1564944176357,8.24660532683112
4.56,0.019,ANN (n_s=141),151,10,141,19,9,21.541945374727437,325.7340343414989,6.6133541796688355
4.56,0.019,ANN (n_s=141),151,10,141,20,10,20.24179980379502,295.249986416062,6.85581735311939
4.56,0.019,ANN (n_s=141),151,10,141,21,11,20.01186225719152,285.15477504054377,7.017894844772002
4.56,0.019,ANN (n_s=141),151,10,141,22,12,20.850695862679764,261.07002235009236,7.986629669307334
4.56,0.019,ANN (n_s=141),151,10,141,23,13,20.496715784827682,248.7434360698395,8.240103179676604
4.56,0.019,ANN (n_s=141),151,10,141,24,14,18.86558811448272,232.03534030870765,8.130480507574106
4.56,0.019,ANN (n_s=141),151,10,141,25,15,19.329114890496555,217.23156713702488,8.897930970734182
4.56,0.019,ANN (n_s=141),151,10,141,26,16,18.03871181765256,206.57590628041444,8.732243823810743
4.56,0.019,ANN (n_s=141),151,10,141,27,17,18.943642574449104,191.8455867395503,9.874421870421761
4.56,0.019,ANN (n_s=141),151,10,141,28,18,19.22204079050516,183.51579708141912,10.47432487895146
4.56,0.019,ANN (n_s=141),151,10,141,29,19,17.83606194523721,167.8838396102995,10.624049334730003
4.56,0.019,ANN (n_s=141),151,10,141,30,20,19.456025999060323,154.7634027050166,12.571464350744508
4.56,0.019,ANN (n_s=141),151,10,141,31,21,16.627201631542047,146.08320317664348,11.382007835244734
4.56,0.019,ANN (n_s=141),151,10,141,32,22,16.72092299117241,152.31775516987844,10.977658495901371
4.56,0.019,ANN (n_s=141),151,10,141,33,23,16.95109984471091,143.05535235874785,11.849329343652727
4.56,0.019,ANN (n_s=141),151,10,141,34,24,15.334948130971469,124.87878019552873,12.279867009399677
4.56,0.019,ANN (n_s=141),151,10,141,35,25,14.798362888987494,122.6115262171799,12.069308119348733
4.56,0.019,ANN (n_s=141),151,10,141,36,26,15.645121945002966,104.02278528336822,15.040091363045246
4.56,0.019,ANN (n_s=141),151,10,141,37,27,15.674829292478739,106.84262675505808,14.670950882192413
4.56,0.019,ANN (n_s=141),151,10,141,38,28,16.27696181778551,122.19439223863257,13.320547301383801
4.56,0.019,ANN (n_s=141),151,10,141,39,29,14.433859163443932,110.77826605297325,13.029504502753078
4.56,0.019,ANN (n_s=141),151,10,141,40,30,14.054572533285215,106.27015411982703,13.225324315835378
4.56,0.019,ANN (n_s=141),151,10,141,41,31,14.571044994147906,107.5519443432549,13.54791406433716
4.56,0.019,ANN (n_s=141),151,10,141,42,32,14.943379716275693,106.12795411190513,14.080531224147462
4.56,0.019,ANN (n_s=141),151,10,141,43,33,12.97808730768764,92.1181977931698,14.088516296016719
4.56,0.019,ANN (n_s=141),151,10,141,44,34,14.536375739993089,99.73656689753918,14.574770510124454
4.56,0.019,ANN (n_s=141),151,10,141,45,35,13.820230492758695,94.70390580674804,14.593094524485753
4.56,0.019,ANN (n_s=141),151,10,141,46,36,13.411458269530359,86.97475950670842,15.419942918607234
4.56,0.019,ANN (n_s=141),151,10,141,47,37,12.763849798301479,86.82296561844338,14.701006476090834
4.56,0.019,ANN (n_s=141),151,10,141,48,38,13.764707839492287,85.78800427195256,16.04502629045598
4.56,0.019,ANN (n_s=141),151,10,141,49,39,14.570898909541231,82.6164074553664,17.636810118393463
4.56,0.019,ANN (n_s=141),151,10,141,50,40,9.936571480630636,76.44357202821938,12.998570340175261
4.56,0.019,ANN (n_s=141),151,10,141,51,41,12.288766127845362,80.0419801270798,15.352901200513687
4.56,0.019,ANN (n_s=141),151,10,141,52,42,11.937573992797928,72.95290337468802,16.363398083673566
4.56,0.019,ANN (n_s=141),151,10,141,53,43,12.768804608836152,76.78509512378666,16.629274976154328
4.56,0.019,ANN (n_s=141),151,10,141,54,44,12.893500675513623,71.9428553152084,17.921863983605324
4.56,0.019,ANN (n_s=141),151,10,141,55,45,11.0214274440316,72.70191755692801,15.159747932922754
4.56,0.019,ANN (n_s=141),151,10,141,56,46,13.459635204978072,69.99467686602763,19.229512596708325
4.56,0.019,ANN (n_s=141),151,10,141,57,47,10.80603119045912,72.79905206979346,14.843642716802448
4.56,0.019,ANN (n_s=141),151,10,141,58,48,13.43569257021665,67.45129978632069,19.919101059252597
4.56,0.019,ANN (n_s=141),151,10,141,59,49,14.333302666490741,69.51842971275073,20.61798968376554
4.56,0.019,ANN (n_s=141),151,10,141,60,50,10.169297147060822,64.49922125872774,15.76654252346459
4.56,0.019,ANN (n_s=141),151,10,141,61,51,11.794453135563348,72.72548181037921,16.21777242578553
4.56,0.019,ANN (n_s=141),151,10,141,62,52,11.341605082663012,64.90745376226248,17.47350177100473
4.56,0.019,ANN (n_s=141),151,10,141,63,53,12.505799163007852,60.38031151006408,20.71171686638849
4.56,0.019,ANN (n_s=141),151,10,141,64,54,10.36803799164192,57.14428335568313,18.143613643919807
4.56,0.019,ANN (n_s=141),151,10,141,65,55,12.78029188631449,58.59187001623926,21.812398004658867
4.56,0.019,ANN (n_s=141),151,10,141,66,56,12.196353131391685,57.08094315847006,21.366768761216427
4.56,0.019,ANN (n_s=141),151,10,141,67,57,11.410889478622867,55.047099435236674,20.72932015618346
4.56,0.019,ANN (n_s=141),151,10,141,68,58,9.727076550510311,52.47381616463028,18.53701000131719
4.56,0.019,ANN (n_s=141),151,10,141,69,59,13.076757649213368,53.064898970320606,24.642952126465456
4.56,0.019,ANN (n_s=141),151,10,141,70,60,10.756475876369096,52.36574125290374,20.541055314045877
4.56,0.019,ANN (n_s=141),151,10,141,71,61,10.31115863543583,51.25996309204636,20.115423448355426
4.56,0.019,ANN (n_s=141),151,10,141,72,62,11.225537230053837,49.3101238564563,22.765177517565796
4.56,0.019,ANN (n_s=141),151,10,141,73,63,10.8879342870092,49.85744987335465,21.838129135497653
4.56,0.019,ANN (n_s=141),151,10,141,74,64,10.967235283610073,47.61811445363352,23.031645434615093
4.56,0.019,ANN (n_s=141),151,10,141,75,65,9.345065358070848,48.937388024041475,19.095962689058716
4.56,0.019,ANN (n_s=141),151,10,141,76,66,9.738391405316195,53.08534496928324,18.344783124139283
4.56,0.019,ANN (n_s=141),151,10,141,77,67,11.458007735635574,46.45745188454769,24.663444228732327
4.56,0.019,ANN (n_s=141),151,10,141,78,68,9.557248332797405,44.86899341820426,21.300340401484995
4.56,0.019,ANN (n_s=141),151,10,141,79,69,6.676614215361029,38.11450528648976,17.517252723538963
4.56,0.019,ANN (n_s=141),151,10,141,80,70,9.627974112214703,43.71260427504372,22.02562458103527
4.56,0.019,ANN (n_s=141),151,10,141,81,71,9.761346302435431,42.30656740299899,23.07288655553624
4.56,0.019,ANN (n_s=141),151,10,141,82,72,11.498312757356207,44.12734085716196,26.057116821463776
4.56,0.019,ANN (n_s=141),151,10,141,83,73,9.833780199602609,40.60859982988302,24.216004099619646
4.56,0.019,ANN (n_s=141),151,10,141,84,74,9.294063167595098,42.919189439208886,21.65479658174647
4.56,0.019,ANN (n_s=141),151,10,141,85,75,11.979885040729647,38.38730811000494,31.20793207588138
4.56,0.019,ANN (n_s=141),151,10,141,86,76,8.786484733680796,40.95189260220432,21.455625553207877
4.56,0.019,ANN (n_s=141),151,10,141,87,77,9.55560218027994,36.38449251974828,26.26284309199443
4.56,0.019,ANN (n_s=141),151,10,141,88,78,11.413158322261902,36.091072681941604,31.623217250543366
4.56,0.019,ANN (n_s=141),151,10,141,89,79,9.963067647596082,35.060728483570244,28.416601931887584
4.56,0.019,ANN (n_s=141),151,10,141,90,80,10.184542773908577,33.69457160661348,30.22606398684583
4.56,0.019,ANN (n_s=141),151,10,141,91,81,9.984681246962422,35.95122068644328,27.772857378184966
4.56,0.019,ANN (n_s=141),151,10,141,92,82,7.927726739649764,35.381411332147955,22.40647402452977
4.56,0.019,ANN (n_s=141),151,10,141,93,83,10.099588478655551,33.01805358305483,30.588079497934892
4.56,0.019,ANN (n_s=141),151,10,141,94,84,7.945857818810586,34.772571776805336,22.850935127297035
4.56,0.019,ANN (n_s=141),151,10,141,95,85,9.975449253565888,31.435906399745146,31.732659865811154
4.56,0.019,ANN (n_s=141),151,10,141,96,86,7.694687152526278,31.33279306754335,24.557935629737912
4.56,0.019,ANN (n_s=141),151,10,141,97,87,7.953849180626102,27.849895084166995,28.559709674267182
4.56,0.019,ANN (n_s=141),151,10,141,98,88,8.527839852440897,29.92972158716103,28.492880655792966
4.56,0.019,ANN (n_s=141),151,10,141,99,89,8.54082890016063,30.1478135489837,28.329845168650866
4.56,0.019,ANN (n_s=141),151,10,141,100,90,10.46196903216688,31.354532392893162,33.36668811089716
4.56,0.019,ANN (n_s=141),151,10,141,101,91,9.706729109510478,28.62045780564059,33.915352351902115
4.56,0.019,ANN (n_s=141),151,10,141,102,92,9.003009840424843,31.566989205861393,28.52033110193846
4.56,0.019,ANN (n_s=141),151,10,141,103,93,7.340247275064542,21.8865575711995,33.53769660297591
4.56,0.019,ANN (n_s=141),151,10,141,104,94,9.232657949782256,26.850312991560486,34.38566229259316
4.56,0.019,ANN (n_s=141),151,10,141,105,95,8.245834135644053,30.590366094950664,26.95565692169057
4.56,0.019,ANN (n_s=141),151,10,141,106,96,8.80117428214873,26.069442821531823,33.76050014724319
4.56,0.019,ANN (n_s=141),151,10,141,107,97,7.703785367996593,27.767327930083976,27.74406448972742
4.56,0.019,ANN (n_s=141),151,10,141,108,98,9.592381322651063,24.541593105325816,39.086221018673
4.56,0.019,ANN (n_s=141),151,10,141,109,99,8.297365357788973,21.741589152495667,38.16356430797763
4.56,0.019,ANN (n_s=141),151,10,141,110,100,9.285667340368903,24.253844611081668,38.2853419293626
4.56,0.019,ANN (n_s=141),151,10,141,111,101,9.126945226369356,27.905179589247386,32.706993327812924
4.56,0.019,ANN (n_s=141),151,10,141,112,102,8.505894954504912,23.33779491032172,36.4468664978411
4.56,0.019,ANN (n_s=141),151,10,141,113,103,8.697619333505864,23.73418426398097,36.64595857505574
4.56,0.019,ANN (n_s=141),151,10,141,114,104,6.66829775689405,20.160269186301157,33.076432141219314
4.56,0.019,ANN (n_s=141),151,10,141,115,105,9.011341636811597,22.305282781307806,40.4000331453464
4.56,0.019,ANN (n_s=141),151,10,141,116,106,8.524362786055912,25.443310360427954,33.503355755601184
4.56,0.019,ANN (n_s=141),151,10,141,117,107,9.308324940008012,21.68879617974885,42.917665244599114
4.56,0.019,ANN (n_s=141),151,10,141,118,108,7.126706247440478,21.155517058638157,33.68722318479341
4.56,0.019,ANN (n_s=141),151,10,141,119,109,8.72537261069395,19.279051296957512,45.25830901269986
4.56,0.019,ANN (n_s=141),151,10,141,120,110,9.237410092006197,21.559895638698613,42.84533768997307
4.56,0.019,ANN (n_s=141),151,10,141,121,111,9.55559415909772,21.383069251224597,44.68766408989895
4.56,0.019,ANN (n_s=141),151,10,141,122,112,9.739289222242187,21.37762836234466,45.558324137570516
4.56,0.019,ANN (n_s=141),151,10,141,123,113,9.513565738719596,15.722715118468155,60.50841516262549
4.56,0.019,ANN (n_s=141),151,10,141,124,114,8.590980969432662,18.69280617185489,45.958754883832285
4.56,0.019,ANN (n_s=141),151,10,141,125,115,8.550738580925303,21.903760762898887,39.03776467194049
4.56,0.019,ANN (n_s=141),151,10,141,126,116,9.001492153486284,18.909949214485394,47.60188433817138
4.56,0.019,ANN (n_s=141),151,10,141,127,117,7.182548765566042,17.615384112532222,40.774295466291406
4.56,0.019,ANN (n_s=141),151,10,141,128,118,7.622084801188142,19.60508863150677,38.8780940726731
4.56,0.019,ANN (n_s=141),151,10,141,129,119,8.589054814011979,17.859552316526198,48.09221788871026
4.56,0.019,ANN (n_s=141),151,10,141,130,120,9.165563613382794,19.466229585289682,47.08443190410671
4.56,0.019,ANN (n_s=141),151,10,141,131,121,8.74597345505971,17.57946171176351,49.75108793693743
4.56,0.019,ANN (n_s=141),151,10,141,132,122,8.377344847536385,15.257611947355771,54.9060028295465
4.56,0.019,ANN (n_s=141),151,10,141,133,123,9.794876531943872,16.75457928903099,58.46089217147013
4.56,0.019,ANN (n_s=141),151,10,141,134,124,8.648701859428174,16.78426546334784,51.52862887157338
4.56,0.019,ANN (n_s=141),151,10,141,135,125,8.972392117831678,17.11457030572802,52.425459462623714
4.56,0.019,ANN (n_s=141),151,10,141,136,126,7.988126513155819,17.035204645083283,46.89187291601665
4.56,0.019,ANN (n_s=141),151,10,141,137,127,8.973432370748027,17.9197516359933,50.07565145447746
4.56,0.019,ANN (n_s=141),151,10,141,138,128,9.818836209520637,16.235626633855883,60.477100335909306
4.56,0.019,ANN (n_s=141),151,10,141,139,129,13.528889670512498,17.22903728809098,78.52377033198431
4.56,0.019,ANN (n_s=141),151,10,141,140,130,7.690049185365228,15.824668453549034,48.59532575951418
4.56,0.019,ANN (n_s=141),151,10,141,141,131,12.61492502127478,16.948029538207624,74.43298935038851
4.56,0.019,ANN (n_s=141),151,10,141,142,132,8.9286900160722,15.42511828795791,57.88409430249008
4.56,0.019,ANN (n_s=141),151,10,141,143,133,9.494172487858268,15.901846545412461,59.7048428353577
4.56,0.019,ANN (n_s=141),151,10,141,144,134,9.59420039253629,17.613641478811267,54.470283184075555
4.56,0.019,ANN (n_s=141),151,10,141,145,135,8.153363921027474,16.328543305556316,49.93319837816168
4.56,0.019,ANN (n_s=141),151,10,141,146,136,12.357169520250698,18.108926955065954,68.23799969436506
4.56,0.019,ANN (n_s=141),151,10,141,147,137,11.217212267742852,17.38036016948162,64.53958467120427
4.56,0.019,ANN (n_s=141),151,10,141,148,138,10.542868995413476,23.710264835378347,44.465420646345315
4.56,0.019,ANN (n_s=141),151,10,141,149,139,9.960888226293822,14.51822323832296,68.60955409475045
4.56,0.019,ANN (n_s=141),151,10,141,150,140,9.4437408107545,16.575135688990034,56.97534540865006
4.56,0.019,ANN (n_s=141),151,10,141,151,141,10.632433117578179,20.232553259908276,52.55111888743587
4.56,0.019,GPR (n_s=141),151,10,141,11,1,652.7076686110038,651.6938510107866,100.15556654380653
4.56,0.019,GPR (n_s=141),151,10,141,12,2,589.8553070882281,589.107343234116,100.12696563074665
4.56,0.019,GPR (n_s=141),151,10,141,13,3,518.4624253680065,517.4791495039825,100.19001265364344
4.56,0.019,GPR (n_s=141),151,10,141,14,4,469.76808066859707,469.151731222723,100.13137528966752
4.56,0.019,GPR (n_s=141),151,10,141,15,5,430.35366878960605,429.2145841940655,100.26538813858792
4.56,0.019,GPR (n_s=141),151,10,141,16,6,391.1397678236182,390.7320219814855,100.1043543449715
4.56,0.019,GPR (n_s=141),151,10,141,17,7,372.6838986383781,371.30642379595724,100.37098061173803
4.56,0.019,GPR (n_s=141),151,10,141,18,8,337.41899615739356,337.1564944176357,100.07785753621957
4.56,0.019,GPR (n_s=141),151,10,141,19,9,327.33671164324886,325.7340343414989,100.492020216736
4.56,0.019,GPR (n_s=141),151,10,141,20,10,295.4243989137171,295.249986416062,100.05907282156801
4.56,0.019,GPR (n_s=141),151,10,141,21,11,286.78758323240186,285.15477504054377,100.57260419069817
4.56,0.019,GPR (n_s=141),151,10,141,22,12,261.1766174965172,261.07002235009236,100.04083009817263
4.56,0.019,GPR (n_s=141),151,10,141,23,13,250.03955327418674,248.7434360698395,100.5210658921602
4.56,0.019,GPR (n_s=141),151,10,141,24,14,232.09970230008605,232.03534030870765,100.02773801236174
4.56,0.019,GPR (n_s=141),151,10,141,25,15,217.9531765976668,217.23156713702488,100.33218443808711
4.56,0.019,GPR (n_s=141),151,10,141,26,16,206.61856765962162,206.57590628041444,100.02065167229583
4.56,0.019,GPR (n_s=141),151,10,141,27,17,192.11673954429295,191.8455867395503,100.14133908908249
4.56,0.019,GPR (n_s=141),151,10,141,28,18,183.54448567647998,183.51579708141912,100.0156327659619
4.56,0.019,GPR (n_s=141),151,10,141,29,19,167.92846769250718,167.8838396102995,100.02658271475758
4.56,0.019,GPR (n_s=141),151,10,141,30,20,154.75202836280562,154.7634027050166,99.99265049616888
4.56,0.019,GPR (n_s=141),151,10,141,31,21,146.0613545161105,146.08320317664348,99.9850436873933
4.56,0.019,GPR (n_s=141),151,10,141,32,22,152.31811899769684,152.31775516987844,100.00023886106908
4.56,0.019,GPR (n_s=141),151,10,141,33,23,143.05142598374002,143.05535235874785,99.99725534561055
4.56,0.019,GPR (n_s=141),151,10,141,34,24,125.0772122607814,124.87878019552873,100.1588997465718
4.56,0.019,GPR (n_s=141),151,10,141,35,25,122.70460697185928,122.6115262171799,100.07591517498486
4.56,0.019,GPR (n_s=141),151,10,141,36,26,104.58550540196649,104.02278528336822,100.54095851891041
4.56,0.019,GPR (n_s=141),151,10,141,37,27,107.04376388066513,106.84262675505808,100.18825550411462
4.56,0.019,GPR (n_s=141),151,10,141,38,28,122.24918984581348,122.19439223863257,100.04484461698854
4.56,0.019,GPR (n_s=141),151,10,141,39,29,110.97166955618009,110.77826605297325,100.17458614410371
4.56,0.019,GPR (n_s=141),151,10,141,40,30,106.28889164801387,106.27015411982703,100.01763197611035
4.56,0.019,GPR (n_s=141),151,10,141,41,31,107.71149699537526,107.5519443432549,100.14834938884148
4.56,0.019,GPR (n_s=141),151,10,141,42,32,106.128038078131,106.12795411190513,100.00007911791627
4.56,0.019,GPR (n_s=141),151,10,141,43,33,92.08822531148628,92.1181977931698,99.96746301772987
4.56,0.019,GPR (n_s=141),151,10,141,44,34,99.78990739030901,99.73656689753918,100.05348138042955
4.56,0.019,GPR (n_s=141),151,10,141,45,35,94.70744690465769,94.70390580674804,100.00373912551913
4.56,0.019,GPR (n_s=141),151,10,141,46,36,86.9733104621487,86.97475950670842,99.99833394818458
4.56,0.019,GPR (n_s=141),151,10,141,47,37,86.84598362876493,86.82296561844338,100.02651143065385
4.56,0.019,GPR (n_s=141),151,10,141,48,38,85.78977297172615,85.78800427195256,100.00206170989591
4.56,0.019,GPR (n_s=141),151,10,141,49,39,82.5879420092617,82.6164074553664,99.96554504488702
4.56,0.019,GPR (n_s=141),151,10,141,50,40,76.45487364934002,76.44357202821938,100.01478426612046
4.56,0.019,GPR (n_s=141),151,10,141,51,41,80.03109245221084,80.0419801270798,99.98639754432403
4.56,0.019,GPR (n_s=141),151,10,141,52,42,72.94212348895802,72.95290337468802,99.98522350005094
4.56,0.019,GPR (n_s=141),151,10,141,53,43,76.78811886236907,76.78509512378666,100.00393792386079
4.56,0.019,GPR (n_s=141),151,10,141,54,44,71.94510705192155,71.9428553152084,100.00312989622566
4.56,0.019,GPR (n_s=141),151,10,141,55,45,72.68760747349285,72.70191755692801,99.98031677304253
4.56,0.019,GPR (n_s=141),151,10,141,56,46,69.9946911568315,69.99467686602763,100.0000204169867
4.56,0.019,GPR (n_s=141),151,10,141,57,47,72.8129444567625,72.79905206979346,100.01908319761597
4.56,0.019,GPR (n_s=141),151,10,141,58,48,67.47788797246046,67.45129978632069,100.03941834512308
4.56,0.019,GPR (n_s=141),151,10,141,59,49,69.51114228259085,69.51842971275073,99.98951726874444
4.56,0.019,GPR (n_s=141),151,10,141,60,50,64.52495191543893,64.49922125872774,100.03989297267323
4.56,0.019,GPR (n_s=141),151,10,141,61,51,72.71764022194331,72.72548181037921,99.98921755038167
4.56,0.019,GPR (n_s=141),151,10,141,62,52,64.90202526802156,64.90745376226248,99.99163656263455
4.56,0.019,GPR (n_s=141),151,10,141,63,53,60.40412959830354,60.38031151006408,100.03944677932887
4.56,0.019,GPR (n_s=141),151,10,141,64,54,57.15828725162541,57.14428335568313,100.02450620625534
4.56,0.019,GPR (n_s=141),151,10,141,65,55,58.588498113713754,58.59187001623926,99.99424510171023
4.56,0.019,GPR (n_s=141),151,10,141,66,56,57.10323003448643,57.08094315847006,100.03904433736228
4.56,0.019,GPR (n_s=141),151,10,141,67,57,55.05200411978998,55.047099435236674,100.00890997818891
4.56,0.019,GPR (n_s=141),151,10,141,68,58,52.46357557090257,52.47381616463028,99.98048437396743
4.56,0.019,GPR (n_s=141),151,10,141,69,59,53.070934949503986,53.064898970320606,100.01137471153343
4.56,0.019,GPR (n_s=141),151,10,141,70,60,52.36852443673317,52.36574125290374,100.00531489436193
4.56,0.019,GPR (n_s=141),151,10,141,71,61,51.26301416402887,51.25996309204636,100.00595215407593
4.56,0.019,GPR (n_s=141),151,10,141,72,62,49.30127461706895,49.3101238564563,99.98205390963301
4.56,0.019,GPR (n_s=141),151,10,141,73,63,49.84619345350049,49.85744987335465,99.97742279261624
4.56,0.019,GPR (n_s=141),151,10,141,74,64,47.650923058260815,47.61811445363352,100.06889941990299
4.56,0.019,GPR (n_s=141),151,10,141,75,65,49.01971703930427,48.937388024041475,100.16823336632177
4.56,0.019,GPR (n_s=141),151,10,141,76,66,53.25498037871397,53.08534496928324,100.3195522408847
4.56,0.019,GPR (n_s=141),151,10,141,77,67,46.461156642562834,46.45745188454769,100.00797451832777
4.56,0.019,GPR (n_s=141),151,10,141,78,68,44.862641803013965,44.86899341820426,99.98584408807415
4.56,0.019,GPR (n_s=141),151,10,141,79,69,38.08132640381553,38.11450528648976,99.91294945998948
4.56,0.019,GPR (n_s=141),151,10,141,80,70,43.7051129878465,43.71260427504372,99.98286240931772
4.56,0.019,GPR (n_s=141),151,10,141,81,71,42.300239961201044,42.30656740299899,99.98504383081313
4.56,0.019,GPR (n_s=141),151,10,141,82,72,44.126818404868516,44.12734085716196,99.99881603494954
4.56,0.019,GPR (n_s=141),151,10,141,83,73,40.608492953643,40.60859982988302,99.9997368137772
4.56,0.019,GPR (n_s=141),151,10,141,84,74,42.9204189819795,42.919189439208886,100.00286478562778
4.56,0.019,GPR (n_s=141),151,10,141,85,75,38.387270682917176,38.38730811000494,99.99990250140058
4.56,0.019,GPR (n_s=141),151,10,141,86,76,40.94217339004048,40.95189260220432,99.97626675705017
4.56,0.019,GPR (n_s=141),151,10,141,87,77,36.384519511441994,36.38449251974828,100.00007418460956
4.56,0.019,GPR (n_s=141),151,10,141,88,78,36.09893643909677,36.091072681941604,100.02178864902261
4.56,0.019,GPR (n_s=141),151,10,141,89,79,35.037488186737555,35.060728483570244,99.93371416442879
4.56,0.019,GPR (n_s=141),151,10,141,90,80,33.70393793420968,33.69457160661348,100.02779773461894
4.56,0.019,GPR (n_s=141),151,10,141,91,81,35.951305147055805,35.95122068644328,100.00023493113979
4.56,0.019,GPR (n_s=141),151,10,141,92,82,35.3808061158807,35.381411332147955,99.99828945131223
4.56,0.019,GPR (n_s=141),151,10,141,93,83,33.01832981963752,33.01805358305483,100.00083662285542
4.56,0.019,GPR (n_s=141),151,10,141,94,84,34.77999470069457,34.772571776805336,100.02134706612121
4.56,0.019,GPR (n_s=141),151,10,141,95,85,31.437172471579487,31.435906399745146,100.00402747042901
4.56,0.019,GPR (n_s=141),151,10,141,96,86,31.32906935192139,31.33279306754335,99.98811559628938
4.56,0.019,GPR (n_s=141),151,10,141,97,87,27.836621819076594,27.849895084166995,99.95233998171165
4.56,0.019,GPR (n_s=141),151,10,141,98,88,29.927490807946207,29.92972158716103,99.99254660886729
4.56,0.019,GPR (n_s=141),151,10,141,99,89,30.146785820759522,30.1478135489837,99.99659103562351
4.56,0.019,GPR (n_s=141),151,10,141,100,90,31.356812226882646,31.354532392893162,100.00727114651532
4.56,0.019,GPR (n_s=141),151,10,141,101,91,28.61832754815362,28.62045780564059,99.99255687137698
4.56,0.019,GPR (n_s=141),151,10,141,102,92,31.56699130264153,31.566989205861393,100.00000664231905
4.56,0.019,GPR (n_s=141),151,10,141,103,93,21.896189195491303,21.8865575711995,100.0440070315328
4.56,0.019,GPR (n_s=141),151,10,141,104,94,26.849232378691447,26.850312991560486,99.99597541797975
4.56,0.019,GPR (n_s=141),151,10,141,105,95,30.590436574648237,30.590366094950664,100.00023039834619
4.56,0.019,GPR (n_s=141),151,10,141,106,96,26.068168614083948,26.069442821531823,99.99511225668842
4.56,0.019,GPR (n_s=141),151,10,141,107,97,27.767704921485514,27.767327930083976,100.00135767979724
4.56,0.019,GPR (n_s=141),151,10,141,108,98,24.54192996999739,24.541593105325816,100.00137262756387
4.56,0.019,GPR (n_s=141),151,10,141,109,99,21.755773736494678,21.741589152495667,100.06524170749213
4.56,0.019,GPR (n_s=141),151,10,141,110,100,24.25502563781895,24.253844611081668,100.00486944134515
4.56,0.019,GPR (n_s=141),151,10,141,111,101,27.905929198740584,27.905179589247386,100.00268627367474
4.56,0.019,GPR (n_s=141),151,10,141,112,102,23.338540540811398,23.33779491032172,100.00319494833398
4.56,0.019,GPR (n_s=141),151,10,141,113,103,23.731970905333792,23.73418426398097,99.99067438500282
4.56,0.019,GPR (n_s=141),151,10,141,114,104,20.169932252937837,20.160269186301157,100.04793123815652
4.56,0.019,GPR (n_s=141),151,10,141,115,105,22.305829727980324,22.305282781307806,100.00245209477002
4.56,0.019,GPR (n_s=141),151,10,141,116,106,25.44318932569356,25.443310360427954,99.99952429643518
4.56,0.019,GPR (n_s=141),151,10,141,117,107,21.689014668862164,21.68879617974885,100.00100738238999
4.56,0.019,GPR (n_s=141),151,10,141,118,108,21.15384058489858,21.155517058638157,99.9920754773569
4.56,0.019,GPR (n_s=141),151,10,141,119,109,19.28382477417435,19.279051296957512,100.02475991760856
4.56,0.019,GPR (n_s=141),151,10,141,120,110,21.566023225790534,21.559895638698613,100.02842122798093
4.56,0.019,GPR (n_s=141),151,10,141,121,111,21.383519677550254,21.383069251224597,100.00210646245571
4.56,0.019,GPR (n_s=141),151,10,141,122,112,21.377552357601555,21.37762836234466,99.99964446597248
4.56,0.019,GPR (n_s=141),151,10,141,123,113,15.720902835064791,15.722715118468155,99.98847347045528
4.56,0.019,GPR (n_s=141),151,10,141,124,114,18.694959896692044,18.69280617185489,100.01152167746967
4.56,0.019,GPR (n_s=141),151,10,141,125,115,21.90477387553605,21.903760762898887,100.00462529082623
4.56,0.019,GPR (n_s=141),151,10,141,126,116,18.90967939200033,18.909949214485394,99.99857311893331
4.56,0.019,GPR (n_s=141),151,10,141,127,117,17.616132225635752,17.615384112532222,100.00424693040328
4.56,0.019,GPR (n_s=141),151,10,141,128,118,19.60514118485854,19.60508863150677,100.000268059751
4.56,0.019,GPR (n_s=141),151,10,141,129,119,17.860329466455628,17.859552316526198,100.00435145246452
4.56,0.019,GPR (n_s=141),151,10,141,130,120,19.46635428741471,19.466229585289682,100.00064060749146
4.56,0.019,GPR (n_s=141),151,10,141,131,121,17.579118666216456,17.57946171176351,99.9980486003913
4.56,0.019,GPR (n_s=141),151,10,141,132,122,15.258902623248643,15.257611947355771,100.00845922610515
4.56,0.019,GPR (n_s=141),151,10,141,133,123,16.75447695306137,16.75457928903099,99.99938920597258
4.56,0.019,GPR (n_s=141),151,10,141,134,124,16.783802842262816,16.78426546334784,99.99724372159132
4.56,0.019,GPR (n_s=141),151,10,141,135,125,17.11496786173506,17.11457030572802,100.00232290966083
4.56,0.019,GPR (n_s=141),151,10,141,136,126,17.034707358160688,17.035204645083283,99.99708082800908
4.56,0.019,GPR (n_s=141),151,10,141,137,127,17.918209349989294,17.9197516359933,99.99139337399683
4.56,0.019,GPR (n_s=141),151,10,141,138,128,16.23587792969726,16.235626633855883,100.00154780500343
4.56,0.019,GPR (n_s=141),151,10,141,139,129,17.227255247979475,17.22903728809098,99.98965676327872
4.56,0.019,GPR (n_s=141),151,10,141,140,130,15.824250878911313,15.824668453549034,99.99736124242382
4.56,0.019,GPR (n_s=141),151,10,141,141,131,16.94743723258397,16.948029538207624,99.9965051652623
4.56,0.019,GPR (n_s=141),151,10,141,142,132,15.418410273563243,15.42511828795791,99.95651239575969
4.56,0.019,GPR (n_s=141),151,10,141,143,133,15.901633704716442,15.901846545412461,99.9986615347129
4.56,0.019,GPR (n_s=141),151,10,141,144,134,17.613556740958323,17.613641478811267,99.99951890781331
4.56,0.019,GPR (n_s=141),151,10,141,145,135,16.32556149042393,16.328543305556316,99.9817386335291
4.56,0.019,GPR (n_s=141),151,10,141,146,136,18.10117853082287,18.108926955065954,99.95721212934203
4.56,0.019,GPR (n_s=141),151,10,141,147,137,17.379404833387397,17.38036016948162,99.99450335847528
4.56,0.019,GPR (n_s=141),151,10,141,148,138,23.708181983136733,23.710264835378347,99.99121539866351
4.56,0.019,GPR (n_s=141),151,10,141,149,139,14.51809997913204,14.51822323832296,99.99915100361184
4.56,0.019,GPR (n_s=141),151,10,141,150,140,16.57428261055819,16.575135688990034,99.9948532642637
4.56,0.019,GPR (n_s=141),151,10,141,151,141,20.225108592867524,20.232553259908276,99.96320451034966
4.56,0.019,ANN (n_s=151),151,0,151,1,1,116.06565972765785,6216.832778314467,1.8669580454619537
4.56,0.019,ANN (n_s=151),151,0,151,2,2,63.88978959993296,2828.8013958133733,2.258546312034838
4.56,0.019,ANN (n_s=151),151,0,151,3,3,51.68598373683794,2199.4593194423887,2.3499404276293445
4.56,0.019,ANN (n_s=151),151,0,151,4,4,47.71261462014677,1578.319598818821,3.0230008330286093
4.56,0.019,ANN (n_s=151),151,0,151,5,5,38.083836465381516,1423.3108371171943,2.675721667553475
4.56,0.019,ANN (n_s=151),151,0,151,6,6,67.06264787433565,1129.5147825159975,5.937297051124325
4.56,0.019,ANN (n_s=151),151,0,151,7,7,37.331612744495466,1099.8310838942825,3.3943042064524733
4.56,0.019,ANN (n_s=151),151,0,151,8,8,23.952479616342572,1007.3659612332015,2.377733667615722
4.56,0.019,ANN (n_s=151),151,0,151,9,9,25.402469469880337,845.5183497907682,3.0043664310971403
4.56,0.019,ANN (n_s=151),151,0,151,10,10,25.5601224472075,766.3098839623528,3.3354812435726346
4.56,0.019,ANN (n_s=151),151,0,151,11,11,30.099483193974876,651.6938510107866,4.618653858294065
4.56,0.019,ANN (n_s=151),151,0,151,12,12,28.556418109950446,589.107343234116,4.84740488094746
4.56,0.019,ANN (n_s=151),151,0,151,13,13,27.725190489295642,517.4791495039825,5.357740599958659
4.56,0.019,ANN (n_s=151),151,0,151,14,14,24.24774732544013,469.151731222723,5.1684232864801825
4.56,0.019,ANN (n_s=151),151,0,151,15,15,25.67749991829132,429.2145841940655,5.982438822880603
4.56,0.019,ANN (n_s=151),151,0,151,16,16,24.06443028102639,390.7320219814855,6.1588067850161154
4.56,0.019,ANN (n_s=151),151,0,151,17,17,23.52679755943318,371.30642379595724,6.336221528007224
4.56,0.019,ANN (n_s=151),151,0,151,18,18,23.27737627549565,337.1564944176357,6.9040272576395845
4.56,0.019,ANN (n_s=151),151,0,151,19,19,25.398465245856766,325.7340343414989,7.797301653541387
4.56,0.019,ANN (n_s=151),151,0,151,20,20,24.812374535582055,295.249986416062,8.403852896581279
4.56,0.019,ANN (n_s=151),151,0,151,21,21,20.661795921045396,285.15477504054377,7.245817966087949
4.56,0.019,ANN (n_s=151),151,0,151,22,22,24.8058049555936,261.07002235009236,9.501590696740072
4.56,0.019,ANN (n_s=151),151,0,151,23,23,18.88471543213707,248.7434360698395,7.592045736167616
4.56,0.019,ANN (n_s=151),151,0,151,24,24,23.233092839448574,232.03534030870765,10.01273892525961
4.56,0.019,ANN (n_s=151),151,0,151,25,25,19.86679140714423,217.23156713702488,9.145444038808916
4.56,0.019,ANN (n_s=151),151,0,151,26,26,18.643496222667558,206.57590628041444,9.025010011264396
4.56,0.019,ANN (n_s=151),151,0,151,27,27,24.614257547372258,191.8455867395503,12.830244346870794
4.56,0.019,ANN (n_s=151),151,0,151,28,28,19.264380933349226,183.51579708141912,10.497396540093133
4.56,0.019,ANN (n_s=151),151,0,151,29,29,20.735414642791984,167.8838396102995,12.35104861249545
4.56,0.019,ANN (n_s=151),151,0,151,30,30,22.472317798722802,154.7634027050166,14.520434034107968
4.56,0.019,ANN (n_s=151),151,0,151,31,31,21.893347260994435,146.08320317664348,14.986902521928583
4.56,0.019,ANN (n_s=151),151,0,151,32,32,20.29292651519246,152.31775516987844,13.322758395802227
4.56,0.019,ANN (n_s=151),151,0,151,33,33,20.264834345593737,143.05535235874785,14.165729566534838
4.56,0.019,ANN (n_s=151),151,0,151,34,34,20.39984730594325,124.87878019552873,16.33571954658928
4.56,0.019,ANN (n_s=151),151,0,151,35,35,19.06696684749629,122.6115262171799,15.550713245117972
4.56,0.019,ANN (n_s=151),151,0,151,36,36,25.66949585923745,104.02278528336822,24.67680113478142
4.56,0.019,ANN (n_s=151),151,0,151,37,37,19.359184699315215,106.84262675505808,18.119345515247474
4.56,0.019,ANN (n_s=151),151,0,151,38,38,20.188721213492617,122.19439223863257,16.521806642375378
4.56,0.019,ANN (n_s=151),151,0,151,39,39,18.27393853187984,110.77826605297325,16.49596006778206
4.56,0.019,ANN (n_s=151),151,0,151,40,40,17.81218228473931,106.27015411982703,16.76122748881575
4.56,0.019,ANN (n_s=151),151,0,151,41,41,17.711049524154852,107.5519443432549,16.467437787669898
4.56,0.019,ANN (n_s=151),151,0,151,42,42,19.11184674865482,106.12795411190513,18.00830601945139
4.56,0.019,ANN (n_s=151),151,0,151,43,43,23.442994092165325,92.1181977931698,25.448819727021984
4.56,0.019,ANN (n_s=151),151,0,151,44,44,20.501632491593583,99.73656689753918,20.555783229089094
4.56,0.019,ANN (n_s=151),151,0,151,45,45,18.427405088570342,94.70390580674804,19.457914572365308
4.56,0.019,ANN (n_s=151),151,0,151,46,46,20.068432729296937,86.97475950670842,23.07385825855494
4.56,0.019,ANN (n_s=151),151,0,151,47,47,23.099635621242335,86.82296561844338,26.60544414338157
4.56,0.019,ANN (n_s=151),151,0,151,48,48,17.227114026553608,85.78800427195256,20.0810290118683
4.56,0.019,ANN (n_s=151),151,0,151,49,49,18.784727070727698,82.6164074553664,22.73728385112384
4.56,0.019,ANN (n_s=151),151,0,151,50,50,18.870496357093156,76.44357202821938,24.685524049199394
4.56,0.019,ANN (n_s=151),151,0,151,51,51,19.632589545157053,80.0419801270798,24.527865894855537
4.56,0.019,ANN (n_s=151),151,0,151,52,52,17.85098020336526,72.95290337468802,24.469184059313115
4.56,0.019,ANN (n_s=151),151,0,151,53,53,23.9394682061657,76.78509512378666,31.17723324764063
4.56,0.019,ANN (n_s=151),151,0,151,54,54,17.55863272118634,71.9428553152084,24.406360637558016
4.56,0.019,ANN (n_s=151),151,0,151,55,55,22.49779129879334,72.70191755692801,30.945251590065453
4.56,0.019,ANN (n_s=151),151,0,151,56,56,22.8286626761535,69.99467686602763,32.61485544086216
4.56,0.019,ANN (n_s=151),151,0,151,57,57,21.615801123812442,72.79905206979346,29.692421136320668
4.56,0.019,ANN (n_s=151),151,0,151,58,58,19.733758927531834,67.45129978632069,29.25630638704741
4.56,0.019,ANN (n_s=151),151,0,151,59,59,20.72982099087737,69.51842971275073,29.819173241588924
4.56,0.019,ANN (n_s=151),151,0,151,60,60,23.2339716721263,64.49922125872774,36.022096420245354
4.56,0.019,ANN (n_s=151),151,0,151,61,61,26.621187110842644,72.72548181037921,36.60503368029021
4.56,0.019,ANN (n_s=151),151,0,151,62,62,30.359293631179927,64.90745376226248,46.773200721102654
4.56,0.019,ANN (n_s=151),151,0,151,63,63,15.039055103954174,60.38031151006408,24.90721681925654
4.56,0.019,ANN (n_s=151),151,0,151,64,64,26.83051074728937,57.14428335568313,46.952221940186455
4.56,0.019,ANN (n_s=151),151,0,151,65,65,22.776486454235567,58.59187001623926,38.873117461386464
4.56,0.019,ANN (n_s=151),151,0,151,66,66,33.31178911360418,57.08094315847006,58.35886246855251
4.56,0.019,ANN (n_s=151),151,0,151,67,67,23.43280219699918,55.047099435236674,42.56864110445647
4.56,0.019,ANN (n_s=151),151,0,151,68,68,36.04978249478533,52.47381616463028,68.70051604724817
4.56,0.019,ANN (n_s=151),151,0,151,69,69,19.53372527174752,53.064898970320606,36.8110100099744
4.56,0.019,ANN (n_s=151),151,0,151,70,70,27.211910882775623,52.36574125290374,51.9651020527981
4.56,0.019,ANN (n_s=151),151,0,151,71,71,34.72872478709892,51.25996309204636,67.7501946787151
4.56,0.019,ANN (n_s=151),151,0,151,72,72,23.885261368472516,49.3101238564563,48.43885900186227
4.56,0.019,ANN (n_s=151),151,0,151,73,73,28.556031529988385,49.85744987335465,57.275355242847276
4.56,0.019,ANN (n_s=151),151,0,151,74,74,15.003357808686616,47.61811445363352,31.50766883744549
4.56,0.019,ANN (n_s=151),151,0,151,75,75,21.53326368002513,48.937388024041475,44.00166120318167
4.56,0.019,ANN (n_s=151),151,0,151,76,76,17.49632162317634,53.08534496928324,32.9588545262355
4.56,0.019,ANN (n_s=151),151,0,151,77,77,25.854532232160814,46.45745188454769,55.65206696314816
4.56,0.019,ANN (n_s=151),151,0,151,78,78,23.525538403324116,44.86899341820426,52.4316161587421
4.56,0.019,ANN (n_s=151),151,0,151,79,79,15.523073064054671,38.11450528648976,40.72746831521135
4.56,0.019,ANN (n_s=151),151,0,151,80,80,21.227630744909465,43.71260427504372,48.56180750829501
4.56,0.019,ANN (n_s=151),151,0,151,81,81,26.458737702878913,42.30656740299899,62.54049743823775
4.56,0.019,ANN (n_s=151),151,0,151,82,82,18.894212247353767,44.12734085716196,42.817472977837944
4.56,0.019,ANN (n_s=151),151,0,151,83,83,38.09645830565677,40.60859982988302,93.81376965778166
4.56,0.019,ANN (n_s=151),151,0,151,84,84,22.34155799692927,42.919189439208886,52.05493926807274
4.56,0.019,ANN (n_s=151),151,0,151,85,85,27.03331619981225,38.38730811000494,70.42253685083618
4.56,0.019,ANN (n_s=151),151,0,151,86,86,27.38317251005344,40.95189260220432,66.86668373558757
4.56,0.019,ANN (n_s=151),151,0,151,87,87,21.142885643003304,36.38449251974828,58.10960708474265
4.56,0.019,ANN (n_s=151),151,0,151,88,88,24.51580776469247,36.091072681941604,67.92762293529478
4.56,0.019,ANN (n_s=151),151,0,151,89,89,17.268749887906704,35.060728483570244,49.25382510519993
4.56,0.019,ANN (n_s=151),151,0,151,90,90,16.275418644557465,33.69457160661348,48.30279142460731
4.56,0.019,ANN (n_s=151),151,0,151,91,91,25.055308042096026,35.95122068644328,69.69250991676076
4.56,0.019,ANN (n_s=151),151,0,151,92,92,20.435391652712287,35.381411332147955,57.757423695940744
4.56,0.019,ANN (n_s=151),151,0,151,93,93,21.398773301604052,33.01805358305483,64.80931181414672
4.56,0.019,ANN (n_s=151),151,0,151,94,94,27.48282535667658,34.772571776805336,79.03592962027818
4.56,0.019,ANN (n_s=151),151,0,151,95,95,22.94684923055946,31.435906399745146,72.99566597114404
4.56,0.019,ANN (n_s=151),151,0,151,96,96,16.060826946359562,31.33279306754335,51.2588421713239
4.56,0.019,ANN (n_s=151),151,0,151,97,97,16.85501410550665,27.849895084166995,60.5209249606435
4.56,0.019,ANN (n_s=151),151,0,151,98,98,20.299947524717826,29.92972158716103,67.82538041859335
4.56,0.019,ANN (n_s=151),151,0,151,99,99,21.257584530842514,30.1478135489837,70.51119808839046
4.56,0.019,ANN (n_s=151),151,0,151,100,100,16.41985795357506,31.354532392893162,52.36837133408118
4.56,0.019,ANN (n_s=151),151,0,151,101,101,19.857157755306137,28.62045780564059,69.38099275055146
4.56,0.019,ANN (n_s=151),151,0,151,102,102,20.149785932696627,31.566989205861393,63.83182698005039
4.56,0.019,ANN (n_s=151),151,0,151,103,103,14.058644259430999,21.8865575711995,64.23415017960959
4.56,0.019,ANN (n_s=151),151,0,151,104,104,16.832745401248335,26.850312991560486,62.691058411643674
4.56,0.019,ANN (n_s=151),151,0,151,105,105,20.64354891052423,30.590366094950664,67.48382430745644
4.56,0.019,ANN (n_s=151),151,0,151,106,106,20.564259585130305,26.069442821531823,78.88262026124102
4.56,0.019,ANN (n_s=151),151,0,151,107,107,15.845637233889867,27.767327930083976,57.065761868725644
4.56,0.019,ANN (n_s=151),151,0,151,108,108,15.466285057117384,24.541593105325816,63.02070526041366
4.56,0.019,ANN (n_s=151),151,0,151,109,109,24.76060362203985,21.741589152495667,113.88589605096846
4.56,0.019,ANN (n_s=151),151,0,151,110,110,19.57573160949297,24.253844611081668,80.7118703174537
4.56,0.019,ANN (n_s=151),151,0,151,111,111,19.489199301068236,27.905179589247386,69.84079510664732
4.56,0.019,ANN (n_s=151),151,0,151,112,112,16.479104070128123,23.33779491032172,70.61123012457287
4.56,0.019,ANN (n_s=151),151,0,151,113,113,16.657519745545546,23.73418426398097,70.18366235078499
4.56,0.019,ANN (n_s=151),151,0,151,114,114,22.27742713332467,20.160269186301157,110.50163530783665
4.56,0.019,ANN (n_s=151),151,0,151,115,115,19.57788321823564,22.305282781307806,87.77240535431467
4.56,0.019,ANN (n_s=151),151,0,151,116,116,16.93025445356182,25.443310360427954,66.54108374157747
4.56,0.019,ANN (n_s=151),151,0,151,117,117,17.20420052719669,21.68879617974885,79.32298493938778
4.56,0.019,ANN (n_s=151),151,0,151,118,118,20.72042526107836,21.155517058638157,97.94336486149773
4.56,0.019,ANN (n_s=151),151,0,151,119,119,16.308883242971884,19.279051296957512,84.59380594908028
4.56,0.019,ANN (n_s=151),151,0,151,120,120,17.33141434417473,21.559895638698613,80.38728310477516
4.56,0.019,ANN (n_s=151),151,0,151,121,121,16.0184964648076,21.383069251224597,74.91205437633903
4.56,0.019,ANN (n_s=151),151,0,151,122,122,18.23019747537255,21.37762836234466,85.27698754219102
4.56,0.019,ANN (n_s=151),151,0,151,123,123,16.59154308043473,15.722715118468155,105.52594100586376
4.56,0.019,ANN (n_s=151),151,0,151,124,124,21.16936063092509,18.69280617185489,113.24870346539548
4.56,0.019,ANN (n_s=151),151,0,151,125,125,18.39872183507748,21.903760762898887,83.99800396944471
4.56,0.019,ANN (n_s=151),151,0,151,126,126,14.265594790205872,18.909949214485394,75.43962507989258
4.56,0.019,ANN (n_s=151),151,0,151,127,127,15.528475812050713,17.615384112532222,88.15292197348789
4.56,0.019,ANN (n_s=151),151,0,151,128,128,20.026835715920765,19.60508863150677,102.15121233237485
4.56,0.019,ANN (n_s=151),151,0,151,129,129,15.57137961829118,17.859552316526198,87.1879616147059
4.56,0.019,ANN (n_s=151),151,0,151,130,130,19.00652939505008,19.466229585289682,97.63847339709282
4.56,0.019,ANN (n_s=151),151,0,151,131,131,15.676555297052433,17.57946171176351,89.17539998714679
4.56,0.019,ANN (n_s=151),151,0,151,132,132,13.917414666049082,15.257611947355771,91.21620548529579
4.56,0.019,ANN (n_s=151),151,0,151,133,133,12.956023328869437,16.75457928903099,77.32825220715378
4.56,0.019,ANN (n_s=151),151,0,151,134,134,16.10873126796571,16.78426546334784,95.97519357128074
4.56,0.019,ANN (n_s=151),151,0,151,135,135,15.460510759605036,17.11457030572802,90.33537204513168
4.56,0.019,ANN (n_s=151),151,0,151,136,136,15.448513344824898,17.035204645083283,90.6858101601008
4.56,0.019,ANN (n_s=151),151,0,151,137,137,15.89351893691085,17.9197516359933,88.69274117051603
4.56,0.019,ANN (n_s=151),151,0,151,138,138,14.941099637945323,16.235626633855883,92.02662745883114
4.56,0.019,ANN (n_s=151),151,0,151,139,139,16.586409204849016,17.22903728809098,96.27008710645626
4.56,0.019,ANN (n_s=151),151,0,151,140,140,12.76803369651212,15.824668453549034,80.68436778938396
4.56,0.019,ANN (n_s=151),151,0,151,141,141,17.246927724354357,16.948029538207624,101.76361615061442
4.56,0.019,ANN (n_s=151),151,0,151,142,142,18.31606389295644,15.42511828795791,118.74180509367916
4.56,0.019,ANN (n_s=151),151,0,151,143,143,14.375280837293243,15.901846545412461,90.4000726974716
4.56,0.019,ANN (n_s=151),151,0,151,144,144,13.194355861076206,17.613641478811267,74.90986958573363
4.56,0.019,ANN (n_s=151),151,0,151,145,145,14.83333497096547,16.328543305556316,90.84297780511717
4.56,0.019,ANN (n_s=151),151,0,151,146,146,18.176421733249615,18.108926955065954,100.3727155029734
4.56,0.019,ANN (n_s=151),151,0,151,147,147,14.62937382087122,17.38036016948162,84.17186800627475
4.56,0.019,ANN (n_s=151),151,0,151,148,148,22.1953908907563,23.710264835378347,93.61089403623325
4.56,0.019,ANN (n_s=151),151,0,151,149,149,14.963453877022792,14.51822323832296,103.0667019744164
4.56,0.019,ANN (n_s=151),151,0,151,150,150,14.706326031019541,16.575135688990034,88.7252225680913
4.56,0.019,ANN (n_s=151),151,0,151,151,151,15.3026083115467,20.232553259908276,75.63359955102412
4.56,0.019,GPR (n_s=151),151,0,151,1,1,6250.753648115123,6216.832778314467,100.54562943881938
4.56,0.019,GPR (n_s=151),151,0,151,2,2,2830.147170257725,2828.8013958133733,100.04757401655498
4.56,0.019,GPR (n_s=151),151,0,151,3,3,2233.0354265107662,2199.4593194423887,101.5265618587067
4.56,0.019,GPR (n_s=151),151,0,151,4,4,1600.2464486839795,1578.319598818821,101.38925284090547
4.56,0.019,GPR (n_s=151),151,0,151,5,5,1472.933447571886,1423.3108371171943,103.486421178047
4.56,0.019,GPR (n_s=151),151,0,151,6,6,1138.5709050456767,1129.5147825159975,100.80177104982253
4.56,0.019,GPR (n_s=151),151,0,151,7,7,1105.9863331762538,1099.8310838942825,100.55965405707363
4.56,0.019,GPR (n_s=151),151,0,151,8,8,1006.5610139126227,1007.3659612332015,99.9200938535194
4.56,0.019,GPR (n_s=151),151,0,151,9,9,847.1318273773941,845.5183497907682,100.19082703373914
4.56,0.019,GPR (n_s=151),151,0,151,10,10,766.904891715664,766.3098839623528,100.07764584090114
4.56,0.019,GPR (n_s=151),151,0,151,11,11,652.7076686110038,651.6938510107866,100.15556654380653
4.56,0.019,GPR (n_s=151),151,0,151,12,12,589.8553070882281,589.107343234116,100.12696563074665
4.56,0.019,GPR (n_s=151),151,0,151,13,13,518.4624253680065,517.4791495039825,100.19001265364344
4.56,0.019,GPR (n_s=151),151,0,151,14,14,469.76808066859707,469.151731222723,100.13137528966752
4.56,0.019,GPR (n_s=151),151,0,151,15,15,430.35366878960605,429.2145841940655,100.26538813858792
4.56,0.019,GPR (n_s=151),151,0,151,16,16,391.1397678236182,390.7320219814855,100.1043543449715
4.56,0.019,GPR (n_s=151),151,0,151,17,17,372.6838986383781,371.30642379595724,100.37098061173803
4.56,0.019,GPR (n_s=151),151,0,151,18,18,337.41899615739356,337.1564944176357,100.07785753621957
4.56,0.019,GPR (n_s=151),151,0,151,19,19,327.33671164324886,325.7340343414989,100.492020216736
4.56,0.019,GPR (n_s=151),151,0,151,20,20,295.4243989137171,295.249986416062,100.05907282156801
4.56,0.019,GPR (n_s=151),151,0,151,21,21,286.78758323240186,285.15477504054377,100.57260419069817
4.56,0.019,GPR (n_s=151),151,0,151,22,22,261.1766174965172,261.07002235009236,100.04083009817263
4.56,0.019,GPR (n_s=151),151,0,151,23,23,250.03955327418674,248.7434360698395,100.5210658921602
4.56,0.019,GPR (n_s=151),151,0,151,24,24,232.09970230008605,232.03534030870765,100.02773801236174
4.56,0.019,GPR (n_s=151),151,0,151,25,25,217.9531765976668,217.23156713702488,100.33218443808711
4.56,0.019,GPR (n_s=151),151,0,151,26,26,206.61856765962162,206.57590628041444,100.02065167229583
4.56,0.019,GPR (n_s=151),151,0,151,27,27,192.11673954429295,191.8455867395503,100.14133908908249
4.56,0.019,GPR (n_s=151),151,0,151,28,28,183.54448567647998,183.51579708141912,100.0156327659619
4.56,0.019,GPR (n_s=151),151,0,151,29,29,167.92846769250718,167.8838396102995,100.02658271475758
4.56,0.019,GPR (n_s=151),151,0,151,30,30,154.75202836280562,154.7634027050166,99.99265049616888
4.56,0.019,GPR (n_s=151),151,0,151,31,31,146.0613545161105,146.08320317664348,99.9850436873933
4.56,0.019,GPR (n_s=151),151,0,151,32,32,152.31811899769684,152.31775516987844,100.00023886106908
4.56,0.019,GPR (n_s=151),151,0,151,33,33,143.05142598374002,143.05535235874785,99.99725534561055
4.56,0.019,GPR (n_s=151),151,0,151,34,34,125.0772122607814,124.87878019552873,100.1588997465718
4.56,0.019,GPR (n_s=151),151,0,151,35,35,122.70460697185928,122.6115262171799,100.07591517498486
4.56,0.019,GPR (n_s=151),151,0,151,36,36,104.58550540196649,104.02278528336822,100.54095851891041
4.56,0.019,GPR (n_s=151),151,0,151,37,37,107.04376388066513,106.84262675505808,100.18825550411462
4.56,0.019,GPR (n_s=151),151,0,151,38,38,122.24918984581348,122.19439223863257,100.04484461698854
4.56,0.019,GPR (n_s=151),151,0,151,39,39,110.97166955618009,110.77826605297325,100.17458614410371
4.56,0.019,GPR (n_s=151),151,0,151,40,40,106.28889164801387,106.27015411982703,100.01763197611035
4.56,0.019,GPR (n_s=151),151,0,151,41,41,107.71149699537526,107.5519443432549,100.14834938884148
4.56,0.019,GPR (n_s=151),151,0,151,42,42,106.128038078131,106.12795411190513,100.00007911791627
4.56,0.019,GPR (n_s=151),151,0,151,43,43,92.08822531148628,92.1181977931698,99.96746301772987
4.56,0.019,GPR (n_s=151),151,0,151,44,44,99.78990739030901,99.73656689753918,100.05348138042955
4.56,0.019,GPR (n_s=151),151,0,151,45,45,94.70744690465769,94.70390580674804,100.00373912551913
4.56,0.019,GPR (n_s=151),151,0,151,46,46,86.9733104621487,86.97475950670842,99.99833394818458
4.56,0.019,GPR (n_s=151),151,0,151,47,47,86.84598362876493,86.82296561844338,100.02651143065385
4.56,0.019,GPR (n_s=151),151,0,151,48,48,85.78977297172615,85.78800427195256,100.00206170989591
4.56,0.019,GPR (n_s=151),151,0,151,49,49,82.5879420092617,82.6164074553664,99.96554504488702
4.56,0.019,GPR (n_s=151),151,0,151,50,50,76.45487364934002,76.44357202821938,100.01478426612046
4.56,0.019,GPR (n_s=151),151,0,151,51,51,80.03109245221084,80.0419801270798,99.98639754432403
4.56,0.019,GPR (n_s=151),151,0,151,52,52,72.94212348895802,72.95290337468802,99.98522350005094
4.56,0.019,GPR (n_s=151),151,0,151,53,53,76.78811886236907,76.78509512378666,100.00393792386079
4.56,0.019,GPR (n_s=151),151,0,151,54,54,71.94510705192155,71.9428553152084,100.00312989622566
4.56,0.019,GPR (n_s=151),151,0,151,55,55,72.68760747349285,72.70191755692801,99.98031677304253
4.56,0.019,GPR (n_s=151),151,0,151,56,56,69.9946911568315,69.99467686602763,100.0000204169867
4.56,0.019,GPR (n_s=151),151,0,151,57,57,72.8129444567625,72.79905206979346,100.01908319761597
4.56,0.019,GPR (n_s=151),151,0,151,58,58,67.47788797246046,67.45129978632069,100.03941834512308
4.56,0.019,GPR (n_s=151),151,0,151,59,59,69.51114228259085,69.51842971275073,99.98951726874444
4.56,0.019,GPR (n_s=151),151,0,151,60,60,64.52495191543893,64.49922125872774,100.03989297267323
4.56,0.019,GPR (n_s=151),151,0,151,61,61,72.71764022194331,72.72548181037921,99.98921755038167
4.56,0.019,GPR (n_s=151),151,0,151,62,62,64.90202526802156,64.90745376226248,99.99163656263455
4.56,0.019,GPR (n_s=151),151,0,151,63,63,60.40412959830354,60.38031151006408,100.03944677932887
4.56,0.019,GPR (n_s=151),151,0,151,64,64,57.15828725162541,57.14428335568313,100.02450620625534
4.56,0.019,GPR (n_s=151),151,0,151,65,65,58.588498113713754,58.59187001623926,99.99424510171023
4.56,0.019,GPR (n_s=151),151,0,151,66,66,57.10323003448643,57.08094315847006,100.03904433736228
4.56,0.019,GPR (n_s=151),151,0,151,67,67,55.05200411978998,55.047099435236674,100.00890997818891
4.56,0.019,GPR (n_s=151),151,0,151,68,68,52.46357557090257,52.47381616463028,99.98048437396743
4.56,0.019,GPR (n_s=151),151,0,151,69,69,53.070934949503986,53.064898970320606,100.01137471153343
4.56,0.019,GPR (n_s=151),151,0,151,70,70,52.36852443673317,52.36574125290374,100.00531489436193
4.56,0.019,GPR (n_s=151),151,0,151,71,71,51.26301416402887,51.25996309204636,100.00595215407593
4.56,0.019,GPR (n_s=151),151,0,151,72,72,49.30127461706895,49.3101238564563,99.98205390963301
4.56,0.019,GPR (n_s=151),151,0,151,73,73,49.84619345350049,49.85744987335465,99.97742279261624
4.56,0.019,GPR (n_s=151),151,0,151,74,74,47.650923058260815,47.61811445363352,100.06889941990299
4.56,0.019,GPR (n_s=151),151,0,151,75,75,49.01971703930427,48.937388024041475,100.16823336632177
4.56,0.019,GPR (n_s=151),151,0,151,76,76,53.25498037871397,53.08534496928324,100.3195522408847
4.56,0.019,GPR (n_s=151),151,0,151,77,77,46.461156642562834,46.45745188454769,100.00797451832777
4.56,0.019,GPR (n_s=151),151,0,151,78,78,44.862641803013965,44.86899341820426,99.98584408807415
4.56,0.019,GPR (n_s=151),151,0,151,79,79,38.08132640381553,38.11450528648976,99.91294945998948
4.56,0.019,GPR (n_s=151),151,0,151,80,80,43.7051129878465,43.71260427504372,99.98286240931772
4.56,0.019,GPR (n_s=151),151,0,151,81,81,42.300239961201044,42.30656740299899,99.98504383081313
4.56,0.019,GPR (n_s=151),151,0,151,82,82,44.126818404868516,44.12734085716196,99.99881603494954
4.56,0.019,GPR (n_s=151),151,0,151,83,83,40.608492953643,40.60859982988302,99.9997368137772
4.56,0.019,GPR (n_s=151),151,0,151,84,84,42.9204189819795,42.919189439208886,100.00286478562778
4.56,0.019,GPR (n_s=151),151,0,151,85,85,38.387270682917176,38.38730811000494,99.99990250140058
4.56,0.019,GPR (n_s=151),151,0,151,86,86,40.94217339004048,40.95189260220432,99.97626675705017
4.56,0.019,GPR (n_s=151),151,0,151,87,87,36.384519511441994,36.38449251974828,100.00007418460956
4.56,0.019,GPR (n_s=151),151,0,151,88,88,36.09893643909677,36.091072681941604,100.02178864902261
4.56,0.019,GPR (n_s=151),151,0,151,89,89,35.037488186737555,35.060728483570244,99.93371416442879
4.56,0.019,GPR (n_s=151),151,0,151,90,90,33.70393793420968,33.69457160661348,100.02779773461894
4.56,0.019,GPR (n_s=151),151,0,151,91,91,35.951305147055805,35.95122068644328,100.00023493113979
4.56,0.019,GPR (n_s=151),151,0,151,92,92,35.3808061158807,35.381411332147955,99.99828945131223
4.56,0.019,GPR (n_s=151),151,0,151,93,93,33.01832981963752,33.01805358305483,100.00083662285542
4.56,0.019,GPR (n_s=151),151,0,151,94,94,34.77999470069457,34.772571776805336,100.02134706612121
4.56,0.019,GPR (n_s=151),151,0,151,95,95,31.437172471579487,31.435906399745146,100.00402747042901
4.56,0.019,GPR (n_s=151),151,0,151,96,96,31.32906935192139,31.33279306754335,99.98811559628938
4.56,0.019,GPR (n_s=151),151,0,151,97,97,27.836621819076594,27.849895084166995,99.95233998171165
4.56,0.019,GPR (n_s=151),151,0,151,98,98,29.927490807946207,29.92972158716103,99.99254660886729
4.56,0.019,GPR (n_s=151),151,0,151,99,99,30.146785820759522,30.1478135489837,99.99659103562351
4.56,0.019,GPR (n_s=151),151,0,151,100,100,31.356812226882646,31.354532392893162,100.00727114651532
4.56,0.019,GPR (n_s=151),151,0,151,101,101,28.61832754815362,28.62045780564059,99.99255687137698
4.56,0.019,GPR (n_s=151),151,0,151,102,102,31.56699130264153,31.566989205861393,100.00000664231905
4.56,0.019,GPR (n_s=151),151,0,151,103,103,21.896189195491303,21.8865575711995,100.0440070315328
4.56,0.019,GPR (n_s=151),151,0,151,104,104,26.849232378691447,26.850312991560486,99.99597541797975
4.56,0.019,GPR (n_s=151),151,0,151,105,105,30.590436574648237,30.590366094950664,100.00023039834619
4.56,0.019,GPR (n_s=151),151,0,151,106,106,26.068168614083948,26.069442821531823,99.99511225668842
4.56,0.019,GPR (n_s=151),151,0,151,107,107,27.767704921485514,27.767327930083976,100.00135767979724
4.56,0.019,GPR (n_s=151),151,0,151,108,108,24.54192996999739,24.541593105325816,100.00137262756387
4.56,0.019,GPR (n_s=151),151,0,151,109,109,21.755773736494678,21.741589152495667,100.06524170749213
4.56,0.019,GPR (n_s=151),151,0,151,110,110,24.25502563781895,24.253844611081668,100.00486944134515
4.56,0.019,GPR (n_s=151),151,0,151,111,111,27.905929198740584,27.905179589247386,100.00268627367474
4.56,0.019,GPR (n_s=151),151,0,151,112,112,23.338540540811398,23.33779491032172,100.00319494833398
4.56,0.019,GPR (n_s=151),151,0,151,113,113,23.731970905333792,23.73418426398097,99.99067438500282
4.56,0.019,GPR (n_s=151),151,0,151,114,114,20.169932252937837,20.160269186301157,100.04793123815652
4.56,0.019,GPR (n_s=151),151,0,151,115,115,22.305829727980324,22.305282781307806,100.00245209477002
4.56,0.019,GPR (n_s=151),151,0,151,116,116,25.44318932569356,25.443310360427954,99.99952429643518
4.56,0.019,GPR (n_s=151),151,0,151,117,117,21.689014668862164,21.68879617974885,100.00100738238999
4.56,0.019,GPR (n_s=151),151,0,151,118,118,21.15384058489858,21.155517058638157,99.9920754773569
4.56,0.019,GPR (n_s=151),151,0,151,119,119,19.28382477417435,19.279051296957512,100.02475991760856
4.56,0.019,GPR (n_s=151),151,0,151,120,120,21.566023225790534,21.559895638698613,100.02842122798093
4.56,0.019,GPR (n_s=151),151,0,151,121,121,21.383519677550254,21.383069251224597,100.00210646245571
4.56,0.019,GPR (n_s=151),151,0,151,122,122,21.377552357601555,21.37762836234466,99.99964446597248
4.56,0.019,GPR (n_s=151),151,0,151,123,123,15.720902835064791,15.722715118468155,99.98847347045528
4.56,0.019,GPR (n_s=151),151,0,151,124,124,18.694959896692044,18.69280617185489,100.01152167746967
4.56,0.019,GPR (n_s=151),151,0,151,125,125,21.90477387553605,21.903760762898887,100.00462529082623
4.56,0.019,GPR (n_s=151),151,0,151,126,126,18.90967939200033,18.909949214485394,99.99857311893331
4.56,0.019,GPR (n_s=151),151,0,151,127,127,17.616132225635752,17.615384112532222,100.00424693040328
4.56,0.019,GPR (n_s=151),151,0,151,128,128,19.60514118485854,19.60508863150677,100.000268059751
4.56,0.019,GPR (n_s=151),151,0,151,129,129,17.860329466455628,17.859552316526198,100.00435145246452
4.56,0.019,GPR (n_s=151),151,0,151,130,130,19.46635428741471,19.466229585289682,100.00064060749146
4.56,0.019,GPR (n_s=151),151,0,151,131,131,17.579118666216456,17.57946171176351,99.9980486003913
4.56,0.019,GPR (n_s=151),151,0,151,132,132,15.258902623248643,15.257611947355771,100.00845922610515
4.56,0.019,GPR (n_s=151),151,0,151,133,133,16.75447695306137,16.75457928903099,99.99938920597258
4.56,0.019,GPR (n_s=151),151,0,151,134,134,16.783802842262816,16.78426546334784,99.99724372159132
4.56,0.019,GPR (n_s=151),151,0,151,135,135,17.11496786173506,17.11457030572802,100.00232290966083
4.56,0.019,GPR (n_s=151),151,0,151,136,136,17.034707358160688,17.035204645083283,99.99708082800908
4.56,0.019,GPR (n_s=151),151,0,151,137,137,17.918209349989294,17.9197516359933,99.99139337399683
4.56,0.019,GPR (n_s=151),151,0,151,138,138,16.23587792969726,16.235626633855883,100.00154780500343
4.56,0.019,GPR (n_s=151),151,0,151,139,139,17.227255247979475,17.22903728809098,99.98965676327872
4.56,0.019,GPR (n_s=151),151,0,151,140,140,15.824250878911313,15.824668453549034,99.99736124242382
4.56,0.019,GPR (n_s=151),151,0,151,141,141,16.94743723258397,16.948029538207624,99.9965051652623
4.56,0.019,GPR (n_s=151),151,0,151,142,142,15.418410273563243,15.42511828795791,99.95651239575969
4.56,0.019,GPR (n_s=151),151,0,151,143,143,15.901633704716442,15.901846545412461,99.9986615347129
4.56,0.019,GPR (n_s=151),151,0,151,144,144,17.613556740958323,17.613641478811267,99.99951890781331
4.56,0.019,GPR (n_s=151),151,0,151,145,145,16.32556149042393,16.328543305556316,99.9817386335291
4.56,0.019,GPR (n_s=151),151,0,151,146,146,18.10117853082287,18.108926955065954,99.95721212934203
4.56,0.019,GPR (n_s=151),151,0,151,147,147,17.379404833387397,17.38036016948162,99.99450335847528
4.56,0.019,GPR (n_s=151),151,0,151,148,148,23.708181983136733,23.710264835378347,99.99121539866351
4.56,0.019,GPR (n_s=151),151,0,151,149,149,14.51809997913204,14.51822323832296,99.99915100361184
4.56,0.019,GPR (n_s=151),151,0,151,150,150,16.57428261055819,16.575135688990034,99.9948532642637
4.56,0.019,GPR (n_s=151),151,0,151,151,151,20.225108592867524,20.232553259908276,99.96320451034966
5.19,0.026,ANN (n_s=131),151,20,131,21,1,126.43827578148111,321.4080617432044,39.338862595954915
5.19,0.026,ANN (n_s=131),151,20,131,22,2,128.96694255199307,303.53892341882516,42.48777754740981
5.19,0.026,ANN (n_s=131),151,20,131,23,3,138.51981074867416,285.73849425036923,48.47782624181556
5.19,0.026,ANN (n_s=131),151,20,131,24,4,132.09366162728364,270.516841811625,48.830106378096545
5.19,0.026,ANN (n_s=131),151,20,131,25,5,132.24387184089383,256.05593171223825,51.64647854731701
5.19,0.026,ANN (n_s=131),151,20,131,26,6,133.94503086401292,241.9483977189372,55.360991073647064
5.19,0.026,ANN (n_s=131),151,20,131,27,7,138.67721549948368,229.98422541891742,60.29857710757442
5.19,0.026,ANN (n_s=131),151,20,131,28,8,121.63847956068619,214.2335052809222,56.77845741317769
5.19,0.026,ANN (n_s=131),151,20,131,29,9,119.58743726862092,200.51781233085399,59.63930878684328
5.19,0.026,ANN (n_s=131),151,20,131,30,10,113.10047873116878,171.79774971117428,65.83350417645916
5.19,0.026,ANN (n_s=131),151,20,131,31,11,98.34533789902424,167.94716316568724,58.55730817078599
5.19,0.026,ANN (n_s=131),151,20,131,32,12,119.71643050438819,180.3554540022621,66.37804837489786
5.19,0.026,ANN (n_s=131),151,20,131,33,13,120.39372059145715,171.94730620018265,70.01779978529798
5.19,0.026,ANN (n_s=131),151,20,131,34,14,109.03526151775971,145.71103543943406,74.82978978835207
5.19,0.026,ANN (n_s=131),151,20,131,35,15,101.37747309104556,140.5225612870602,72.14320046725533
5.19,0.026,ANN (n_s=131),151,20,131,36,16,91.43730787666654,137.24629445639363,66.62278806056824
5.19,0.026,ANN (n_s=131),151,20,131,37,17,96.38925695434259,138.0435761513664,69.82523898732573
5.19,0.026,ANN (n_s=131),151,20,131,38,18,115.8480195769152,146.03732029286826,79.32768099591914
5.19,0.026,ANN (n_s=131),151,20,131,39,19,87.03556540459705,135.86676701639803,64.05949542767331
5.19,0.026,ANN (n_s=131),151,20,131,40,20,89.29346805354297,127.65158205097744,69.95092941181393
5.19,0.026,ANN (n_s=131),151,20,131,41,21,96.47038540991574,130.33665815961487,74.01631035512258
5.19,0.026,ANN (n_s=131),151,20,131,42,22,90.38299933438454,126.81211734919951,71.27315687466917
5.19,0.026,ANN (n_s=131),151,20,131,43,23,83.29895944178196,105.58040802709546,78.89622800132072
5.19,0.026,ANN (n_s=131),151,20,131,44,24,96.41353891767073,117.08055333388388,82.34803831403488
5.19,0.026,ANN (n_s=131),151,20,131,45,25,77.88189081432431,113.91509496190776,68.36836754634436
5.19,0.026,ANN (n_s=131),151,20,131,46,26,84.85898766188441,98.48459124167363,86.16473561193646
5.19,0.026,ANN (n_s=131),151,20,131,47,27,80.70662484280325,100.5931724258346,80.23071834453445
5.19,0.026,ANN (n_s=131),151,20,131,48,28,71.74563449266154,103.02677121042784,69.63785591817111
5.19,0.026,ANN (n_s=131),151,20,131,49,29,84.42691428860094,93.9621387136268,89.85205684378168
5.19,0.026,ANN (n_s=131),151,20,131,50,30,76.08570115239347,83.79536033104449,90.79941998197393
5.19,0.026,ANN (n_s=131),151,20,131,51,31,73.56885270319447,91.49195826914851,80.4101847801439
5.19,0.026,ANN (n_s=131),151,20,131,52,32,57.40291021974313,76.11535390069764,75.41567801764762
5.19,0.026,ANN (n_s=131),151,20,131,53,33,68.97913461171841,82.90002953331698,83.20761162575478
5.19,0.026,ANN (n_s=131),151,20,131,54,34,65.0027997370272,81.39275244331242,79.86313005239585
5.19,0.026,ANN (n_s=131),151,20,131,55,35,62.740567601811414,66.8494548367059,93.85352170046663
5.19,0.026,ANN (n_s=131),151,20,131,56,36,70.33916759465637,82.54484207233762,85.21328023502076
5.19,0.026,ANN (n_s=131),151,20,131,57,37,58.33442610326804,65.50684518697635,89.05088611238098
5.19,0.026,ANN (n_s=131),151,20,131,58,38,70.41744402585678,69.56064152246937,101.23173461980026
5.19,0.026,ANN (n_s=131),151,20,131,59,39,61.713332705970764,78.66341074074982,78.45239880248613
5.19,0.026,ANN (n_s=131),151,20,131,60,40,55.135779862751924,58.56090934675932,94.15116752418236
5.19,0.026,ANN (n_s=131),151,20,131,61,41,56.302614357878994,62.90667650560705,89.501810436386
5.19,0.026,ANN (n_s=131),151,20,131,62,42,59.03391106093455,56.84411362806845,103.85228529939612
5.19,0.026,ANN (n_s=131),151,20,131,63,43,60.793264289826276,70.73750486299025,85.94205352249173
5.19,0.026,ANN (n_s=131),151,20,131,64,44,67.83932511205882,57.86106505657494,117.24520633301066
5.19,0.026,ANN (n_s=131),151,20,131,65,45,63.31845999507996,60.44565701195135,104.75270370964883
5.19,0.026,ANN (n_s=131),151,20,131,66,46,72.6525832469757,55.31269021185489,131.3488513552798
5.19,0.026,ANN (n_s=131),151,20,131,67,47,64.21067354277922,62.122795815747686,103.36088822084578
5.19,0.026,ANN (n_s=131),151,20,131,68,48,54.36524802138741,50.63743707445537,107.36176860896575
5.19,0.026,ANN (n_s=131),151,20,131,69,49,51.89458976518799,59.85497444450377,86.7005461898635
5.19,0.026,ANN (n_s=131),151,20,131,70,50,55.08061015264869,50.37005662221374,109.3518924661235
5.19,0.026,ANN (n_s=131),151,20,131,71,51,61.462574645011806,54.48639968161455,112.80351611440982
5.19,0.026,ANN (n_s=131),151,20,131,72,52,56.62818952790321,56.432029194128006,100.34760460783788
5.19,0.026,ANN (n_s=131),151,20,131,73,53,52.72287189269765,43.82352844561383,120.30722710547631
5.19,0.026,ANN (n_s=131),151,20,131,74,54,48.85172812926268,53.64230813745567,91.06939992977675
5.19,0.026,ANN (n_s=131),151,20,131,75,55,41.94445099596226,41.50393382422283,101.06138655098357
5.19,0.026,ANN (n_s=131),151,20,131,76,56,40.1191038019093,42.766952244328046,93.80865761185981
5.19,0.026,ANN (n_s=131),151,20,131,77,57,59.61803224199501,51.37392338139412,116.0472635103174
5.19,0.026,ANN (n_s=131),151,20,131,78,58,44.7945865774215,44.38536358195794,100.92197734216579
5.19,0.026,ANN (n_s=131),151,20,131,79,59,44.26889039264384,44.25586856626322,100.02942395393535
5.19,0.026,ANN (n_s=131),151,20,131,80,60,46.80787616337014,45.951741545944,101.86311680172153
5.19,0.026,ANN (n_s=131),151,20,131,81,61,53.935512894465006,45.50764215381558,118.5196822814139
5.19,0.026,ANN (n_s=131),151,20,131,82,62,44.721117926754715,44.489196712142984,100.52129782453102
5.19,0.026,ANN (n_s=131),151,20,131,83,63,55.625405954097815,45.2666458421541,122.88386939042262
5.19,0.026,ANN (n_s=131),151,20,131,84,64,51.23669334345803,40.15083365131819,127.61053428781268
5.19,0.026,ANN (n_s=131),151,20,131,85,65,45.930794776875494,44.84274889102239,102.42635858140028
5.19,0.026,ANN (n_s=131),151,20,131,86,66,66.56102590946726,39.88212134658784,166.8943969430101
5.19,0.026,ANN (n_s=131),151,20,131,87,67,46.5378734012457,43.12523048025807,107.91333259667998
5.19,0.026,ANN (n_s=131),151,20,131,88,68,45.37871548382136,40.91087417172279,110.9209138219459
5.19,0.026,ANN (n_s=131),151,20,131,89,69,39.16587348035625,35.033651300551924,111.79500858861155
5.19,0.026,ANN (n_s=131),151,20,131,90,70,43.77222576111028,37.57573406596803,116.49067369985022
5.19,0.026,ANN (n_s=131),151,20,131,91,71,47.14339512447135,40.02217626132707,117.793182501236
5.19,0.026,ANN (n_s=131),151,20,131,92,72,61.86131193791507,36.400349468250326,169.9470275467347
5.19,0.026,ANN (n_s=131),151,20,131,93,73,71.56455467794987,39.61678216010402,180.6420177911844
5.19,0.026,ANN (n_s=131),151,20,131,94,74,51.55432333287985,32.86986873753626,156.8437152716907
5.19,0.026,ANN (n_s=131),151,20,131,95,75,55.10887707516523,37.78910268080719,145.83272204331706
5.19,0.026,ANN (n_s=131),151,20,131,96,76,46.25934344365957,34.61836463174062,133.6265994530708
5.19,0.026,ANN (n_s=131),151,20,131,97,77,45.38547894331637,33.97336882914457,133.59134082805988
5.19,0.026,ANN (n_s=131),151,20,131,98,78,42.27233467538199,34.05115412605277,124.14361791936778
5.19,0.026,ANN (n_s=131),151,20,131,99,79,32.59600967886887,31.4957531138529,103.49334896371168
5.19,0.026,ANN (n_s=131),151,20,131,100,80,44.35882931656484,32.83098827707843,135.1126836091461
5.19,0.026,ANN (n_s=131),151,20,131,101,81,42.691793848452406,31.93922316859327,133.66572387531465
5.19,0.026,ANN (n_s=131),151,20,131,102,82,46.18818462665141,30.911988988449874,149.41835235484012
5.19,0.026,ANN (n_s=131),151,20,131,103,83,27.148658818744156,31.31431328855724,86.69728302381364
5.19,0.026,ANN (n_s=131),151,20,131,104,84,51.87815875962126,31.616100130540453,164.0877861134685
5.19,0.026,ANN (n_s=131),151,20,131,105,85,45.967192966592606,27.90008829288793,164.75644264649225
5.19,0.026,ANN (n_s=131),151,20,131,106,86,33.11075176559268,30.75964435601618,107.64348047189516
5.19,0.026,ANN (n_s=131),151,20,131,107,87,48.92254881549203,29.269936775112562,167.1426528570077
5.19,0.026,ANN (n_s=131),151,20,131,108,88,37.524122940830495,30.049837999625783,124.87296251413332
5.19,0.026,ANN (n_s=131),151,20,131,109,89,28.84197573527762,27.093609047254393,106.45305940959683
5.19,0.026,ANN (n_s=131),151,20,131,110,90,49.62923507750482,28.619446213578144,173.41088540685615
5.19,0.026,ANN (n_s=131),151,20,131,111,91,48.14293805871568,25.77014994436286,186.8166780661158
5.19,0.026,ANN (n_s=131),151,20,131,112,92,36.36778075094298,27.93131940118107,130.204306601446
5.19,0.026,ANN (n_s=131),151,20,131,113,93,33.46397314939476,27.379097107829605,122.2245314284855
5.19,0.026,ANN (n_s=131),151,20,131,114,94,36.595662041890535,24.16613616632691,151.43364992241882
5.19,0.026,ANN (n_s=131),151,20,131,115,95,44.12487333065821,27.024757980473964,163.2757390927959
5.19,0.026,ANN (n_s=131),151,20,131,116,96,32.25673941696605,24.74561956757451,130.3533311375794
5.19,0.026,ANN (n_s=131),151,20,131,117,97,41.840155775447094,25.88731572483552,161.6241568657769
5.19,0.026,ANN (n_s=131),151,20,131,118,98,33.60264939880784,25.886067826177598,129.80978657881272
5.19,0.026,ANN (n_s=131),151,20,131,119,99,31.627821835710787,24.775193339978994,127.65923317608953
5.19,0.026,ANN (n_s=131),151,20,131,120,100,25.559436567107486,22.746101390014726,112.36842801697782
5.19,0.026,ANN (n_s=131),151,20,131,121,101,32.67016462505141,23.99330009939237,136.16369773943177
5.19,0.026,ANN (n_s=131),151,20,131,122,102,40.79805937861332,23.9344161940228,170.45771682035812
5.19,0.026,ANN (n_s=131),151,20,131,123,103,26.55222825942459,24.337634894317063,109.09946005322253
5.19,0.026,ANN (n_s=131),151,20,131,124,104,35.111991144030384,23.05752018956359,152.27999739504924
5.19,0.026,ANN (n_s=131),151,20,131,125,105,32.26408389394019,21.58864466951412,149.4493257351219
5.19,0.026,ANN (n_s=131),151,20,131,126,106,34.21644938110975,23.290961289575943,146.90870400623436
5.19,0.026,ANN (n_s=131),151,20,131,127,107,35.065723548189574,24.421714394648895,143.58420126259816
5.19,0.026,ANN (n_s=131),151,20,131,128,108,32.373351225871616,20.090073407786733,161.14103004384242
5.19,0.026,ANN (n_s=131),151,20,131,129,109,28.092820010842644,21.39963514821596,131.27709802652723
5.19,0.026,ANN (n_s=131),151,20,131,130,110,20.38151707923679,20.173166514307635,101.03281041566471
5.19,0.026,ANN (n_s=131),151,20,131,131,111,31.045741338323573,21.15340052755509,146.76477806905046
5.19,0.026,ANN (n_s=131),151,20,131,132,112,33.07135008122166,23.14843213943586,142.86647960438336
5.19,0.026,ANN (n_s=131),151,20,131,133,113,30.959330422956178,20.55393498248822,150.62483387893008
5.19,0.026,ANN (n_s=131),151,20,131,134,114,30.538747321214004,20.266205739644583,150.68803560734787
5.19,0.026,ANN (n_s=131),151,20,131,135,115,31.24355754390932,21.59584095667279,144.67395646500873
5.19,0.026,ANN (n_s=131),151,20,131,136,116,28.313038444233683,20.192611454874363,140.2148429761377
5.19,0.026,ANN (n_s=131),151,20,131,137,117,24.68104660108005,19.746662848945174,124.98844381899427
5.19,0.026,ANN (n_s=131),151,20,131,138,118,39.49341023263211,19.635987973610185,201.12769617555958
5.19,0.026,ANN (n_s=131),151,20,131,139,119,33.750764051436974,21.06030116944417,160.2577464580851
5.19,0.026,ANN (n_s=131),151,20,131,140,120,26.76185313119275,19.993742328114976,133.85114548345726
5.19,0.026,ANN (n_s=131),151,20,131,141,121,37.439516628105714,22.578649379644993,165.81822941924077
5.19,0.026,ANN (n_s=131),151,20,131,142,122,30.406022282937958,21.1111639605217,144.02816604426846
5.19,0.026,ANN (n_s=131),151,20,131,143,123,20.047580310326477,19.91723980029029,100.65441050739514
5.19,0.026,ANN (n_s=131),151,20,131,144,124,36.669667579649115,21.75887628584279,168.52739589088014
5.19,0.026,ANN (n_s=131),151,20,131,145,125,34.016442747563936,20.30185140782979,167.55340222047363
5.19,0.026,ANN (n_s=131),151,20,131,146,126,31.405202529140162,23.071780710670645,136.11954327658518
5.19,0.026,ANN (n_s=131),151,20,131,147,127,22.852783120149454,21.01944852411673,108.72208704205175
5.19,0.026,ANN (n_s=131),151,20,131,148,128,35.93355981265732,20.95288542266516,171.49695179350937
5.19,0.026,ANN (n_s=131),151,20,131,149,129,29.917146856681008,21.78884472378581,137.30487887695085
5.19,0.026,ANN (n_s=131),151,20,131,150,130,28.857498889614607,20.79041216261041,138.80195670921856
5.19,0.026,ANN (n_s=131),151,20,131,151,131,36.50524308662828,19.739660609829738,184.9334890208285
5.19,0.026,GPR (n_s=131),151,20,131,21,1,320.2592970416072,321.4080617432044,99.64258373129576
5.19,0.026,GPR (n_s=131),151,20,131,22,2,303.4810242029241,303.53892341882516,99.98092527467354
5.19,0.026,GPR (n_s=131),151,20,131,23,3,284.77880929947185,285.73849425036923,99.66413872467022
5.19,0.026,GPR (n_s=131),151,20,131,24,4,270.49860161813314,270.516841811625,99.99325727989071
5.19,0.026,GPR (n_s=131),151,20,131,25,5,255.45828765394432,256.05593171223825,99.76659628453147
5.19,0.026,GPR (n_s=131),151,20,131,26,6,241.95405025265978,241.9483977189372,100.00233625590245
5.19,0.026,GPR (n_s=131),151,20,131,27,7,229.70818244434716,229.98422541891742,99.87997308334194
5.19,0.026,GPR (n_s=131),151,20,131,28,8,214.26866682130395,214.2335052809222,100.01641271767255
5.19,0.026,GPR (n_s=131),151,20,131,29,9,200.4648193269196,200.51781233085399,99.97357192195626
5.19,0.026,GPR (n_s=131),151,20,131,30,10,171.8810239311316,171.79774971117428,100.04847224139858
5.19,0.026,GPR (n_s=131),151,20,131,31,11,167.96870873496027,167.94716316568724,100.01282877832939
5.19,0.026,GPR (n_s=131),151,20,131,32,12,180.35049881086366,180.3554540022621,99.99725254141836
5.19,0.026,GPR (n_s=131),151,20,131,33,13,171.95524456627365,171.94730620018265,100.00461674350498
5.19,0.026,GPR (n_s=131),151,20,131,34,14,145.7402734695115,145.71103543943406,100.02006576234206
5.19,0.026,GPR (n_s=131),151,20,131,35,15,140.44487312605852,140.5225612870602,99.94471481284562
5.19,0.026,GPR (n_s=131),151,20,131,36,16,137.67736029352903,137.24629445639363,100.31408194942004
5.19,0.026,GPR (n_s=131),151,20,131,37,17,138.36797535399677,138.0435761513664,100.23499768093131
5.19,0.026,GPR (n_s=131),151,20,131,38,18,146.02275179344042,146.03732029286826,99.99002412575182
5.19,0.026,GPR (n_s=131),151,20,131,39,19,135.84086630718426,135.86676701639803,99.98093668541429
5.19,0.026,GPR (n_s=131),151,20,131,40,20,127.65140927602464,127.65158205097744,99.99986465114648
5.19,0.026,GPR (n_s=131),151,20,131,41,21,130.32690253994932,130.33665815961487,99.99251506076394
5.19,0.026,GPR (n_s=131),151,20,131,42,22,126.81203892110958,126.81211734919951,99.99993815410421
5.19,0.026,GPR (n_s=131),151,20,131,43,23,105.6586773340745,105.58040802709546,100.0741324157025
5.19,0.026,GPR (n_s=131),151,20,131,44,24,117.04534746407974,117.08055333388388,99.96993021573468
5.19,0.026,GPR (n_s=131),151,20,131,45,25,113.91507321634124,113.91509496190776,99.99998091072433
5.19,0.026,GPR (n_s=131),151,20,131,46,26,98.49588573603792,98.48459124167363,100.0114682857713
5.19,0.026,GPR (n_s=131),151,20,131,47,27,100.57098640007742,100.5931724258346,99.97794479961
5.19,0.026,GPR (n_s=131),151,20,131,48,28,103.02116529619371,103.02677121042784,99.99455877907435
5.19,0.026,GPR (n_s=131),151,20,131,49,29,93.99097830056556,93.9621387136268,100.03069277406155
5.19,0.026,GPR (n_s=131),151,20,131,50,30,83.77334293195898,83.79536033104449,99.97372479932238
5.19,0.026,GPR (n_s=131),151,20,131,51,31,91.49352050565695,91.49195826914851,100.00170751237376
5.19,0.026,GPR (n_s=131),151,20,131,52,32,76.12221825914284,76.11535390069764,100.00901836238475
5.19,0.026,GPR (n_s=131),151,20,131,53,33,82.88796812190316,82.90002953331698,99.98545065486499
5.19,0.026,GPR (n_s=131),151,20,131,54,34,81.39407407624303,81.39275244331242,100.0016237722536
5.19,0.026,GPR (n_s=131),151,20,131,55,35,66.88542398335865,66.8494548367059,100.05380619294594
5.19,0.026,GPR (n_s=131),151,20,131,56,36,82.54484323271389,82.54484207233762,100.0000014057526
5.19,0.026,GPR (n_s=131),151,20,131,57,37,65.49309781396076,65.50684518697635,99.979013837445
5.19,0.026,GPR (n_s=131),151,20,131,58,38,69.55153732670391,69.56064152246937,99.98691185767383
5.19,0.026,GPR (n_s=131),151,20,131,59,39,78.66627978337122,78.66341074074982,100.00364723903321
5.19,0.026,GPR (n_s=131),151,20,131,60,40,58.601881433254206,58.56090934675932,100.0699649082501
5.19,0.026,GPR (n_s=131),151,20,131,61,41,62.90782868463293,62.90667650560705,100.00183156874577
5.19,0.026,GPR (n_s=131),151,20,131,62,42,56.827859777321066,56.84411362806845,99.9714062728575
5.19,0.026,GPR (n_s=131),151,20,131,63,43,70.73531124771478,70.73750486299025,99.99689893603157
5.19,0.026,GPR (n_s=131),151,20,131,64,44,57.86309927784967,57.86106505657494,100.00351569967256
5.19,0.026,GPR (n_s=131),151,20,131,65,45,60.45889497135656,60.44565701195135,100.0219005964359
5.19,0.026,GPR (n_s=131),151,20,131,66,46,55.33493909949489,55.31269021185489,100.04022383933014
5.19,0.026,GPR (n_s=131),151,20,131,67,47,62.11577446641456,62.122795815747686,99.98869762823625
5.19,0.026,GPR (n_s=131),151,20,131,68,48,50.63673298098251,50.63743707445537,99.99860953967352
5.19,0.026,GPR (n_s=131),151,20,131,69,49,59.85442196748891,59.85497444450377,99.99907697393577
5.19,0.026,GPR (n_s=131),151,20,131,70,50,50.374539298860505,50.37005662221374,100.00889948701149
5.19,0.026,GPR (n_s=131),151,20,131,71,51,54.4927556003014,54.48639968161455,100.0116651471266
5.19,0.026,GPR (n_s=131),151,20,131,72,52,56.428088128294156,56.432029194128006,99.99301626064111
5.19,0.026,GPR (n_s=131),151,20,131,73,53,43.82653947626421,43.82352844561383,100.00687080834696
5.19,0.026,GPR (n_s=131),151,20,131,74,54,53.61730001399345,53.64230813745567,99.95337985196659
5.19,0.026,GPR (n_s=131),151,20,131,75,55,41.5579373418174,41.50393382422283,100.13011662418143
5.19,0.026,GPR (n_s=131),151,20,131,76,56,42.73668519080242,42.766952244328046,99.92922793901069
5.19,0.026,GPR (n_s=131),151,20,131,77,57,51.362744700134,51.37392338139412,99.97824055371996
5.19,0.026,GPR (n_s=131),151,20,131,78,58,44.39074433956196,44.38536358195794,100.01212281970854
5.19,0.026,GPR (n_s=131),151,20,131,79,59,44.30601115932156,44.25586856626322,100.11330156809207
5.19,0.026,GPR (n_s=131),151,20,131,80,60,45.95038205431053,45.951741545944,99.99704147963116
5.19,0.026,GPR (n_s=131),151,20,131,81,61,45.511950344844124,45.50764215381558,100.00946696164566
5.19,0.026,GPR (n_s=131),151,20,131,82,62,44.489967415522734,44.489196712142984,100.00173233826796
5.19,0.026,GPR (n_s=131),151,20,131,83,63,45.26779620905763,45.2666458421541,100.00254131244348
5.19,0.026,GPR (n_s=131),151,20,131,84,64,40.151577558323446,40.15083365131819,100.00185278097018
5.19,0.026,GPR (n_s=131),151,20,131,85,65,44.84307006703896,44.84274889102239,100.0007162273155
5.19,0.026,GPR (n_s=131),151,20,131,86,66,39.89942092284626,39.88212134658784,100.04337677052854
5.19,0.026,GPR (n_s=131),151,20,131,87,67,43.12449865440014,43.12523048025807,99.99830302157281
5.19,0.026,GPR (n_s=131),151,20,131,88,68,40.91725543612275,40.91087417172279,100.01559796638219
5.19,0.026,GPR (n_s=131),151,20,131,89,69,35.04197364952156,35.033651300551924,100.02375530000639
5.19,0.026,GPR (n_s=131),151,20,131,90,70,37.56429256511037,37.57573406596803,99.96955082544078
5.19,0.026,GPR (n_s=131),151,20,131,91,71,40.02089278689557,40.02217626132707,99.9967930918521
5.19,0.026,GPR (n_s=131),151,20,131,92,72,36.400544514608804,36.400349468250326,100.00053583649972
5.19,0.026,GPR (n_s=131),151,20,131,93,73,39.61729372931739,39.61678216010402,100.00129129420785
5.19,0.026,GPR (n_s=131),151,20,131,94,74,32.86447890804555,32.86986873753626,99.98360252201265
5.19,0.026,GPR (n_s=131),151,20,131,95,75,37.792020741499755,37.78910268080719,100.00772196343802
5.19,0.026,GPR (n_s=131),151,20,131,96,76,34.61889334350917,34.61836463174062,100.00152725807293
5.19,0.026,GPR (n_s=131),151,20,131,97,77,33.97570478166901,33.97336882914457,100.00687583423412
5.19,0.026,GPR (n_s=131),151,20,131,98,78,34.05351134207702,34.05115412605277,100.00692257306616
5.19,0.026,GPR (n_s=131),151,20,131,99,79,31.493133345276473,31.4957531138529,99.99168215293359
5.19,0.026,GPR (n_s=131),151,20,131,100,80,32.831669823603235,32.83098827707843,100.00207592448649
5.19,0.026,GPR (n_s=131),151,20,131,101,81,31.938878273490104,31.93922316859327,99.998920151873
5.19,0.026,GPR (n_s=131),151,20,131,102,82,30.91209904674183,30.911988988449874,100.00035603756199
5.19,0.026,GPR (n_s=131),151,20,131,103,83,31.31275026858867,31.31431328855724,99.99500860851022
5.19,0.026,GPR (n_s=131),151,20,131,104,84,31.615429655877392,31.616100130540453,99.99787932521629
5.19,0.026,GPR (n_s=131),151,20,131,105,85,27.900224744071778,27.90008829288793,100.00048907079582
5.19,0.026,GPR (n_s=131),151,20,131,106,86,30.758716834058323,30.75964435601618,99.99698461416808
5.19,0.026,GPR (n_s=131),151,20,131,107,87,29.270124290103038,29.269936775112562,100.00064064023067
5.19,0.026,GPR (n_s=131),151,20,131,108,88,30.047744718895462,30.049837999625783,99.99303396999895
5.19,0.026,GPR (n_s=131),151,20,131,109,89,27.087507231755843,27.093609047254393,99.9774787645016
5.19,0.026,GPR (n_s=131),151,20,131,110,90,28.618484070858756,28.619446213578144,99.99663815046523
5.19,0.026,GPR (n_s=131),151,20,131,111,91,25.7706119572023,25.77014994436286,100.00179282169657
5.19,0.026,GPR (n_s=131),151,20,131,112,92,27.930454890264777,27.93131940118107,99.99690486903295
5.19,0.026,GPR (n_s=131),151,20,131,113,93,27.37884772354884,27.379097107829605,99.99908914351785
5.19,0.026,GPR (n_s=131),151,20,131,114,94,24.16223986902859,24.16613616632691,99.98387703656263
5.19,0.026,GPR (n_s=131),151,20,131,115,95,27.02444874253539,27.024757980473964,99.99885572355987
5.19,0.026,GPR (n_s=131),151,20,131,116,96,24.74548236638251,24.74561956757451,99.99944555361961
5.19,0.026,GPR (n_s=131),151,20,131,117,97,25.887192959510532,25.88731572483552,99.99952577035683
5.19,0.026,GPR (n_s=131),151,20,131,118,98,25.883748660169015,25.886067826177598,99.99104087177645
5.19,0.026,GPR (n_s=131),151,20,131,119,99,24.77265243255426,24.775193339978994,99.98974414693816
5.19,0.026,GPR (n_s=131),151,20,131,120,100,22.741711677997085,22.746101390014726,99.98070125538275
5.19,0.026,GPR (n_s=131),151,20,131,121,101,23.99350235160417,23.99330009939237,100.00084295287002
5.19,0.026,GPR (n_s=131),151,20,131,122,102,23.93435807395556,23.9344161940228,99.99975716948026
5.19,0.026,GPR (n_s=131),151,20,131,123,103,24.335858328351353,24.337634894317063,99.99270033438573
5.19,0.026,GPR (n_s=131),151,20,131,124,104,23.056919239914112,23.05752018956359,99.99739369349116
5.19,0.026,GPR (n_s=131),151,20,131,125,105,21.58831910670123,21.58864466951412,99.99849197197011
5.19,0.026,GPR (n_s=131),151,20,131,126,106,23.290333336554088,23.290961289575943,99.99730387675268
5.19,0.026,GPR (n_s=131),151,20,131,127,107,24.420082958949894,24.421714394648895,99.99331973311685
5.19,0.026,GPR (n_s=131),151,20,131,128,108,20.089886217016335,20.090073407786733,99.99906824247678
5.19,0.026,GPR (n_s=131),151,20,131,129,109,21.39953286009955,21.39963514821596,99.9995220099983
5.19,0.026,GPR (n_s=131),151,20,131,130,110,20.17314508229733,20.173166514307635,99.99989375981065
5.19,0.026,GPR (n_s=131),151,20,131,131,111,21.15301917353468,21.15340052755509,99.9981971975621
5.19,0.026,GPR (n_s=131),151,20,131,132,112,23.145943070482776,23.14843213943586,99.98924735404069
5.19,0.026,GPR (n_s=131),151,20,131,133,113,20.553843990019974,20.55393498248822,99.9995572990363
5.19,0.026,GPR (n_s=131),151,20,131,134,114,20.26630527956562,20.266205739644583,100.00049116209674
5.19,0.026,GPR (n_s=131),151,20,131,135,115,21.59625744486902,21.59584095667279,100.00192855743411
5.19,0.026,GPR (n_s=131),151,20,131,136,116,20.192287846792812,20.192611454874363,99.99839739360966
5.19,0.026,GPR (n_s=131),151,20,131,137,117,19.748238606909915,19.746662848945174,100.00797986969644
5.19,0.026,GPR (n_s=131),151,20,131,138,118,19.635510249747778,19.635987973610185,99.99756710045327
5.19,0.026,GPR (n_s=131),151,20,131,139,119,21.0589986506516,21.06030116944417,99.99381528885986
5.19,0.026,GPR (n_s=131),151,20,131,140,120,19.99376772319671,19.993742328114976,100.00012701514963
5.19,0.026,GPR (n_s=131),151,20,131,141,121,22.579963449841095,22.578649379644993,100.00581996812123
5.19,0.026,GPR (n_s=131),151,20,131,142,122,21.114678560220003,21.1111639605217,100.01664806215743
5.19,0.026,GPR (n_s=131),151,20,131,143,123,19.91731592498981,19.91723980029029,100.00038220506599
5.19,0.026,GPR (n_s=131),151,20,131,144,124,21.75826821922519,21.75887628584279,99.99720543189083
5.19,0.026,GPR (n_s=131),151,20,131,145,125,20.301852889430407,20.30185140782979,100.00000729785963
5.19,0.026,GPR (n_s=131),151,20,131,146,126,23.076292117522556,23.071780710670645,100.01955378697677
5.19,0.026,GPR (n_s=131),151,20,131,147,127,21.01863920462206,21.01944852411673,99.9961496635188
5.19,0.026,GPR (n_s=131),151,20,131,148,128,20.95258794868244,20.95288542266516,99.99858027199251
5.19,0.026,GPR (n_s=131),151,20,131,149,129,21.791900776927843,21.78884472378581,100.01402576952
5.19,0.026,GPR (n_s=131),151,20,131,150,130,20.789909852722122,20.79041216261041,99.99758393491982
5.19,0.026,GPR (n_s=131),151,20,131,151,131,19.744226159256517,19.739660609829738,100.02312881420315
5.19,0.026,ANN (n_s=141),151,10,141,11,1,31.085021322776587,747.3363065771706,4.1594421479597585
5.19,0.026,ANN (n_s=141),151,10,141,12,2,27.897887802542396,665.415248484981,4.192553126196066
5.19,0.026,ANN (n_s=141),151,10,141,13,3,25.991603438718233,594.6783676008321,4.3706993317377005
5.19,0.026,ANN (n_s=141),151,10,141,14,4,28.770163921129498,538.8958296683485,5.338724543263854
5.19,0.026,ANN (n_s=141),151,10,141,15,5,30.573700752818066,491.8108044120385,6.21655735875283
5.19,0.026,ANN (n_s=141),151,10,141,16,6,28.992373893717808,453.58077859002884,6.391887677392676
5.19,0.026,ANN (n_s=141),151,10,141,17,7,30.815976379349863,420.167598425307,7.334210561414341
5.19,0.026,ANN (n_s=141),151,10,141,18,8,30.80274625029952,392.31643581805645,7.851505427263014
5.19,0.026,ANN (n_s=141),151,10,141,19,9,28.07653926343006,365.55043303408667,7.680619888860039
5.19,0.026,ANN (n_s=141),151,10,141,20,10,22.23234480550309,343.5381376455975,6.471579824548776
5.19,0.026,ANN (n_s=141),151,10,141,21,11,22.686612103000233,321.4080617432044,7.058507487321886
5.19,0.026,ANN (n_s=141),151,10,141,22,12,25.50662967060971,303.53892341882516,8.403083658373355
5.19,0.026,ANN (n_s=141),151,10,141,23,13,24.668895499603767,285.73849425036923,8.633381919479298
5.19,0.026,ANN (n_s=141),151,10,141,24,14,24.317763730360433,270.516841811625,8.989371444493708
5.19,0.026,ANN (n_s=141),151,10,141,25,15,22.368663776569825,256.05593171223825,8.735850650672784
5.19,0.026,ANN (n_s=141),151,10,141,26,16,23.289609980396293,241.9483977189372,9.625858323497145
5.19,0.026,ANN (n_s=141),151,10,141,27,17,21.022095427849408,229.98422541891742,9.140668404347105
5.19,0.026,ANN (n_s=141),151,10,141,28,18,22.639230757081744,214.2335052809222,10.567549052327344
5.19,0.026,ANN (n_s=141),151,10,141,29,19,22.860220669489603,200.51781233085399,11.400593495290227
5.19,0.026,ANN (n_s=141),151,10,141,30,20,21.98661028969568,171.79774971117428,12.797961746681484
5.19,0.026,ANN (n_s=141),151,10,141,31,21,21.20701421257555,167.94716316568724,12.627194060821319
5.19,0.026,ANN (n_s=141),151,10,141,32,22,23.84364249245985,180.3554540022621,13.220361216334934
5.19,0.026,ANN (n_s=141),151,10,141,33,23,19.50806719522674,171.94730620018265,11.345375293356016
5.19,0.026,ANN (n_s=141),151,10,141,34,24,20.97147596750395,145.71103543943406,14.392510426034896
5.19,0.026,ANN (n_s=141),151,10,141,35,25,19.525850427906875,140.5225612870602,13.89517117327471
5.19,0.026,ANN (n_s=141),151,10,141,36,26,22.77571105830871,137.24629445639363,16.5947730308632
5.19,0.026,ANN (n_s=141),151,10,141,37,27,25.216319046378402,138.0435761513664,18.266926828039004
5.19,0.026,ANN (n_s=141),151,10,141,38,28,20.653823757462334,146.03732029286826,14.142839457778631
5.19,0.026,ANN (n_s=141),151,10,141,39,29,21.972741066017324,135.86676701639803,16.17227048860697
5.19,0.026,ANN (n_s=141),151,10,141,40,30,15.582011604013475,127.65158205097744,12.20667331627024
5.19,0.026,ANN (n_s=141),151,10,141,41,31,19.3648236628389,130.33665815961487,14.857541950418932
5.19,0.026,ANN (n_s=141),151,10,141,42,32,19.050869005893766,126.81211734919951,15.022909012262481
5.19,0.026,ANN (n_s=141),151,10,141,43,33,16.386171358601743,105.58040802709546,15.520087168441805
5.19,0.026,ANN (n_s=141),151,10,141,44,34,19.53133823297676,117.08055333388388,16.681966113773278
5.19,0.026,ANN (n_s=141),151,10,141,45,35,18.135600772818698,113.91509496190776,15.920278852318114
5.19,0.026,ANN (n_s=141),151,10,141,46,36,15.4847776787919,98.48459124167363,15.723046096412629
5.19,0.026,ANN (n_s=141),151,10,141,47,37,17.845910984068716,100.5931724258346,17.74067817299048
5.19,0.026,ANN (n_s=141),151,10,141,48,38,16.492381575774754,103.02677121042784,16.007860269725196
5.19,0.026,ANN (n_s=141),151,10,141,49,39,18.30913292522208,93.9621387136268,19.485649407176393
5.19,0.026,ANN (n_s=141),151,10,141,50,40,14.379030038671509,83.79536033104449,17.159697126267226
5.19,0.026,ANN (n_s=141),151,10,141,51,41,16.001486122372008,91.49195826914851,17.489500088411354
5.19,0.026,ANN (n_s=141),151,10,141,52,42,15.224192134280553,76.11535390069764,20.001473229885377
5.19,0.026,ANN (n_s=141),151,10,141,53,43,20.26261794669015,82.90002953331698,24.442232482615385
5.19,0.026,ANN (n_s=141),151,10,141,54,44,17.345409813722455,81.39275244331242,21.3107546962526
5.19,0.026,ANN (n_s=141),151,10,141,55,45,17.608225304078417,66.8494548367059,26.34011802652733
5.19,0.026,ANN (n_s=141),151,10,141,56,46,16.12115848702187,82.54484207233762,19.530182725280643
5.19,0.026,ANN (n_s=141),151,10,141,57,47,13.905227436319949,65.50684518697635,21.22713648723309
5.19,0.026,ANN (n_s=141),151,10,141,58,48,15.170412236570982,69.56064152246937,21.808902138532837
5.19,0.026,ANN (n_s=141),151,10,141,59,49,17.93990509033114,78.66341074074982,22.805908009068535
5.19,0.026,ANN (n_s=141),151,10,141,60,50,16.82046601743843,58.56090934675932,28.723027365983434
5.19,0.026,ANN (n_s=141),151,10,141,61,51,17.51171010136342,62.90667650560705,27.83760178429161
5.19,0.026,ANN (n_s=141),151,10,141,62,52,13.597546464079057,56.84411362806845,23.92076434342512
5.19,0.026,ANN (n_s=141),151,10,141,63,53,16.07157197029797,70.73750486299025,22.72001536020617
5.19,0.026,ANN (n_s=141),151,10,141,64,54,14.664249353689046,57.86106505657494,25.343898076108264
5.19,0.026,ANN (n_s=141),151,10,141,65,55,13.842746022323752,60.44565701195135,22.90114245856697
5.19,0.026,ANN (n_s=141),151,10,141,66,56,14.574654847178826,55.31269021185489,26.34956786834265
5.19,0.026,ANN (n_s=141),151,10,141,67,57,14.018944083940472,62.122795815747686,22.56650541859027
5.19,0.026,ANN (n_s=141),151,10,141,68,58,16.640546238491286,50.63743707445537,32.86214152984018
5.19,0.026,ANN (n_s=141),151,10,141,69,59,15.265747661259576,59.85497444450377,25.504559650950394
5.19,0.026,ANN (n_s=141),151,10,141,70,60,12.456743990941538,50.37005662221374,24.73045461189333
5.19,0.026,ANN (n_s=141),151,10,141,71,61,12.46895418272923,54.48639968161455,22.884525781828547
5.19,0.026,ANN (n_s=141),151,10,141,72,62,13.608656780673401,56.432029194128006,24.115129253742026
5.19,0.026,ANN (n_s=141),151,10,141,73,63,12.064286715565917,43.82352844561383,27.529245461232133
5.19,0.026,ANN (n_s=141),151,10,141,74,64,14.16576202500525,53.64230813745567,26.407815988652484
5.19,0.026,ANN (n_s=141),151,10,141,75,65,13.706229118483739,41.50393382422283,33.02392774750525
5.19,0.026,ANN (n_s=141),151,10,141,76,66,11.827728532319798,42.766952244328046,27.656234338953734
5.19,0.026,ANN (n_s=141),151,10,141,77,67,13.69503547741495,51.37392338139412,26.65756200036461
5.19,0.026,ANN (n_s=141),151,10,141,78,68,12.890641771580889,44.38536358195794,29.04255081245017
5.19,0.026,ANN (n_s=141),151,10,141,79,69,11.590359010636242,44.25586856626322,26.189428399269318
5.19,0.026,ANN (n_s=141),151,10,141,80,70,14.839215065050942,45.951741545944,32.29304171249794
5.19,0.026,ANN (n_s=141),151,10,141,81,71,13.221263786032166,45.50764215381558,29.05284290788867
5.19,0.026,ANN (n_s=141),151,10,141,82,72,15.476128191863943,44.489196712142984,34.78626124000088
5.19,0.026,ANN (n_s=141),151,10,141,83,73,14.970105169462478,45.2666458421541,33.07093974151211
5.19,0.026,ANN (n_s=141),151,10,141,84,74,16.143031807336968,40.15083365131819,40.20596918989994
5.19,0.026,ANN (n_s=141),151,10,141,85,75,14.585784991223981,44.84274889102239,32.52651844932746
5.19,0.026,ANN (n_s=141),151,10,141,86,76,14.073311040110337,39.88212134658784,35.2872679911105
5.19,0.026,ANN (n_s=141),151,10,141,87,77,13.923309648774639,43.12523048025807,32.28576286716537
5.19,0.026,ANN (n_s=141),151,10,141,88,78,13.846537412450546,40.91087417172279,33.84561609299745
5.19,0.026,ANN (n_s=141),151,10,141,89,79,11.75511169814276,35.033651300551924,33.5537726207761
5.19,0.026,ANN (n_s=141),151,10,141,90,80,13.087030283156578,37.57573406596803,34.82840883475746
5.19,0.026,ANN (n_s=141),151,10,141,91,81,16.002814977763727,40.02217626132707,39.98486957149066
5.19,0.026,ANN (n_s=141),151,10,141,92,82,16.13652719995937,36.400349468250326,44.33069307214817
5.19,0.026,ANN (n_s=141),151,10,141,93,83,12.786042065641624,39.61678216010402,32.274307423478156
5.19,0.026,ANN (n_s=141),151,10,141,94,84,16.915913039015173,32.86986873753626,51.463281384199085
5.19,0.026,ANN (n_s=141),151,10,141,95,85,14.075797896544923,37.78910268080719,37.24829884276114
5.19,0.026,ANN (n_s=141),151,10,141,96,86,18.226467313979125,34.61836463174062,52.649706327455405
5.19,0.026,ANN (n_s=141),151,10,141,97,87,9.787933446450703,33.97336882914457,28.81060602401601
5.19,0.026,ANN (n_s=141),151,10,141,98,88,12.673340813652526,34.05115412605277,37.21853528587469
5.19,0.026,ANN (n_s=141),151,10,141,99,89,13.278582367296105,31.4957531138529,42.15991381217595
5.19,0.026,ANN (n_s=141),151,10,141,100,90,16.081633619725373,32.83098827707843,48.983093301985875
5.19,0.026,ANN (n_s=141),151,10,141,101,91,13.510946978046753,31.93922316859327,42.302052578825545
5.19,0.026,ANN (n_s=141),151,10,141,102,92,14.354973698564487,30.911988988449874,46.43820785497873
5.19,0.026,ANN (n_s=141),151,10,141,103,93,10.628782341642578,31.31431328855724,33.94224948731834
5.19,0.026,ANN (n_s=141),151,10,141,104,94,12.894797541682271,31.616100130540453,40.78554119085099
5.19,0.026,ANN (n_s=141),151,10,141,105,95,12.882004536972936,27.90008829288793,46.17191315576129
5.19,0.026,ANN (n_s=141),151,10,141,106,96,11.492514983916642,30.75964435601618,37.36231424167574
5.19,0.026,ANN (n_s=141),151,10,141,107,97,11.937950115819792,29.269936775112562,40.78570516752981
5.19,0.026,ANN (n_s=141),151,10,141,108,98,11.151007372046493,30.049837999625783,37.108377663085435
5.19,0.026,ANN (n_s=141),151,10,141,109,99,11.182571082565584,27.093609047254393,41.27383348250831
5.19,0.026,ANN (n_s=141),151,10,141,110,100,12.145260537745068,28.619446213578144,42.437091364761976
5.19,0.026,ANN (n_s=141),151,10,141,111,101,13.41546316996272,25.77014994436286,52.05814944393566
5.19,0.026,ANN (n_s=141),151,10,141,112,102,10.328705626173132,27.93131940118107,36.97893922524972
5.19,0.026,ANN (n_s=141),151,10,141,113,103,15.154436830563439,27.379097107829605,55.350389280111514
5.19,0.026,ANN (n_s=141),151,10,141,114,104,11.400795237043514,24.16613616632691,47.17674004059192
5.19,0.026,ANN (n_s=141),151,10,141,115,105,11.816695193826,27.024757980473964,43.7254431746025
5.19,0.026,ANN (n_s=141),151,10,141,116,106,12.435998837897209,24.74561956757451,50.255354504005844
5.19,0.026,ANN (n_s=141),151,10,141,117,107,11.489261437145112,25.88731572483552,44.38181833631618
5.19,0.026,ANN (n_s=141),151,10,141,118,108,15.773566178108444,25.886067826177598,60.93457795145401
5.19,0.026,ANN (n_s=141),151,10,141,119,109,12.865245905512724,24.775193339978994,51.927933433126675
5.19,0.026,ANN (n_s=141),151,10,141,120,110,10.838738677540036,22.746101390014726,47.65097320061238
5.19,0.026,ANN (n_s=141),151,10,141,121,111,12.11937771194194,23.99330009939237,50.51150805323717
5.19,0.026,ANN (n_s=141),151,10,141,122,112,14.20380171339187,23.9344161940228,59.3446758769868
5.19,0.026,ANN (n_s=141),151,10,141,123,113,10.565531958785245,24.337634894317063,43.41232007409373
5.19,0.026,ANN (n_s=141),151,10,141,124,114,10.324848254893078,23.05752018956359,44.778658632884394
5.19,0.026,ANN (n_s=141),151,10,141,125,115,13.874192435623314,21.58864466951412,64.26615773252045
5.19,0.026,ANN (n_s=141),151,10,141,126,116,12.965791513917301,23.290961289575943,55.66876932520705
5.19,0.026,ANN (n_s=141),151,10,141,127,117,13.841101431269669,24.421714394648895,56.67538817136617
5.19,0.026,ANN (n_s=141),151,10,141,128,118,10.893707473346769,20.090073407786733,54.22432886245436
5.19,0.026,ANN (n_s=141),151,10,141,129,119,11.538028745670195,21.39963514821596,53.91694141398525
5.19,0.026,ANN (n_s=141),151,10,141,130,120,13.962700182378631,20.173166514307635,69.2142216368249
5.19,0.026,ANN (n_s=141),151,10,141,131,121,10.804070297163785,21.15340052755509,51.07486280085351
5.19,0.026,ANN (n_s=141),151,10,141,132,122,13.110946342685924,23.14843213943586,56.63859333414641
5.19,0.026,ANN (n_s=141),151,10,141,133,123,12.993772467319417,20.55393498248822,63.2179311571726
5.19,0.026,ANN (n_s=141),151,10,141,134,124,11.7426065603356,20.266205739644583,57.941810673345785
5.19,0.026,ANN (n_s=141),151,10,141,135,125,11.432958527175673,21.59584095667279,52.94055716613833
5.19,0.026,ANN (n_s=141),151,10,141,136,126,10.885762001918113,20.192611454874363,53.90962940204726
5.19,0.026,ANN (n_s=141),151,10,141,137,127,14.76171351287049,19.746662848945174,74.755484639568
5.19,0.026,ANN (n_s=141),151,10,141,138,128,10.538420982362048,19.635987973610185,53.6689113709235
5.19,0.026,ANN (n_s=141),151,10,141,139,129,13.033150608896637,21.06030116944417,61.88492037239282
5.19,0.026,ANN (n_s=141),151,10,141,140,130,11.709214122980512,19.993742328114976,58.5643944531342
5.19,0.026,ANN (n_s=141),151,10,141,141,131,15.089089627841012,22.578649379644993,66.82901786607336
5.19,0.026,ANN (n_s=141),151,10,141,142,132,16.95926241621664,21.1111639605217,80.33314718189295
5.19,0.026,ANN (n_s=141),151,10,141,143,133,11.872726934419402,19.91723980029029,59.61030269990704
5.19,0.026,ANN (n_s=141),151,10,141,144,134,12.198409405773063,21.75887628584279,56.0617618553668
5.19,0.026,ANN (n_s=141),151,10,141,145,135,12.825451084471974,20.30185140782979,63.173800393030156
5.19,0.026,ANN (n_s=141),151,10,141,146,136,14.08277553112111,23.071780710670645,61.03896230518462
5.19,0.026,ANN (n_s=141),151,10,141,147,137,14.042167903705886,21.01944852411673,66.80559619627775
5.19,0.026,ANN (n_s=141),151,10,141,148,138,12.697463274725001,20.95288542266516,60.60007019839805
5.19,0.026,ANN (n_s=141),151,10,141,149,139,16.941337607449395,21.78884472378581,77.75234447816028
5.19,0.026,ANN (n_s=141),151,10,141,150,140,12.85155762150437,20.79041216261041,61.814828493956846
5.19,0.026,ANN (n_s=141),151,10,141,151,141,13.351149554501669,19.739660609829738,67.63616567882232
5.19,0.026,GPR (n_s=141),151,10,141,11,1,746.4601075667881,747.3363065771706,99.88275706630719
5.19,0.026,GPR (n_s=141),151,10,141,12,2,664.9077130645993,665.415248484981,99.92372651189807
5.19,0.026,GPR (n_s=141),151,10,141,13,3,593.8879677708669,594.6783676008321,99.86708784562755
5.19,0.026,GPR (n_s=141),151,10,141,14,4,538.453707997346,538.8958296683485,99.91795786000523
5.19,0.026,GPR (n_s=141),151,10,141,15,5,490.9638066945654,491.8108044120385,99.82777976614693
5.19,0.026,GPR (n_s=141),151,10,141,16,6,453.2677059109343,453.58077859002884,99.93097752509097
5.19,0.026,GPR (n_s=141),151,10,141,17,7,419.2010591388893,420.167598425307,99.76996339316976
5.19,0.026,GPR (n_s=141),151,10,141,18,8,392.1102377272544,392.31643581805645,99.94744087374977
5.19,0.026,GPR (n_s=141),151,10,141,19,9,364.4440527877363,365.55043303408667,99.69733854856432
5.19,0.026,GPR (n_s=141),151,10,141,20,10,343.41477802357196,343.5381376455975,99.96409143308775
5.19,0.026,GPR (n_s=141),151,10,141,21,11,320.2592970416072,321.4080617432044,99.64258373129576
5.19,0.026,GPR (n_s=141),151,10,141,22,12,303.4810242029241,303.53892341882516,99.98092527467354
5.19,0.026,GPR (n_s=141),151,10,141,23,13,284.77880929947185,285.73849425036923,99.66413872467022
5.19,0.026,GPR (n_s=141),151,10,141,24,14,270.49860161813314,270.516841811625,99.99325727989071
5.19,0.026,GPR (n_s=141),151,10,141,25,15,255.45828765394432,256.05593171223825,99.76659628453147
5.19,0.026,GPR (n_s=141),151,10,141,26,16,241.95405025265978,241.9483977189372,100.00233625590245
5.19,0.026,GPR (n_s=141),151,10,141,27,17,229.70818244434716,229.98422541891742,99.87997308334194
5.19,0.026,GPR (n_s=141),151,10,141,28,18,214.26866682130395,214.2335052809222,100.01641271767255
5.19,0.026,GPR (n_s=141),151,10,141,29,19,200.4648193269196,200.51781233085399,99.97357192195626
5.19,0.026,GPR (n_s=141),151,10,141,30,20,171.8810239311316,171.79774971117428,100.04847224139858
5.19,0.026,GPR (n_s=141),151,10,141,31,21,167.96870873496027,167.94716316568724,100.01282877832939
5.19,0.026,GPR (n_s=141),151,10,141,32,22,180.35049881086366,180.3554540022621,99.99725254141836
5.19,0.026,GPR (n_s=141),151,10,141,33,23,171.95524456627365,171.94730620018265,100.00461674350498
5.19,0.026,GPR (n_s=141),151,10,141,34,24,145.7402734695115,145.71103543943406,100.02006576234206
5.19,0.026,GPR (n_s=141),151,10,141,35,25,140.44487312605852,140.5225612870602,99.94471481284562
5.19,0.026,GPR (n_s=141),151,10,141,36,26,137.67736029352903,137.24629445639363,100.31408194942004
5.19,0.026,GPR (n_s=141),151,10,141,37,27,138.36797535399677,138.0435761513664,100.23499768093131
5.19,0.026,GPR (n_s=141),151,10,141,38,28,146.02275179344042,146.03732029286826,99.99002412575182
5.19,0.026,GPR (n_s=141),151,10,141,39,29,135.84086630718426,135.86676701639803,99.98093668541429
5.19,0.026,GPR (n_s=141),151,10,141,40,30,127.65140927602464,127.65158205097744,99.99986465114648
5.19,0.026,GPR (n_s=141),151,10,141,41,31,130.32690253994932,130.33665815961487,99.99251506076394
5.19,0.026,GPR (n_s=141),151,10,141,42,32,126.81203892110958,126.81211734919951,99.99993815410421
5.19,0.026,GPR (n_s=141),151,10,141,43,33,105.6586773340745,105.58040802709546,100.0741324157025
5.19,0.026,GPR (n_s=141),151,10,141,44,34,117.04534746407974,117.08055333388388,99.96993021573468
5.19,0.026,GPR (n_s=141),151,10,141,45,35,113.91507321634124,113.91509496190776,99.99998091072433
5.19,0.026,GPR (n_s=141),151,10,141,46,36,98.49588573603792,98.48459124167363,100.0114682857713
5.19,0.026,GPR (n_s=141),151,10,141,47,37,100.57098640007742,100.5931724258346,99.97794479961
5.19,0.026,GPR (n_s=141),151,10,141,48,38,103.02116529619371,103.02677121042784,99.99455877907435
5.19,0.026,GPR (n_s=141),151,10,141,49,39,93.99097830056556,93.9621387136268,100.03069277406155
5.19,0.026,GPR (n_s=141),151,10,141,50,40,83.77334293195898,83.79536033104449,99.97372479932238
5.19,0.026,GPR (n_s=141),151,10,141,51,41,91.49352050565695,91.49195826914851,100.00170751237376
5.19,0.026,GPR (n_s=141),151,10,141,52,42,76.12221825914284,76.11535390069764,100.00901836238475
5.19,0.026,GPR (n_s=141),151,10,141,53,43,82.88796812190316,82.90002953331698,99.98545065486499
5.19,0.026,GPR (n_s=141),151,10,141,54,44,81.39407407624303,81.39275244331242,100.0016237722536
5.19,0.026,GPR (n_s=141),151,10,141,55,45,66.88542398335865,66.8494548367059,100.05380619294594
5.19,0.026,GPR (n_s=141),151,10,141,56,46,82.54484323271389,82.54484207233762,100.0000014057526
5.19,0.026,GPR (n_s=141),151,10,141,57,47,65.49309781396076,65.50684518697635,99.979013837445
5.19,0.026,GPR (n_s=141),151,10,141,58,48,69.55153732670391,69.56064152246937,99.98691185767383
5.19,0.026,GPR (n_s=141),151,10,141,59,49,78.66627978337122,78.66341074074982,100.00364723903321
5.19,0.026,GPR (n_s=141),151,10,141,60,50,58.601881433254206,58.56090934675932,100.0699649082501
5.19,0.026,GPR (n_s=141),151,10,141,61,51,62.90782868463293,62.90667650560705,100.00183156874577
5.19,0.026,GPR (n_s=141),151,10,141,62,52,56.827859777321066,56.84411362806845,99.9714062728575
5.19,0.026,GPR (n_s=141),151,10,141,63,53,70.73531124771478,70.73750486299025,99.99689893603157
5.19,0.026,GPR (n_s=141),151,10,141,64,54,57.86309927784967,57.86106505657494,100.00351569967256
5.19,0.026,GPR (n_s=141),151,10,141,65,55,60.45889497135656,60.44565701195135,100.0219005964359
5.19,0.026,GPR (n_s=141),151,10,141,66,56,55.33493909949489,55.31269021185489,100.04022383933014
5.19,0.026,GPR (n_s=141),151,10,141,67,57,62.11577446641456,62.122795815747686,99.98869762823625
5.19,0.026,GPR (n_s=141),151,10,141,68,58,50.63673298098251,50.63743707445537,99.99860953967352
5.19,0.026,GPR (n_s=141),151,10,141,69,59,59.85442196748891,59.85497444450377,99.99907697393577
5.19,0.026,GPR (n_s=141),151,10,141,70,60,50.374539298860505,50.37005662221374,100.00889948701149
5.19,0.026,GPR (n_s=141),151,10,141,71,61,54.4927556003014,54.48639968161455,100.0116651471266
5.19,0.026,GPR (n_s=141),151,10,141,72,62,56.428088128294156,56.432029194128006,99.99301626064111
5.19,0.026,GPR (n_s=141),151,10,141,73,63,43.82653947626421,43.82352844561383,100.00687080834696
5.19,0.026,GPR (n_s=141),151,10,141,74,64,53.61730001399345,53.64230813745567,99.95337985196659
5.19,0.026,GPR (n_s=141),151,10,141,75,65,41.5579373418174,41.50393382422283,100.13011662418143
5.19,0.026,GPR (n_s=141),151,10,141,76,66,42.73668519080242,42.766952244328046,99.92922793901069
5.19,0.026,GPR (n_s=141),151,10,141,77,67,51.362744700134,51.37392338139412,99.97824055371996
5.19,0.026,GPR (n_s=141),151,10,141,78,68,44.39074433956196,44.38536358195794,100.01212281970854
5.19,0.026,GPR (n_s=141),151,10,141,79,69,44.30601115932156,44.25586856626322,100.11330156809207
5.19,0.026,GPR (n_s=141),151,10,141,80,70,45.95038205431053,45.951741545944,99.99704147963116
5.19,0.026,GPR (n_s=141),151,10,141,81,71,45.511950344844124,45.50764215381558,100.00946696164566
5.19,0.026,GPR (n_s=141),151,10,141,82,72,44.489967415522734,44.489196712142984,100.00173233826796
5.19,0.026,GPR (n_s=141),151,10,141,83,73,45.26779620905763,45.2666458421541,100.00254131244348
5.19,0.026,GPR (n_s=141),151,10,141,84,74,40.151577558323446,40.15083365131819,100.00185278097018
5.19,0.026,GPR (n_s=141),151,10,141,85,75,44.84307006703896,44.84274889102239,100.0007162273155
5.19,0.026,GPR (n_s=141),151,10,141,86,76,39.89942092284626,39.88212134658784,100.04337677052854
5.19,0.026,GPR (n_s=141),151,10,141,87,77,43.12449865440014,43.12523048025807,99.99830302157281
5.19,0.026,GPR (n_s=141),151,10,141,88,78,40.91725543612275,40.91087417172279,100.01559796638219
5.19,0.026,GPR (n_s=141),151,10,141,89,79,35.04197364952156,35.033651300551924,100.02375530000639
5.19,0.026,GPR (n_s=141),151,10,141,90,80,37.56429256511037,37.57573406596803,99.96955082544078
5.19,0.026,GPR (n_s=141),151,10,141,91,81,40.02089278689557,40.02217626132707,99.9967930918521
5.19,0.026,GPR (n_s=141),151,10,141,92,82,36.400544514608804,36.400349468250326,100.00053583649972
5.19,0.026,GPR (n_s=141),151,10,141,93,83,39.61729372931739,39.61678216010402,100.00129129420785
5.19,0.026,GPR (n_s=141),151,10,141,94,84,32.86447890804555,32.86986873753626,99.98360252201265
5.19,0.026,GPR (n_s=141),151,10,141,95,85,37.792020741499755,37.78910268080719,100.00772196343802
5.19,0.026,GPR (n_s=141),151,10,141,96,86,34.61889334350917,34.61836463174062,100.00152725807293
5.19,0.026,GPR (n_s=141),151,10,141,97,87,33.97570478166901,33.97336882914457,100.00687583423412
5.19,0.026,GPR (n_s=141),151,10,141,98,88,34.05351134207702,34.05115412605277,100.00692257306616
5.19,0.026,GPR (n_s=141),151,10,141,99,89,31.493133345276473,31.4957531138529,99.99168215293359
5.19,0.026,GPR (n_s=141),151,10,141,100,90,32.831669823603235,32.83098827707843,100.00207592448649
5.19,0.026,GPR (n_s=141),151,10,141,101,91,31.938878273490104,31.93922316859327,99.998920151873
5.19,0.026,GPR (n_s=141),151,10,141,102,92,30.91209904674183,30.911988988449874,100.00035603756199
5.19,0.026,GPR (n_s=141),151,10,141,103,93,31.31275026858867,31.31431328855724,99.99500860851022
5.19,0.026,GPR (n_s=141),151,10,141,104,94,31.615429655877392,31.616100130540453,99.99787932521629
5.19,0.026,GPR (n_s=141),151,10,141,105,95,27.900224744071778,27.90008829288793,100.00048907079582
5.19,0.026,GPR (n_s=141),151,10,141,106,96,30.758716834058323,30.75964435601618,99.99698461416808
5.19,0.026,GPR (n_s=141),151,10,141,107,97,29.270124290103038,29.269936775112562,100.00064064023067
5.19,0.026,GPR (n_s=141),151,10,141,108,98,30.047744718895462,30.049837999625783,99.99303396999895
5.19,0.026,GPR (n_s=141),151,10,141,109,99,27.087507231755843,27.093609047254393,99.9774787645016
5.19,0.026,GPR (n_s=141),151,10,141,110,100,28.618484070858756,28.619446213578144,99.99663815046523
5.19,0.026,GPR (n_s=141),151,10,141,111,101,25.7706119572023,25.77014994436286,100.00179282169657
5.19,0.026,GPR (n_s=141),151,10,141,112,102,27.930454890264777,27.93131940118107,99.99690486903295
5.19,0.026,GPR (n_s=141),151,10,141,113,103,27.37884772354884,27.379097107829605,99.99908914351785
5.19,0.026,GPR (n_s=141),151,10,141,114,104,24.16223986902859,24.16613616632691,99.98387703656263
5.19,0.026,GPR (n_s=141),151,10,141,115,105,27.02444874253539,27.024757980473964,99.99885572355987
5.19,0.026,GPR (n_s=141),151,10,141,116,106,24.74548236638251,24.74561956757451,99.99944555361961
5.19,0.026,GPR (n_s=141),151,10,141,117,107,25.887192959510532,25.88731572483552,99.99952577035683
5.19,0.026,GPR (n_s=141),151,10,141,118,108,25.883748660169015,25.886067826177598,99.99104087177645
5.19,0.026,GPR (n_s=141),151,10,141,119,109,24.77265243255426,24.775193339978994,99.98974414693816
5.19,0.026,GPR (n_s=141),151,10,141,120,110,22.741711677997085,22.746101390014726,99.98070125538275
5.19,0.026,GPR (n_s=141),151,10,141,121,111,23.99350235160417,23.99330009939237,100.00084295287002
5.19,0.026,GPR (n_s=141),151,10,141,122,112,23.93435807395556,23.9344161940228,99.99975716948026
5.19,0.026,GPR (n_s=141),151,10,141,123,113,24.335858328351353,24.337634894317063,99.99270033438573
5.19,0.026,GPR (n_s=141),151,10,141,124,114,23.056919239914112,23.05752018956359,99.99739369349116
5.19,0.026,GPR (n_s=141),151,10,141,125,115,21.58831910670123,21.58864466951412,99.99849197197011
5.19,0.026,GPR (n_s=141),151,10,141,126,116,23.290333336554088,23.290961289575943,99.99730387675268
5.19,0.026,GPR (n_s=141),151,10,141,127,117,24.420082958949894,24.421714394648895,99.99331973311685
5.19,0.026,GPR (n_s=141),151,10,141,128,118,20.089886217016335,20.090073407786733,99.99906824247678
5.19,0.026,GPR (n_s=141),151,10,141,129,119,21.39953286009955,21.39963514821596,99.9995220099983
5.19,0.026,GPR (n_s=141),151,10,141,130,120,20.17314508229733,20.173166514307635,99.99989375981065
5.19,0.026,GPR (n_s=141),151,10,141,131,121,21.15301917353468,21.15340052755509,99.9981971975621
5.19,0.026,GPR (n_s=141),151,10,141,132,122,23.145943070482776,23.14843213943586,99.98924735404069
5.19,0.026,GPR (n_s=141),151,10,141,133,123,20.553843990019974,20.55393498248822,99.9995572990363
5.19,0.026,GPR (n_s=141),151,10,141,134,124,20.26630527956562,20.266205739644583,100.00049116209674
5.19,0.026,GPR (n_s=141),151,10,141,135,125,21.59625744486902,21.59584095667279,100.00192855743411
5.19,0.026,GPR (n_s=141),151,10,141,136,126,20.192287846792812,20.192611454874363,99.99839739360966
5.19,0.026,GPR (n_s=141),151,10,141,137,127,19.748238606909915,19.746662848945174,100.00797986969644
5.19,0.026,GPR (n_s=141),151,10,141,138,128,19.635510249747778,19.635987973610185,99.99756710045327
5.19,0.026,GPR (n_s=141),151,10,141,139,129,21.0589986506516,21.06030116944417,99.99381528885986
5.19,0.026,GPR (n_s=141),151,10,141,140,130,19.99376772319671,19.993742328114976,100.00012701514963
5.19,0.026,GPR (n_s=141),151,10,141,141,131,22.579963449841095,22.578649379644993,100.00581996812123
5.19,0.026,GPR (n_s=141),151,10,141,142,132,21.114678560220003,21.1111639605217,100.01664806215743
5.19,0.026,GPR (n_s=141),151,10,141,143,133,19.91731592498981,19.91723980029029,100.00038220506599
5.19,0.026,GPR (n_s=141),151,10,141,144,134,21.75826821922519,21.75887628584279,99.99720543189083
5.19,0.026,GPR (n_s=141),151,10,141,145,135,20.301852889430407,20.30185140782979,100.00000729785963
5.19,0.026,GPR (n_s=141),151,10,141,146,136,23.076292117522556,23.071780710670645,100.01955378697677
5.19,0.026,GPR (n_s=141),151,10,141,147,137,21.01863920462206,21.01944852411673,99.9961496635188
5.19,0.026,GPR (n_s=141),151,10,141,148,138,20.95258794868244,20.95288542266516,99.99858027199251
5.19,0.026,GPR (n_s=141),151,10,141,149,139,21.791900776927843,21.78884472378581,100.01402576952
5.19,0.026,GPR (n_s=141),151,10,141,150,140,20.789909852722122,20.79041216261041,99.99758393491982
5.19,0.026,GPR (n_s=141),151,10,141,151,141,19.744226159256517,19.739660609829738,100.02312881420315
5.19,0.026,ANN (n_s=151),151,0,151,1,1,280.27706479184366,7689.436776199696,3.6449622117884592
5.19,0.026,ANN (n_s=151),151,0,151,2,2,70.14665250707942,3370.0194589266275,2.0814910228863064
5.19,0.026,ANN (n_s=151),151,0,151,3,3,176.90897393738646,2560.0744139590756,6.910305925982918
5.19,0.026,ANN (n_s=151),151,0,151,4,4,112.87542052148605,1818.8074010377582,6.206012822307774
5.19,0.026,ANN (n_s=151),151,0,151,5,5,149.8705095759412,1465.718378675842,10.225054946185304
5.19,0.026,ANN (n_s=151),151,0,151,6,6,97.44830673113617,1267.477286677435,7.688367101755896
5.19,0.026,ANN (n_s=151),151,0,151,7,7,76.545898502758,1278.3677057054767,5.987784121980427
5.19,0.026,ANN (n_s=151),151,0,151,8,8,36.99264162164503,1121.4831674558147,3.298546308596513
5.19,0.026,ANN (n_s=151),151,0,151,9,9,43.2460093200484,971.8112617455324,4.450042001197997
5.19,0.026,ANN (n_s=151),151,0,151,10,10,40.87800917993047,852.6095949523668,4.794458028848974
5.19,0.026,ANN (n_s=151),151,0,151,11,11,40.45791356569971,747.3363065771706,5.413615424493229
5.19,0.026,ANN (n_s=151),151,0,151,12,12,41.04554743144629,665.415248484981,6.16841100724681
5.19,0.026,ANN (n_s=151),151,0,151,13,13,35.86231445427747,594.6783676008321,6.03053960058447
5.19,0.026,ANN (n_s=151),151,0,151,14,14,37.64531324547851,538.8958296683485,6.985638257517503
5.19,0.026,ANN (n_s=151),151,0,151,15,15,47.13196818623101,491.8108044120385,9.58335355047302
5.19,0.026,ANN (n_s=151),151,0,151,16,16,47.56322373088661,453.58077859002884,10.486163871127541
5.19,0.026,ANN (n_s=151),151,0,151,17,17,32.15099628458028,420.167598425307,7.6519456533714
5.19,0.026,ANN (n_s=151),151,0,151,18,18,36.922158282814166,392.31643581805645,9.411320789001422
5.19,0.026,ANN (n_s=151),151,0,151,19,19,32.35449866588595,365.55043303408667,8.850898738470097
5.19,0.026,ANN (n_s=151),151,0,151,20,20,36.84385075399459,343.5381376455975,10.724821123645848
5.19,0.026,ANN (n_s=151),151,0,151,21,21,36.45371071563337,321.4080617432044,11.34187814640406
5.19,0.026,ANN (n_s=151),151,0,151,22,22,35.57825486972454,303.53892341882516,11.721150773350214
5.19,0.026,ANN (n_s=151),151,0,151,23,23,32.23303577439027,285.73849425036923,11.280606716624993
5.19,0.026,ANN (n_s=151),151,0,151,24,24,35.95665536000777,270.516841811625,13.29183614565716
5.19,0.026,ANN (n_s=151),151,0,151,25,25,30.45475535840519,256.05593171223825,11.893790217924328
5.19,0.026,ANN (n_s=151),151,0,151,26,26,37.58459751263271,241.9483977189372,15.534137802513326
5.19,0.026,ANN (n_s=151),151,0,151,27,27,38.211390994861425,229.98422541891742,16.61478778610106
5.19,0.026,ANN (n_s=151),151,0,151,28,28,34.35373538018554,214.2335052809222,16.035650135648876
5.19,0.026,ANN (n_s=151),151,0,151,29,29,36.63405570624746,200.51781233085399,18.2697264050544
5.19,0.026,ANN (n_s=151),151,0,151,30,30,33.856287294175246,171.79774971117428,19.707060977861648
5.19,0.026,ANN (n_s=151),151,0,151,31,31,25.784576403941564,167.94716316568724,15.352790674114543
5.19,0.026,ANN (n_s=151),151,0,151,32,32,33.84286465444507,180.3554540022621,18.76453631062391
5.19,0.026,ANN (n_s=151),151,0,151,33,33,36.634117613814524,171.94730620018265,21.305432706904256
5.19,0.026,ANN (n_s=151),151,0,151,34,34,26.873308845612783,145.71103543943406,18.442878238129662
5.19,0.026,ANN (n_s=151),151,0,151,35,35,36.527048888212974,140.5225612870602,25.993725529664474
5.19,0.026,ANN (n_s=151),151,0,151,36,36,38.535463978903564,137.24629445639363,28.077598839032543
5.19,0.026,ANN (n_s=151),151,0,151,37,37,41.98027149996876,138.0435761513664,30.410883773350594
5.19,0.026,ANN (n_s=151),151,0,151,38,38,33.30110440996897,146.03732029286826,22.80314671837705
5.19,0.026,ANN (n_s=151),151,0,151,39,39,28.934125138332686,135.86676701639803,21.29595468687392
5.19,0.026,ANN (n_s=151),151,0,151,40,40,24.881850243326564,127.65158205097744,19.49200303165067
5.19,0.026,ANN (n_s=151),151,0,151,41,41,29.50207831490256,130.33665815961487,22.63528828456939
5.19,0.026,ANN (n_s=151),151,0,151,42,42,24.525776831893907,126.81211734919951,19.340247087238406
5.19,0.026,ANN (n_s=151),151,0,151,43,43,29.386191408753806,105.58040802709546,27.83299663059867
5.19,0.026,ANN (n_s=151),151,0,151,44,44,26.21073318624674,117.08055333388388,22.386922883342045
5.19,0.026,ANN (n_s=151),151,0,151,45,45,24.140345757307156,113.91509496190776,21.191524938270458
5.19,0.026,ANN (n_s=151),151,0,151,46,46,26.381239774522168,98.48459124167363,26.787174970127694
5.19,0.026,ANN (n_s=151),151,0,151,47,47,24.866592332632255,100.5931724258346,24.719960344193254
5.19,0.026,ANN (n_s=151),151,0,151,48,48,24.810540423895315,103.02677121042784,24.08164415171357
5.19,0.026,ANN (n_s=151),151,0,151,49,49,31.10025021798117,93.9621387136268,33.098704056499805
5.19,0.026,ANN (n_s=151),151,0,151,50,50,34.80573975232235,83.79536033104449,41.53659536138724
5.19,0.026,ANN (n_s=151),151,0,151,51,51,29.39002385053782,91.49195826914851,32.12306787016085
5.19,0.026,ANN (n_s=151),151,0,151,52,52,28.176049471025983,76.11535390069764,37.017563509965804
5.19,0.026,ANN (n_s=151),151,0,151,53,53,29.83967496693554,82.90002953331698,35.9947700078239
5.19,0.026,ANN (n_s=151),151,0,151,54,54,28.837469392630286,81.39275244331242,35.4300211345165
5.19,0.026,ANN (n_s=151),151,0,151,55,55,19.61946563227773,66.8494548367059,29.348729440206316
5.19,0.026,ANN (n_s=151),151,0,151,56,56,25.05239525278276,82.54484207233762,30.35004322962816
5.19,0.026,ANN (n_s=151),151,0,151,57,57,28.849794938399395,65.50684518697635,44.04088588918204
5.19,0.026,ANN (n_s=151),151,0,151,58,58,28.84669019329074,69.56064152246937,41.469844961065704
5.19,0.026,ANN (n_s=151),151,0,151,59,59,24.387322768803383,78.66341074074982,31.002117171319238
5.19,0.026,ANN (n_s=151),151,0,151,60,60,21.959337526135066,58.56090934675932,37.49828643559181
5.19,0.026,ANN (n_s=151),151,0,151,61,61,28.573165643769165,62.90667650560705,45.421515220602
5.19,0.026,ANN (n_s=151),151,0,151,62,62,45.95743428741207,56.84411362806845,80.84818524590247
5.19,0.026,ANN (n_s=151),151,0,151,63,63,26.810419436635193,70.73750486299025,37.901279510160336
5.19,0.026,ANN (n_s=151),151,0,151,64,64,36.44057228216569,57.86106505657494,62.97943573374447
5.19,0.026,ANN (n_s=151),151,0,151,65,65,33.89886420621666,60.44565701195135,56.08155470874302
5.19,0.026,ANN (n_s=151),151,0,151,66,66,27.186488067896622,55.31269021185489,49.150543869352205
5.19,0.026,ANN (n_s=151),151,0,151,67,67,22.20712121867509,62.122795815747686,35.74713746712241
5.19,0.026,ANN (n_s=151),151,0,151,68,68,36.657826834996484,50.63743707445537,72.39273737550383
5.19,0.026,ANN (n_s=151),151,0,151,69,69,30.795096457585345,59.85497444450377,51.449519013892306
5.19,0.026,ANN (n_s=151),151,0,151,70,70,27.42392329208129,50.37005662221374,54.444892722211165
5.19,0.026,ANN (n_s=151),151,0,151,71,71,18.180337632494172,54.48639968161455,33.366744249443954
5.19,0.026,ANN (n_s=151),151,0,151,72,72,34.40117781282186,56.432029194128006,60.96037711931409
5.19,0.026,ANN (n_s=151),151,0,151,73,73,25.985833290947227,43.82352844561383,59.29653364903362
5.19,0.026,ANN (n_s=151),151,0,151,74,74,23.002195921013787,53.64230813745567,42.88069756818039
5.19,0.026,ANN (n_s=151),151,0,151,75,75,26.712118654816543,41.50393382422283,64.36045018755938
5.19,0.026,ANN (n_s=151),151,0,151,76,76,15.547564708987862,42.766952244328046,36.3541564060129
5.19,0.026,ANN (n_s=151),151,0,151,77,77,25.182996038444415,51.37392338139412,49.0190244017159
5.19,0.026,ANN (n_s=151),151,0,151,78,78,26.08694512950288,44.38536358195794,58.77375563530784
5.19,0.026,ANN (n_s=151),151,0,151,79,79,17.711141008800197,44.25586856626322,40.01986986716066
5.19,0.026,ANN (n_s=151),151,0,151,80,80,17.585297690753197,45.951741545944,38.26905596857708
5.19,0.026,ANN (n_s=151),151,0,151,81,81,31.160355076188257,45.50764215381558,68.47279621929528
5.19,0.026,ANN (n_s=151),151,0,151,82,82,21.2213516049863,44.489196712142984,47.70001072910829
5.19,0.026,ANN (n_s=151),151,0,151,83,83,31.553579759639923,45.2666458421541,69.70602564561118
5.19,0.026,ANN (n_s=151),151,0,151,84,84,22.821364825944457,40.15083365131819,56.839080912072696
5.19,0.026,ANN (n_s=151),151,0,151,85,85,28.399876494709257,44.84274889102239,63.33214889151225
5.19,0.026,ANN (n_s=151),151,0,151,86,86,22.16693257765236,39.88212134658784,55.581127154734155
5.19,0.026,ANN (n_s=151),151,0,151,87,87,30.41011458500209,43.12523048025807,70.51583086361308
5.19,0.026,ANN (n_s=151),151,0,151,88,88,23.874587866448966,40.91087417172279,58.35755981706902
5.19,0.026,ANN (n_s=151),151,0,151,89,89,19.705263815199775,35.033651300551924,56.24667450774489
5.19,0.026,ANN (n_s=151),151,0,151,90,90,20.25999747933701,37.57573406596803,53.91776896166159
5.19,0.026,ANN (n_s=151),151,0,151,91,91,27.796787394985902,40.02217626132707,69.45346303380707
5.19,0.026,ANN (n_s=151),151,0,151,92,92,27.72636236695181,36.400349468250326,76.17059388711564
5.19,0.026,ANN (n_s=151),151,0,151,93,93,27.15676672010786,39.61678216010402,68.5486433763316
5.19,0.026,ANN (n_s=151),151,0,151,94,94,34.34544170813641,32.86986873753626,104.48913557392792
5.19,0.026,ANN (n_s=151),151,0,151,95,95,23.462989674408416,37.78910268080719,62.089300909293875
5.19,0.026,ANN (n_s=151),151,0,151,96,96,28.424387158503308,34.61836463174062,82.10782762523039
5.19,0.026,ANN (n_s=151),151,0,151,97,97,27.58749275164822,33.97336882914457,81.20328864172536
5.19,0.026,ANN (n_s=151),151,0,151,98,98,28.65009630285066,34.05115412605277,84.1384001164597
5.19,0.026,ANN (n_s=151),151,0,151,99,99,23.717581275811824,31.4957531138529,75.3040614398899
5.19,0.026,ANN (n_s=151),151,0,151,100,100,24.801423275050187,32.83098827707843,75.54272526229667
5.19,0.026,ANN (n_s=151),151,0,151,101,101,23.296882053769238,31.93922316859327,72.9412920620991
5.19,0.026,ANN (n_s=151),151,0,151,102,102,29.120655216512283,30.911988988449874,94.20505172731876
5.19,0.026,ANN (n_s=151),151,0,151,103,103,16.164999673816027,31.31431328855724,51.62176007136961
5.19,0.026,ANN (n_s=151),151,0,151,104,104,20.257193727472842,31.616100130540453,64.07239869507131
5.19,0.026,ANN (n_s=151),151,0,151,105,105,22.27289332619777,27.90008829288793,79.83090624080714
5.19,0.026,ANN (n_s=151),151,0,151,106,106,21.665150307301587,30.75964435601618,70.43368270629621
5.19,0.026,ANN (n_s=151),151,0,151,107,107,22.365820665197013,29.269936775112562,76.4122616220137
5.19,0.026,ANN (n_s=151),151,0,151,108,108,20.004396622309915,30.049837999625783,66.57073033990744
5.19,0.026,ANN (n_s=151),151,0,151,109,109,22.30675162679863,27.093609047254393,82.3321528995752
5.19,0.026,ANN (n_s=151),151,0,151,110,110,20.419022333858972,28.619446213578144,71.34667170523872
5.19,0.026,ANN (n_s=151),151,0,151,111,111,19.668003797359717,25.77014994436286,76.32087449945952
5.19,0.026,ANN (n_s=151),151,0,151,112,112,18.98603821482732,27.93131940118107,67.97401133161114
5.19,0.026,ANN (n_s=151),151,0,151,113,113,27.257439576685094,27.379097107829605,99.55565543061783
5.19,0.026,ANN (n_s=151),151,0,151,114,114,28.79079697442583,24.16613616632691,119.13694757105159
5.19,0.026,ANN (n_s=151),151,0,151,115,115,21.360734370126625,27.024757980473964,79.04135306432815
5.19,0.026,ANN (n_s=151),151,0,151,116,116,17.96555883558551,24.74561956757451,72.6009659468245
5.19,0.026,ANN (n_s=151),151,0,151,117,117,21.411832331545458,25.88731572483552,82.71167454802423
5.19,0.026,ANN (n_s=151),151,0,151,118,118,30.01100506312463,25.886067826177598,115.93497036570243
5.19,0.026,ANN (n_s=151),151,0,151,119,119,16.580924266331838,24.775193339978994,66.92550907191385
5.19,0.026,ANN (n_s=151),151,0,151,120,120,25.12763538939692,22.746101390014726,110.47007554634247
5.19,0.026,ANN (n_s=151),151,0,151,121,121,18.688238979648183,23.99330009939237,77.88940621853624
5.19,0.026,ANN (n_s=151),151,0,151,122,122,20.750943351400142,23.9344161940228,86.69918323130993
5.19,0.026,ANN (n_s=151),151,0,151,123,123,23.168301110618085,24.337634894317063,95.1953680430467
5.19,0.026,ANN (n_s=151),151,0,151,124,124,20.824605451772623,23.05752018956359,90.31589381931175
5.19,0.026,ANN (n_s=151),151,0,151,125,125,21.794936432018634,21.58864466951412,100.95555680156163
5.19,0.026,ANN (n_s=151),151,0,151,126,126,20.100547362430124,23.290961289575943,86.3019225034146
5.19,0.026,ANN (n_s=151),151,0,151,127,127,22.134431651186617,24.421714394648895,90.63422531890942
5.19,0.026,ANN (n_s=151),151,0,151,128,128,20.29192234608459,20.090073407786733,101.00471976483482
5.19,0.026,ANN (n_s=151),151,0,151,129,129,17.38625648580839,21.39963514821596,81.24557435390595
5.19,0.026,ANN (n_s=151),151,0,151,130,130,28.032177527397685,20.173166514307635,138.9577462096301
5.19,0.026,ANN (n_s=151),151,0,151,131,131,18.581908390198127,21.15340052755509,87.84359926430147
5.19,0.026,ANN (n_s=151),151,0,151,132,132,20.306305510398836,23.14843213943586,87.72216359225835
5.19,0.026,ANN (n_s=151),151,0,151,133,133,16.602993917114638,20.55393498248822,80.77769016619081
5.19,0.026,ANN (n_s=151),151,0,151,134,134,22.727148777586535,20.266205739644583,112.14308721404065
5.19,0.026,ANN (n_s=151),151,0,151,135,135,24.381359364579684,21.59584095667279,112.89840212055373
5.19,0.026,ANN (n_s=151),151,0,151,136,136,15.92901421113525,20.192611454874363,78.88535985913843
5.19,0.026,ANN (n_s=151),151,0,151,137,137,24.377379793133024,19.746662848945174,123.45063051722288
5.19,0.026,ANN (n_s=151),151,0,151,138,138,17.333850866269447,19.635987973610185,88.27592932713802
5.19,0.026,ANN (n_s=151),151,0,151,139,139,22.549549435325,21.06030116944417,107.0713531297527
5.19,0.026,ANN (n_s=151),151,0,151,140,140,17.443283593509808,19.993742328114976,87.24371509470369
5.19,0.026,ANN (n_s=151),151,0,151,141,141,23.2998577796332,22.578649379644993,103.19420523283551
5.19,0.026,ANN (n_s=151),151,0,151,142,142,21.316508217749206,21.1111639605217,100.97268088870658
5.19,0.026,ANN (n_s=151),151,0,151,143,143,17.041797819832865,19.91723980029029,85.56304985384816
5.19,0.026,ANN (n_s=151),151,0,151,144,144,17.384296127914872,21.75887628584279,79.8951926539782
5.19,0.026,ANN (n_s=151),151,0,151,145,145,18.01378358424871,20.30185140782979,88.72975780574059
5.19,0.026,ANN (n_s=151),151,0,151,146,146,21.908787450957085,23.071780710670645,94.95923927893577
5.19,0.026,ANN (n_s=151),151,0,151,147,147,18.891381968041692,21.01944852411673,89.87572602757207
5.19,0.026,ANN (n_s=151),151,0,151,148,148,19.450178028990933,20.95288542266516,92.82816011560527
5.19,0.026,ANN (n_s=151),151,0,151,149,149,21.926978698295642,21.78884472378581,100.6339664918491
5.19,0.026,ANN (n_s=151),151,0,151,150,150,16.896177153051383,20.79041216261041,81.26908221395226
5.19,0.026,ANN (n_s=151),151,0,151,151,151,19.774791099400964,19.739660609829738,100.17796906575856
5.19,0.026,GPR (n_s=151),151,0,151,1,1,7667.629678225583,7689.436776199696,99.7164018821039
5.19,0.026,GPR (n_s=151),151,0,151,2,2,3370.793783521639,3370.0194589266275,100.02297685827779
5.19,0.026,GPR (n_s=151),151,0,151,3,3,2542.4646461885714,2560.0744139590756,99.31213844119198
5.19,0.026,GPR (n_s=151),151,0,151,4,4,1818.6161016936571,1818.8074010377582,99.9894821549554
5.19,0.026,GPR (n_s=151),151,0,151,5,5,1447.873444342071,1465.718378675842,98.7825127532417
5.19,0.026,GPR (n_s=151),151,0,151,6,6,1274.312371406586,1267.477286677435,100.53926684138605
5.19,0.026,GPR (n_s=151),151,0,151,7,7,1275.0421346445155,1278.3677057054767,99.73985802002672
5.19,0.026,GPR (n_s=151),151,0,151,8,8,1122.1198641387693,1121.4831674558147,100.05677273644677
5.19,0.026,GPR (n_s=151),151,0,151,9,9,970.4491860270789,971.8112617455324,99.85984153795387
5.19,0.026,GPR (n_s=151),151,0,151,10,10,852.2140601368012,852.6095949523668,99.95360891809015
5.19,0.026,GPR (n_s=151),151,0,151,11,11,746.4601075667881,747.3363065771706,99.88275706630719
5.19,0.026,GPR (n_s=151),151,0,151,12,12,664.9077130645993,665.415248484981,99.92372651189807
5.19,0.026,GPR (n_s=151),151,0,151,13,13,593.8879677708669,594.6783676008321,99.86708784562755
5.19,0.026,GPR (n_s=151),151,0,151,14,14,538.453707997346,538.8958296683485,99.91795786000523
5.19,0.026,GPR (n_s=151),151,0,151,15,15,490.9638066945654,491.8108044120385,99.82777976614693
5.19,0.026,GPR (n_s=151),151,0,151,16,16,453.2677059109343,453.58077859002884,99.93097752509097
5.19,0.026,GPR (n_s=151),151,0,151,17,17,419.2010591388893,420.167598425307,99.76996339316976
5.19,0.026,GPR (n_s=151),151,0,151,18,18,392.1102377272544,392.31643581805645,99.94744087374977
5.19,0.026,GPR (n_s=151),151,0,151,19,19,364.4440527877363,365.55043303408667,99.69733854856432
5.19,0.026,GPR (n_s=151),151,0,151,20,20,343.41477802357196,343.5381376455975,99.96409143308775
5.19,0.026,GPR (n_s=151),151,0,151,21,21,320.2592970416072,321.4080617432044,99.64258373129576
5.19,0.026,GPR (n_s=151),151,0,151,22,22,303.4810242029241,303.53892341882516,99.98092527467354
5.19,0.026,GPR (n_s=151),151,0,151,23,23,284.77880929947185,285.73849425036923,99.66413872467022
5.19,0.026,GPR (n_s=151),151,0,151,24,24,270.49860161813314,270.516841811625,99.99325727989071
5.19,0.026,GPR (n_s=151),151,0,151,25,25,255.45828765394432,256.05593171223825,99.76659628453147
5.19,0.026,GPR (n_s=151),151,0,151,26,26,241.95405025265978,241.9483977189372,100.00233625590245
5.19,0.026,GPR (n_s=151),151,0,151,27,27,229.70818244434716,229.98422541891742,99.87997308334194
5.19,0.026,GPR (n_s=151),151,0,151,28,28,214.26866682130395,214.2335052809222,100.01641271767255
5.19,0.026,GPR (n_s=151),151,0,151,29,29,200.4648193269196,200.51781233085399,99.97357192195626
5.19,0.026,GPR (n_s=151),151,0,151,30,30,171.8810239311316,171.79774971117428,100.04847224139858
5.19,0.026,GPR (n_s=151),151,0,151,31,31,167.96870873496027,167.94716316568724,100.01282877832939
5.19,0.026,GPR (n_s=151),151,0,151,32,32,180.35049881086366,180.3554540022621,99.99725254141836
5.19,0.026,GPR (n_s=151),151,0,151,33,33,171.95524456627365,171.94730620018265,100.00461674350498
5.19,0.026,GPR (n_s=151),151,0,151,34,34,145.7402734695115,145.71103543943406,100.02006576234206
5.19,0.026,GPR (n_s=151),151,0,151,35,35,140.44487312605852,140.5225612870602,99.94471481284562
5.19,0.026,GPR (n_s=151),151,0,151,36,36,137.67736029352903,137.24629445639363,100.31408194942004
5.19,0.026,GPR (n_s=151),151,0,151,37,37,138.36797535399677,138.0435761513664,100.23499768093131
5.19,0.026,GPR (n_s=151),151,0,151,38,38,146.02275179344042,146.03732029286826,99.99002412575182
5.19,0.026,GPR (n_s=151),151,0,151,39,39,135.84086630718426,135.86676701639803,99.98093668541429
5.19,0.026,GPR (n_s=151),151,0,151,40,40,127.65140927602464,127.65158205097744,99.99986465114648
5.19,0.026,GPR (n_s=151),151,0,151,41,41,130.32690253994932,130.33665815961487,99.99251506076394
5.19,0.026,GPR (n_s=151),151,0,151,42,42,126.81203892110958,126.81211734919951,99.99993815410421
5.19,0.026,GPR (n_s=151),151,0,151,43,43,105.6586773340745,105.58040802709546,100.0741324157025
5.19,0.026,GPR (n_s=151),151,0,151,44,44,117.04534746407974,117.08055333388388,99.96993021573468
5.19,0.026,GPR (n_s=151),151,0,151,45,45,113.91507321634124,113.91509496190776,99.99998091072433
5.19,0.026,GPR (n_s=151),151,0,151,46,46,98.49588573603792,98.48459124167363,100.0114682857713
5.19,0.026,GPR (n_s=151),151,0,151,47,47,100.57098640007742,100.5931724258346,99.97794479961
5.19,0.026,GPR (n_s=151),151,0,151,48,48,103.02116529619371,103.02677121042784,99.99455877907435
5.19,0.026,GPR (n_s=151),151,0,151,49,49,93.99097830056556,93.9621387136268,100.03069277406155
5.19,0.026,GPR (n_s=151),151,0,151,50,50,83.77334293195898,83.79536033104449,99.97372479932238
5.19,0.026,GPR (n_s=151),151,0,151,51,51,91.49352050565695,91.49195826914851,100.00170751237376
5.19,0.026,GPR (n_s=151),151,0,151,52,52,76.12221825914284,76.11535390069764,100.00901836238475
5.19,0.026,GPR (n_s=151),151,0,151,53,53,82.88796812190316,82.90002953331698,99.98545065486499
5.19,0.026,GPR (n_s=151),151,0,151,54,54,81.39407407624303,81.39275244331242,100.0016237722536
5.19,0.026,GPR (n_s=151),151,0,151,55,55,66.88542398335865,66.8494548367059,100.05380619294594
5.19,0.026,GPR (n_s=151),151,0,151,56,56,82.54484323271389,82.54484207233762,100.0000014057526
5.19,0.026,GPR (n_s=151),151,0,151,57,57,65.49309781396076,65.50684518697635,99.979013837445
5.19,0.026,GPR (n_s=151),151,0,151,58,58,69.55153732670391,69.56064152246937,99.98691185767383
5.19,0.026,GPR (n_s=151),151,0,151,59,59,78.66627978337122,78.66341074074982,100.00364723903321
5.19,0.026,GPR (n_s=151),151,0,151,60,60,58.601881433254206,58.56090934675932,100.0699649082501
5.19,0.026,GPR (n_s=151),151,0,151,61,61,62.90782868463293,62.90667650560705,100.00183156874577
5.19,0.026,GPR (n_s=151),151,0,151,62,62,56.827859777321066,56.84411362806845,99.9714062728575
5.19,0.026,GPR (n_s=151),151,0,151,63,63,70.73531124771478,70.73750486299025,99.99689893603157
5.19,0.026,GPR (n_s=151),151,0,151,64,64,57.86309927784967,57.86106505657494,100.00351569967256
5.19,0.026,GPR (n_s=151),151,0,151,65,65,60.45889497135656,60.44565701195135,100.0219005964359
5.19,0.026,GPR (n_s=151),151,0,151,66,66,55.33493909949489,55.31269021185489,100.04022383933014
5.19,0.026,GPR (n_s=151),151,0,151,67,67,62.11577446641456,62.122795815747686,99.98869762823625
5.19,0.026,GPR (n_s=151),151,0,151,68,68,50.63673298098251,50.63743707445537,99.99860953967352
5.19,0.026,GPR (n_s=151),151,0,151,69,69,59.85442196748891,59.85497444450377,99.99907697393577
5.19,0.026,GPR (n_s=151),151,0,151,70,70,50.374539298860505,50.37005662221374,100.00889948701149
5.19,0.026,GPR (n_s=151),151,0,151,71,71,54.4927556003014,54.48639968161455,100.0116651471266
5.19,0.026,GPR (n_s=151),151,0,151,72,72,56.428088128294156,56.432029194128006,99.99301626064111
5.19,0.026,GPR (n_s=151),151,0,151,73,73,43.82653947626421,43.82352844561383,100.00687080834696
5.19,0.026,GPR (n_s=151),151,0,151,74,74,53.61730001399345,53.64230813745567,99.95337985196659
5.19,0.026,GPR (n_s=151),151,0,151,75,75,41.5579373418174,41.50393382422283,100.13011662418143
5.19,0.026,GPR (n_s=151),151,0,151,76,76,42.73668519080242,42.766952244328046,99.92922793901069
5.19,0.026,GPR (n_s=151),151,0,151,77,77,51.362744700134,51.37392338139412,99.97824055371996
5.19,0.026,GPR (n_s=151),151,0,151,78,78,44.39074433956196,44.38536358195794,100.01212281970854
5.19,0.026,GPR (n_s=151),151,0,151,79,79,44.30601115932156,44.25586856626322,100.11330156809207
5.19,0.026,GPR (n_s=151),151,0,151,80,80,45.95038205431053,45.951741545944,99.99704147963116
5.19,0.026,GPR (n_s=151),151,0,151,81,81,45.511950344844124,45.50764215381558,100.00946696164566
5.19,0.026,GPR (n_s=151),151,0,151,82,82,44.489967415522734,44.489196712142984,100.00173233826796
5.19,0.026,GPR (n_s=151),151,0,151,83,83,45.26779620905763,45.2666458421541,100.00254131244348
5.19,0.026,GPR (n_s=151),151,0,151,84,84,40.151577558323446,40.15083365131819,100.00185278097018
5.19,0.026,GPR (n_s=151),151,0,151,85,85,44.84307006703896,44.84274889102239,100.0007162273155
5.19,0.026,GPR (n_s=151),151,0,151,86,86,39.89942092284626,39.88212134658784,100.04337677052854
5.19,0.026,GPR (n_s=151),151,0,151,87,87,43.12449865440014,43.12523048025807,99.99830302157281
5.19,0.026,GPR (n_s=151),151,0,151,88,88,40.91725543612275,40.91087417172279,100.01559796638219
5.19,0.026,GPR (n_s=151),151,0,151,89,89,35.04197364952156,35.033651300551924,100.02375530000639
5.19,0.026,GPR (n_s=151),151,0,151,90,90,37.56429256511037,37.57573406596803,99.96955082544078
5.19,0.026,GPR (n_s=151),151,0,151,91,91,40.02089278689557,40.02217626132707,99.9967930918521
5.19,0.026,GPR (n_s=151),151,0,151,92,92,36.400544514608804,36.400349468250326,100.00053583649972
5.19,0.026,GPR (n_s=151),151,0,151,93,93,39.61729372931739,39.61678216010402,100.00129129420785
5.19,0.026,GPR (n_s=151),151,0,151,94,94,32.86447890804555,32.86986873753626,99.98360252201265
5.19,0.026,GPR (n_s=151),151,0,151,95,95,37.792020741499755,37.78910268080719,100.00772196343802
5.19,0.026,GPR (n_s=151),151,0,151,96,96,34.61889334350917,34.61836463174062,100.00152725807293
5.19,0.026,GPR (n_s=151),151,0,151,97,97,33.97570478166901,33.97336882914457,100.00687583423412
5.19,0.026,GPR (n_s=151),151,0,151,98,98,34.05351134207702,34.05115412605277,100.00692257306616
5.19,0.026,GPR (n_s=151),151,0,151,99,99,31.493133345276473,31.4957531138529,99.99168215293359
5.19,0.026,GPR (n_s=151),151,0,151,100,100,32.831669823603235,32.83098827707843,100.00207592448649
5.19,0.026,GPR (n_s=151),151,0,151,101,101,31.938878273490104,31.93922316859327,99.998920151873
5.19,0.026,GPR (n_s=151),151,0,151,102,102,30.91209904674183,30.911988988449874,100.00035603756199
5.19,0.026,GPR (n_s=151),151,0,151,103,103,31.31275026858867,31.31431328855724,99.99500860851022
5.19,0.026,GPR (n_s=151),151,0,151,104,104,31.615429655877392,31.616100130540453,99.99787932521629
5.19,0.026,GPR (n_s=151),151,0,151,105,105,27.900224744071778,27.90008829288793,100.00048907079582
5.19,0.026,GPR (n_s=151),151,0,151,106,106,30.758716834058323,30.75964435601618,99.99698461416808
5.19,0.026,GPR (n_s=151),151,0,151,107,107,29.270124290103038,29.269936775112562,100.00064064023067
5.19,0.026,GPR (n_s=151),151,0,151,108,108,30.047744718895462,30.049837999625783,99.99303396999895
5.19,0.026,GPR (n_s=151),151,0,151,109,109,27.087507231755843,27.093609047254393,99.9774787645016
5.19,0.026,GPR (n_s=151),151,0,151,110,110,28.618484070858756,28.619446213578144,99.99663815046523
5.19,0.026,GPR (n_s=151),151,0,151,111,111,25.7706119572023,25.77014994436286,100.00179282169657
5.19,0.026,GPR (n_s=151),151,0,151,112,112,27.930454890264777,27.93131940118107,99.99690486903295
5.19,0.026,GPR (n_s=151),151,0,151,113,113,27.37884772354884,27.379097107829605,99.99908914351785
5.19,0.026,GPR (n_s=151),151,0,151,114,114,24.16223986902859,24.16613616632691,99.98387703656263
5.19,0.026,GPR (n_s=151),151,0,151,115,115,27.02444874253539,27.024757980473964,99.99885572355987
5.19,0.026,GPR (n_s=151),151,0,151,116,116,24.74548236638251,24.74561956757451,99.99944555361961
5.19,0.026,GPR (n_s=151),151,0,151,117,117,25.887192959510532,25.88731572483552,99.99952577035683
5.19,0.026,GPR (n_s=151),151,0,151,118,118,25.883748660169015,25.886067826177598,99.99104087177645
5.19,0.026,GPR (n_s=151),151,0,151,119,119,24.77265243255426,24.775193339978994,99.98974414693816
5.19,0.026,GPR (n_s=151),151,0,151,120,120,22.741711677997085,22.746101390014726,99.98070125538275
5.19,0.026,GPR (n_s=151),151,0,151,121,121,23.99350235160417,23.99330009939237,100.00084295287002
5.19,0.026,GPR (n_s=151),151,0,151,122,122,23.93435807395556,23.9344161940228,99.99975716948026
5.19,0.026,GPR (n_s=151),151,0,151,123,123,24.335858328351353,24.337634894317063,99.99270033438573
5.19,0.026,GPR (n_s=151),151,0,151,124,124,23.056919239914112,23.05752018956359,99.99739369349116
5.19,0.026,GPR (n_s=151),151,0,151,125,125,21.58831910670123,21.58864466951412,99.99849197197011
5.19,0.026,GPR (n_s=151),151,0,151,126,126,23.290333336554088,23.290961289575943,99.99730387675268
5.19,0.026,GPR (n_s=151),151,0,151,127,127,24.420082958949894,24.421714394648895,99.99331973311685
5.19,0.026,GPR (n_s=151),151,0,151,128,128,20.089886217016335,20.090073407786733,99.99906824247678
5.19,0.026,GPR (n_s=151),151,0,151,129,129,21.39953286009955,21.39963514821596,99.9995220099983
5.19,0.026,GPR (n_s=151),151,0,151,130,130,20.17314508229733,20.173166514307635,99.99989375981065
5.19,0.026,GPR (n_s=151),151,0,151,131,131,21.15301917353468,21.15340052755509,99.9981971975621
5.19,0.026,GPR (n_s=151),151,0,151,132,132,23.145943070482776,23.14843213943586,99.98924735404069
5.19,0.026,GPR (n_s=151),151,0,151,133,133,20.553843990019974,20.55393498248822,99.9995572990363
5.19,0.026,GPR (n_s=151),151,0,151,134,134,20.26630527956562,20.266205739644583,100.00049116209674
5.19,0.026,GPR (n_s=151),151,0,151,135,135,21.59625744486902,21.59584095667279,100.00192855743411
5.19,0.026,GPR (n_s=151),151,0,151,136,136,20.192287846792812,20.192611454874363,99.99839739360966
5.19,0.026,GPR (n_s=151),151,0,151,137,137,19.748238606909915,19.746662848945174,100.00797986969644
5.19,0.026,GPR (n_s=151),151,0,151,138,138,19.635510249747778,19.635987973610185,99.99756710045327
5.19,0.026,GPR (n_s=151),151,0,151,139,139,21.0589986506516,21.06030116944417,99.99381528885986
5.19,0.026,GPR (n_s=151),151,0,151,140,140,19.99376772319671,19.993742328114976,100.00012701514963
5.19,0.026,GPR (n_s=151),151,0,151,141,141,22.579963449841095,22.578649379644993,100.00581996812123
5.19,0.026,GPR (n_s=151),151,0,151,142,142,21.114678560220003,21.1111639605217,100.01664806215743
5.19,0.026,GPR (n_s=151),151,0,151,143,143,19.91731592498981,19.91723980029029,100.00038220506599
5.19,0.026,GPR (n_s=151),151,0,151,144,144,21.75826821922519,21.75887628584279,99.99720543189083
5.19,0.026,GPR (n_s=151),151,0,151,145,145,20.301852889430407,20.30185140782979,100.00000729785963
5.19,0.026,GPR (n_s=151),151,0,151,146,146,23.076292117522556,23.071780710670645,100.01955378697677
5.19,0.026,GPR (n_s=151),151,0,151,147,147,21.01863920462206,21.01944852411673,99.9961496635188
5.19,0.026,GPR (n_s=151),151,0,151,148,148,20.95258794868244,20.95288542266516,99.99858027199251
5.19,0.026,GPR (n_s=151),151,0,151,149,149,21.791900776927843,21.78884472378581,100.01402576952
5.19,0.026,GPR (n_s=151),151,0,151,150,150,20.789909852722122,20.79041216261041,99.99758393491982
5.19,0.026,GPR (n_s=151),151,0,151,151,151,19.744226159256517,19.739660609829738,100.02312881420315
